# IT HEARS YOU - external SONAR creature model
# generated from reference proportions
s 1
o skin_torso_long_wet
g skin_torso_long_wet
v 0.00000 0.41950 0.00000
v 0.00000 0.40413 0.00000
v 0.00000 0.39860 0.00000
v 0.00000 0.40601 0.00000
v 0.00000 0.41968 0.00000
v 0.00000 0.42803 0.00000
v 0.00000 0.42285 0.00000
v 0.00000 0.40535 0.00000
v 0.00000 0.38534 0.00000
v 0.00000 0.37438 0.00000
v -0.00000 0.37762 0.00000
v -0.00000 0.39025 0.00000
v -0.00000 0.40103 0.00000
v -0.00000 0.40045 0.00000
v -0.00000 0.38756 0.00000
v -0.00000 0.37075 0.00000
v -0.00000 0.36176 0.00000
v -0.00000 0.36732 0.00000
v -0.00000 0.38434 0.00000
v -0.00000 0.40204 -0.00000
v -0.00000 0.40964 -0.00000
v -0.00000 0.40394 -0.00000
v -0.00000 0.39153 -0.00000
v -0.00000 0.38396 -0.00000
v -0.00000 0.38939 -0.00000
v -0.00000 0.40660 -0.00000
v -0.00000 0.42579 -0.00000
v -0.00000 0.43545 -0.00000
v 0.00000 0.43047 -0.00000
v 0.00000 0.41575 -0.00000
v 0.00000 0.40261 -0.00000
v 0.00000 0.40068 -0.00000
v 0.00000 0.41100 -0.00000
v 0.00000 0.42531 -0.00000
v 0.00000 0.43197 -0.00000
v 0.00000 0.42435 -0.00000
v 0.00000 0.40565 -0.00000
v 0.03159 0.40094 0.00000
v 0.03155 0.39010 0.00405
v 0.02999 0.39297 0.00794
v 0.02722 0.40481 0.01143
v 0.02378 0.41451 0.01451
v 0.02000 0.41271 0.01734
v 0.01585 0.39854 0.01996
v 0.01109 0.38038 0.02216
v 0.00570 0.36992 0.02353
v 0.00000 0.37389 0.02377
v -0.00557 0.38924 0.02297
v -0.01074 0.40540 0.02147
v -0.01558 0.41174 0.01962
v -0.02020 0.40517 0.01751
v -0.02447 0.39227 0.01493
v -0.02794 0.38451 0.01173
v -0.03011 0.38995 0.00797
v -0.03086 0.40737 0.00396
v -0.03053 0.42704 0.00000
v -0.02965 0.43754 -0.00380
v -0.02844 0.43379 -0.00753
v -0.02667 0.42061 -0.01120
v -0.02395 0.40914 -0.01461
v -0.02010 0.40884 -0.01742
v -0.01540 0.42066 -0.01939
v -0.01031 0.43631 -0.02061
v -0.00518 0.44423 -0.02137
v -0.00000 0.43781 -0.02189
v 0.00535 0.42017 -0.02207
v 0.01079 0.40202 -0.02156
v 0.01594 0.39406 -0.02007
v 0.02035 0.39945 -0.01763
v 0.02387 0.41167 -0.01457
v 0.02672 0.41927 -0.01122
v 0.02918 0.41420 -0.00772
v 0.03124 0.39766 -0.00401
v 0.03247 0.37936 -0.00000
v 0.06481 0.39742 0.00000
v 0.06363 0.39980 0.00816
v 0.05968 0.41317 0.01580
v 0.05399 0.42730 0.02267
v 0.04746 0.43197 0.02896
v 0.04023 0.42428 0.03487
v 0.03186 0.41069 0.04013
v 0.02203 0.40234 0.04401
v 0.01112 0.40709 0.04585
v 0.00000 0.42375 0.04555
v -0.01060 0.44289 0.04372
v -0.02058 0.45343 0.04112
v -0.03021 0.45047 0.03805
v -0.03946 0.43866 0.03421
v -0.04766 0.42875 0.02909
v -0.05380 0.42986 0.02259
v -0.05737 0.44282 0.01519
v -0.05876 0.45953 0.00754
v -0.05891 0.46870 0.00000
v -0.05841 0.46388 -0.00749
v -0.05696 0.44806 -0.01508
v -0.05368 0.43156 -0.02254
v -0.04792 0.42471 -0.02924
v -0.03990 0.43050 -0.03458
v -0.03054 0.44257 -0.03847
v -0.02068 0.44983 -0.04133
v -0.01058 0.44448 -0.04363
v -0.00000 0.42772 -0.04531
v 0.01109 0.40901 -0.04573
v 0.02211 0.39938 -0.04418
v 0.03215 0.40371 -0.04049
v 0.04060 0.41730 -0.03519
v 0.04763 0.42929 -0.02906
v 0.05376 0.43050 -0.02257
v 0.05915 0.41998 -0.01566
v 0.06315 0.40572 -0.00810
v 0.06469 0.39892 -0.00000
v 0.09509 0.44177 0.00000
v 0.09174 0.45682 0.01176
v 0.08540 0.47446 0.02261
v 0.07761 0.48424 0.03259
v 0.06892 0.48151 0.04206
v 0.05873 0.47071 0.05090
v 0.04624 0.46204 0.05825
v 0.03154 0.46406 0.06302
v 0.01571 0.47752 0.06481
v 0.00000 0.49468 0.06420
v -0.01510 0.50477 0.06229
v -0.02989 0.50163 0.05972
v -0.04456 0.48805 0.05614
v -0.05847 0.47377 0.05068
v -0.07021 0.46850 0.04284
v -0.07864 0.47501 0.03302
v -0.08385 0.48722 0.02220
v -0.08695 0.49456 0.01115
v -0.08892 0.48964 0.00000
v -0.08961 0.47362 -0.01149
v -0.08770 0.45546 -0.02321
v -0.08192 0.44565 -0.03440
v -0.07215 0.44883 -0.04403
v -0.05957 0.46056 -0.05163
v -0.04569 0.47059 -0.05755
v -0.03127 0.47028 -0.06248
v -0.01613 0.45883 -0.06653
v -0.00000 0.44388 -0.06896
v 0.01664 0.43611 -0.06863
v 0.03253 0.44158 -0.06500
v 0.04654 0.45738 -0.05863
v 0.05848 0.47369 -0.05069
v 0.06900 0.48071 -0.04211
v 0.07858 0.47557 -0.03300
v 0.08663 0.46433 -0.02293
v 0.09165 0.45748 -0.01175
v 0.09243 0.46241 -0.00000
v 0.11870 0.52514 0.00000
v 0.11391 0.54191 0.01461
v 0.10692 0.55231 0.02830
v 0.09880 0.55061 0.04149
v 0.08896 0.53936 0.05429
v 0.07602 0.52751 0.06589
v 0.05946 0.52398 0.07490
v 0.04022 0.53126 0.08036
v 0.02003 0.54364 0.08262
v 0.00000 0.55131 0.08288
v -0.01991 0.54741 0.08213
v -0.04011 0.53299 0.08015
v -0.06015 0.51633 0.07577
v -0.07840 0.50714 0.06795
v -0.09308 0.50968 0.05680
v -0.10363 0.51985 0.04351
v -0.11102 0.52820 0.02939
v -0.11660 0.52680 0.01495
v -0.12055 0.51495 0.00000
v -0.12142 0.49981 -0.01557
v -0.11731 0.49130 -0.03105
v -0.10752 0.49506 -0.04515
v -0.09325 0.50846 -0.05690
v -0.07661 0.52245 -0.06640
v -0.05909 0.52802 -0.07443
v -0.04076 0.52259 -0.08144
v -0.02103 0.51179 -0.08675
v -0.00000 0.50535 -0.08894
v 0.02109 0.51009 -0.08697
v 0.04061 0.52492 -0.08115
v 0.05787 0.54153 -0.07289
v 0.07338 0.55022 -0.06360
v 0.08793 0.54676 -0.05366
v 0.10121 0.53528 -0.04250
v 0.11152 0.52529 -0.02952
v 0.11696 0.52481 -0.01500
v 0.11699 0.53458 -0.00000
v 0.13924 0.61027 0.00000
v 0.13521 0.61824 0.01734
v 0.12960 0.61567 0.03431
v 0.12202 0.60349 0.05124
v 0.11063 0.58911 0.06751
v 0.09407 0.58122 0.08153
v 0.07288 0.58361 0.09180
v 0.04910 0.59259 0.09811
v 0.02463 0.59967 0.10158
v 0.00000 0.59775 0.10349
v -0.02520 0.58625 0.10393
v -0.05085 0.57165 0.10161
v -0.07541 0.56290 0.09499
v -0.09660 0.56511 0.08372
v -0.11309 0.57594 0.06901
v -0.12544 0.58732 0.05267
v -0.13522 0.59122 0.03579
v -0.14312 0.58537 0.01835
v -0.14789 0.57488 0.00000
v -0.14717 0.56855 -0.01887
v -0.13952 0.57250 -0.03693
v -0.12578 0.58575 -0.05281
v -0.10843 0.60084 -0.06617
v -0.08969 0.60905 -0.07774
v -0.07007 0.60656 -0.08827
v -0.04872 0.59709 -0.09736
v -0.02508 0.58914 -0.10343
v -0.00000 0.58985 -0.10490
v 0.02462 0.59984 -0.10155
v 0.04742 0.61272 -0.09475
v 0.06848 0.61960 -0.08626
v 0.08869 0.61546 -0.07687
v 0.10808 0.60271 -0.06596
v 0.12498 0.58951 -0.05248
v 0.13688 0.58399 -0.03623
v 0.14237 0.58847 -0.01826
v 0.14226 0.59790 -0.00000
v 0.16205 0.68216 0.00000
v 0.16018 0.68030 0.02054
v 0.15601 0.66995 0.04130
v 0.14751 0.65672 0.06194
v 0.13255 0.64841 0.08089
v 0.11101 0.64946 0.09621
v 0.08498 0.65787 0.10704
v 0.05715 0.66669 0.11419
v 0.02888 0.66900 0.11913
v 0.00000 0.66290 0.12241
v -0.02979 0.65288 0.12289
v -0.05938 0.64660 0.11866
v -0.08636 0.64938 0.10878
v -0.10871 0.66041 0.09423
v -0.12637 0.67321 0.07712
v -0.14087 0.68027 0.05915
v -0.15347 0.67827 0.04062
v -0.16334 0.67045 0.02095
v -0.16791 0.66415 0.00000
v -0.16492 0.66554 -0.02115
v -0.15444 0.67510 -0.04088
v -0.13891 0.68724 -0.05833
v -0.12113 0.69423 -0.07392
v -0.10217 0.69166 -0.08856
v -0.08111 0.68162 -0.10218
v -0.05665 0.67112 -0.11320
v -0.02899 0.66716 -0.11956
v -0.00000 0.67171 -0.12033
v 0.02824 0.68034 -0.11649
v 0.05506 0.68547 -0.11001
v 0.08108 0.68180 -0.10214
v 0.10666 0.67021 -0.09245
v 0.13036 0.65719 -0.07955
v 0.14933 0.65027 -0.06270
v 0.16127 0.65275 -0.04269
v 0.16625 0.66138 -0.02132
v 0.16641 0.66877 -0.00000
v 0.18474 0.75907 0.00000
v 0.18449 0.75316 0.02366
v 0.17980 0.74402 0.04759
v 0.16799 0.73802 0.07054
v 0.14807 0.73958 0.09036
v 0.12186 0.74803 0.10562
v 0.09259 0.75808 0.11663
v 0.06252 0.76352 0.12492
v 0.03188 0.76166 0.13150
v 0.00000 0.75518 0.13559
v -0.03276 0.75016 0.13511
v -0.06430 0.75167 0.12847
v -0.09215 0.76007 0.11608
v -0.11546 0.77073 0.10007
v -0.13541 0.77722 0.08264
v -0.15359 0.77591 0.06449
v -0.16972 0.76847 0.04493
v -0.18124 0.76068 0.02324
v -0.18510 0.75825 0.00000
v -0.18033 0.76277 -0.02313
v -0.16886 0.77055 -0.04470
v -0.15382 0.77529 -0.06459
v -0.13697 0.77261 -0.08358
v -0.11758 0.76322 -0.10191
v -0.09382 0.75248 -0.11818
v -0.06505 0.74661 -0.12999
v -0.03290 0.74832 -0.13569
v -0.00000 0.75494 -0.13567
v 0.03198 0.76040 -0.13190
v 0.06311 0.75959 -0.12610
v 0.09390 0.75211 -0.11828
v 0.12340 0.74258 -0.10695
v 0.14882 0.73735 -0.09082
v 0.16723 0.74002 -0.07022
v 0.17781 0.74885 -0.04707
v 0.18239 0.75800 -0.02339
v 0.18359 0.76169 -0.00000
v 0.20024 0.85579 0.00000
v 0.20039 0.85054 0.02570
v 0.19352 0.84655 0.05123
v 0.17772 0.84773 0.07462
v 0.15408 0.85434 0.09403
v 0.12592 0.86280 0.10914
v 0.09629 0.86818 0.12130
v 0.06598 0.86766 0.13183
v 0.03405 0.86252 0.14044
v 0.00000 0.85717 0.14500
v -0.03475 0.85598 0.14333
v -0.06757 0.86013 0.13501
v -0.09674 0.86674 0.12186
v -0.12269 0.87094 0.10634
v -0.14697 0.86935 0.08969
v -0.16981 0.86252 0.07130
v -0.18889 0.85453 0.05000
v -0.20062 0.85016 0.02573
v -0.20290 0.85147 0.00000
v -0.19681 0.85642 -0.02524
v -0.18553 0.86032 -0.04911
v -0.17154 0.85928 -0.07203
v -0.15470 0.85303 -0.09440
v -0.13294 0.84512 -0.11523
v -0.10485 0.84048 -0.13207
v -0.07142 0.84187 -0.14272
v -0.03561 0.84800 -0.14686
v -0.00000 0.85440 -0.14625
v 0.03468 0.85665 -0.14303
v 0.06896 0.85354 -0.13779
v 0.10256 0.84789 -0.12919
v 0.13318 0.84453 -0.11543
v 0.15764 0.84681 -0.09620
v 0.17429 0.85415 -0.07318
v 0.18431 0.86243 -0.04879
v 0.19045 0.86688 -0.02442
v 0.19429 0.86541 -0.00000
v 0.20832 0.96313 0.00000
v 0.20826 0.95985 0.02671
v 0.19908 0.95945 0.05270
v 0.18076 0.96270 0.07590
v 0.15627 0.96764 0.09536
v 0.12909 0.97093 0.11189
v 0.10073 0.97027 0.12689
v 0.07030 0.96601 0.14048
v 0.03654 0.96092 0.15073
v 0.00000 0.95821 0.15494
v -0.03682 0.95928 0.15185
v -0.07139 0.96271 0.14265
v -0.10310 0.96533 0.12988
v -0.13306 0.96451 0.11532
v -0.16184 0.96006 0.09877
v -0.18766 0.95441 0.07880
v -0.20678 0.95092 0.05474
v -0.21618 0.95148 0.02772
v -0.21594 0.95520 0.00000
v -0.20898 0.95908 -0.02680
v -0.19844 0.96016 -0.05253
v -0.18500 0.95762 -0.07768
v -0.16674 0.95341 -0.10175
v -0.14151 0.95081 -0.12265
v -0.10945 0.95212 -0.13787
v -0.07328 0.95694 -0.14643
v -0.03628 0.96248 -0.14965
v -0.00000 0.96551 -0.14984
v 0.03592 0.96463 -0.14817
v 0.07187 0.96123 -0.14362
v 0.10639 0.95849 -0.13401
v 0.13642 0.95905 -0.11824
v 0.15960 0.96310 -0.09740
v 0.17617 0.96823 -0.07397
v 0.18855 0.97111 -0.04991
v 0.19877 0.96988 -0.02549
v 0.20610 0.96544 -0.00000
v 0.21611 1.06983 0.00000
v 0.21510 1.06866 0.02758
v 0.20395 1.06936 0.05399
v 0.18481 1.07122 0.07760
v 0.16137 1.07262 0.09848
v 0.13589 1.07223 0.11778
v 0.10793 1.06996 0.13595
v 0.07578 1.06705 0.15142
v 0.03911 1.06519 0.16132
v 0.00000 1.06532 0.16361
v -0.03848 1.06703 0.15873
v -0.07462 1.06878 0.14911
v -0.10878 1.06910 0.13703
v -0.14175 1.06758 0.12286
v -0.17247 1.06523 0.10525
v -0.19756 1.06371 0.08295
v -0.21349 1.06419 0.05651
v -0.21934 1.06647 0.02813
v -0.21746 1.06915 0.00000
v -0.21136 1.07060 -0.02710
v -0.20256 1.07011 -0.05362
v -0.18957 1.06841 -0.07960
v -0.16966 1.06710 -0.10354
v -0.14187 1.06749 -0.12296
v -0.10820 1.06969 -0.13629
v -0.07215 1.07246 -0.14417
v -0.03607 1.07412 -0.14876
v -0.00000 1.07371 -0.15164
v 0.03689 1.07170 -0.15217
v 0.07407 1.06960 -0.14801
v 0.10895 1.06892 -0.13725
v 0.13862 1.07007 -0.12014
v 0.16219 1.07207 -0.09897
v 0.18132 1.07327 -0.07613
v 0.19812 1.07252 -0.05244
v 0.21246 1.07003 -0.02725
v 0.22129 1.06719 -0.00000
v 0.22543 1.18000 0.00000
v 0.22186 1.18000 0.02845
v 0.20873 1.18000 0.05525
v 0.18962 1.18000 0.07962
v 0.16753 1.18000 0.10224
v 0.14278 1.18000 0.12375
v 0.11361 1.18000 0.14311
v 0.07890 1.18000 0.15765
v 0.03997 1.18000 0.16486
v 0.00000 1.18000 0.16441
v -0.03840 1.18000 0.15838
v -0.07475 1.18000 0.14937
v -0.10988 1.18000 0.13841
v -0.14351 1.18000 0.12439
v -0.17306 1.18000 0.10561
v -0.19493 1.18000 0.08185
v -0.20728 1.18000 0.05487
v -0.21160 1.18000 0.02714
v -0.21129 1.18000 0.00000
v -0.20852 1.18000 -0.02674
v -0.20233 1.18000 -0.05356
v -0.18969 1.18000 -0.07965
v -0.16847 1.18000 -0.10281
v -0.13961 1.18000 -0.12100
v -0.10640 1.18000 -0.13403
v -0.07185 1.18000 -0.14356
v -0.03669 1.18000 -0.15131
v -0.00000 1.18000 -0.15708
v 0.03846 1.18000 -0.15862
v 0.07676 1.18000 -0.15339
v 0.11177 1.18000 -0.14079
v 0.14152 1.18000 -0.12266
v 0.16662 1.18000 -0.10168
v 0.18895 1.18000 -0.07934
v 0.20897 1.18000 -0.05532
v 0.22420 1.18000 -0.02875
v 0.23070 1.18000 -0.00000
v 0.22764 1.29604 0.00000
v 0.22061 1.29419 0.02829
v 0.20632 1.29192 0.05461
v 0.18831 1.29084 0.07907
v 0.16775 1.29163 0.10237
v 0.14318 1.29355 0.12410
v 0.11280 1.29500 0.14209
v 0.07692 1.29464 0.15369
v 0.03828 1.29238 0.15790
v 0.00000 1.28947 0.15618
v -0.03665 1.28759 0.15117
v -0.07226 1.28770 0.14439
v -0.10726 1.28936 0.13512
v -0.14002 1.29104 0.12136
v -0.16722 1.29127 0.10205
v -0.18632 1.28967 0.07823
v -0.19767 1.28723 0.05232
v -0.20407 1.28563 0.02617
v -0.20800 1.28603 0.00000
v -0.20911 1.28824 -0.02682
v -0.20434 1.29085 -0.05409
v -0.19068 1.29224 -0.08007
v -0.16788 1.29172 -0.10245
v -0.13870 1.29000 -0.12022
v -0.10661 1.28869 -0.13429
v -0.07321 1.28911 -0.14628
v -0.03793 1.29135 -0.15645
v -0.00000 1.29417 -0.16289
v 0.03948 1.29589 -0.16283
v 0.07753 1.29555 -0.15492
v 0.11144 1.29362 -0.14038
v 0.14074 1.29161 -0.12198
v 0.16685 1.29103 -0.10182
v 0.19073 1.29227 -0.08009
v 0.21079 1.29435 -0.05580
v 0.22334 1.29560 -0.02864
v 0.22539 1.29490 -0.00000
v 0.21563 1.40447 0.00000
v 0.20701 1.39883 0.02655
v 0.19420 1.39515 0.05141
v 0.17911 1.39531 0.07521
v 0.16073 1.39843 0.09808
v 0.13677 1.40151 0.11855
v 0.10645 1.40165 0.13410
v 0.07165 1.39808 0.14317
v 0.03550 1.39283 0.14642
v 0.00000 1.38922 0.14616
v -0.03496 1.38957 0.14418
v -0.07015 1.39351 0.14016
v -0.10484 1.39828 0.13206
v -0.13625 1.40067 0.11810
v -0.16140 1.39934 0.09850
v -0.17947 1.39574 0.07536
v -0.19229 1.39303 0.05090
v -0.20230 1.39385 0.02594
v -0.20976 1.39837 0.00000
v -0.21201 1.40412 -0.02719
v -0.20558 1.40776 -0.05442
v -0.18917 1.40740 -0.07943
v -0.16479 1.40395 -0.10056
v -0.13608 1.40040 -0.11795
v -0.10552 1.39970 -0.13292
v -0.07314 1.40261 -0.14614
v -0.03789 1.40716 -0.15629
v -0.00000 1.41005 -0.16071
v 0.03820 1.40899 -0.15754
v 0.07372 1.40438 -0.14730
v 0.10519 1.39901 -0.13250
v 0.13344 1.39611 -0.11566
v 0.15972 1.39706 -0.09747
v 0.18337 1.40042 -0.07699
v 0.20131 1.40303 -0.05329
v 0.21025 1.40225 -0.02696
v 0.20935 1.39794 -0.00000
v 0.19501 1.49575 0.00000
v 0.18847 1.48988 0.02417
v 0.17978 1.48978 0.04759
v 0.16845 1.49493 0.07073
v 0.15201 1.50129 0.09276
v 0.12869 1.50417 0.11154
v 0.09932 1.50162 0.12511
v 0.06670 1.49578 0.13329
v 0.03340 1.49140 0.13774
v 0.00000 1.49234 0.14029
v -0.03420 1.49885 0.14104
v -0.06914 1.50731 0.13815
v -0.10276 1.51278 0.12945
v -0.13200 1.51250 0.11441
v -0.15508 1.50778 0.09464
v -0.17278 1.50304 0.07255
v -0.18722 1.50259 0.04956
v -0.19921 1.50753 0.02555
v -0.20684 1.51490 0.00000
v -0.20668 1.51981 -0.02650
v -0.19666 1.51887 -0.05206
v -0.17792 1.51265 -0.07471
v -0.15388 1.50524 -0.09390
v -0.12759 1.50138 -0.11058
v -0.09977 1.50307 -0.12567
v -0.06932 1.50818 -0.13852
v -0.03561 1.51203 -0.14687
v -0.00000 1.51075 -0.14856
v 0.03476 1.50412 -0.14337
v 0.06670 1.49576 -0.13328
v 0.09592 1.49061 -0.12082
v 0.12363 1.49141 -0.10715
v 0.14990 1.49684 -0.09148
v 0.17246 1.50244 -0.07242
v 0.18796 1.50386 -0.04975
v 0.19461 1.49997 -0.02496
v 0.19372 1.49366 -0.00000
v 0.17680 1.58284 0.00000
v 0.17437 1.58343 0.02236
v 0.16967 1.59140 0.04491
v 0.16042 1.60206 0.06736
v 0.14423 1.60899 0.08802
v 0.12091 1.60861 0.10480
v 0.09274 1.60264 0.11683
v 0.06257 1.59683 0.12502
v 0.03176 1.59677 0.13101
v 0.00000 1.60385 0.13529
v -0.03309 1.61420 0.13649
v -0.06626 1.62140 0.13239
v -0.09678 1.62102 0.12191
v -0.12237 1.61378 0.10606
v -0.14288 1.60497 0.08719
v -0.15991 1.60071 0.06714
v -0.17468 1.60357 0.04624
v -0.18616 1.61072 0.02387
v -0.19138 1.61607 0.00000
v -0.18782 1.61456 -0.02409
v -0.17565 1.60591 -0.04650
v -0.15768 1.59485 -0.06621
v -0.13710 1.58779 -0.08367
v -0.11520 1.58834 -0.09984
v -0.09102 1.59476 -0.11465
v -0.06324 1.60129 -0.12636
v -0.03218 1.60230 -0.13274
v -0.00000 1.59635 -0.13289
v 0.03104 1.58728 -0.12802
v 0.06026 1.58144 -0.12041
v 0.08848 1.58321 -0.11146
v 0.11617 1.59180 -0.10069
v 0.14183 1.60186 -0.08655
v 0.16238 1.60722 -0.06818
v 0.17539 1.60528 -0.04643
v 0.18100 1.59878 -0.02321
v 0.18163 1.59384 -0.00000
v 0.16279 1.68010 0.00000
v 0.16321 1.68915 0.02093
v 0.15977 1.70233 0.04229
v 0.14992 1.71183 0.06295
v 0.13272 1.71228 0.08100
v 0.10974 1.70450 0.09512
v 0.08380 1.69488 0.10556
v 0.05687 1.69079 0.11363
v 0.02912 1.69525 0.12012
v 0.00000 1.70481 0.12424
v -0.03007 1.71203 0.12403
v -0.05909 1.71077 0.11807
v -0.08474 1.70068 0.10675
v -0.10618 1.68747 0.09203
v -0.12440 1.67891 0.07592
v -0.14076 1.67934 0.05910
v -0.15497 1.68666 0.04102
v -0.16474 1.69391 0.02113
v -0.16741 1.69430 0.00000
v -0.16225 1.68616 -0.02081
v -0.15115 1.67416 -0.04001
v -0.13702 1.66606 -0.05753
v -0.12148 1.66717 -0.07413
v -0.10391 1.67661 -0.09006
v -0.08266 1.68791 -0.10413
v -0.05718 1.69363 -0.11426
v -0.02886 1.69067 -0.11905
v -0.00000 1.68241 -0.11894
v 0.02805 1.67626 -0.11569
v 0.05547 1.67828 -0.11085
v 0.08281 1.68881 -0.10431
v 0.10924 1.70212 -0.09468
v 0.13226 1.71042 -0.08071
v 0.14923 1.70939 -0.06266
v 0.15941 1.70115 -0.04220
v 0.16436 1.69271 -0.02108
v 0.16630 1.69091 -0.00000
v 0.14541 1.77496 0.00000
v 0.14615 1.78721 0.01874
v 0.14162 1.79665 0.03749
v 0.13042 1.79619 0.05476
v 0.11334 1.78538 0.06917
v 0.09281 1.77079 0.08044
v 0.07104 1.76136 0.08949
v 0.04865 1.76206 0.09722
v 0.02506 1.77045 0.10335
v 0.00000 1.77848 0.10638
v -0.02539 1.77836 0.10474
v -0.04916 1.76817 0.09824
v -0.07007 1.75337 0.08826
v -0.08844 1.74295 0.07665
v -0.10542 1.74309 0.06433
v -0.12123 1.75278 0.05090
v -0.13426 1.76462 0.03554
v -0.14202 1.77007 0.01821
v -0.14313 1.76563 0.00000
v -0.13845 1.75525 -0.01776
v -0.13034 1.74751 -0.03450
v -0.12053 1.74946 -0.05061
v -0.10886 1.76145 -0.06643
v -0.09377 1.77688 -0.08127
v -0.07415 1.78678 -0.09340
v -0.05067 1.78614 -0.10124
v -0.02535 1.77740 -0.10457
v -0.00000 1.76862 -0.10462
v 0.02494 1.76765 -0.10287
v 0.04986 1.77644 -0.09962
v 0.07449 1.78958 -0.09383
v 0.09711 1.79817 -0.08417
v 0.11535 1.79611 -0.07039
v 0.12794 1.78449 -0.05372
v 0.13568 1.77080 -0.03592
v 0.14047 1.76364 -0.01801
v 0.14337 1.76661 -0.00000
v 0.12028 1.84354 0.00000
v 0.12007 1.85265 0.01540
v 0.11453 1.85237 0.03032
v 0.10370 1.84061 0.04354
v 0.08935 1.82349 0.05453
v 0.07352 1.81103 0.06373
v 0.05711 1.81013 0.07194
v 0.03966 1.81971 0.07925
v 0.02051 1.83156 0.08459
v 0.00000 1.83627 0.08651
v -0.02046 1.82997 0.08438
v -0.03950 1.81717 0.07893
v -0.05687 1.80747 0.07164
v -0.07326 1.80874 0.06349
v -0.08907 1.82142 0.05435
v -0.10332 1.83816 0.04338
v -0.11395 1.84900 0.03016
v -0.11931 1.84838 0.01530
v -0.11946 1.83905 0.00000
v -0.11602 1.82995 -0.01488
v -0.11068 1.82979 -0.02930
v -0.10371 1.84067 -0.04355
v -0.09394 1.85653 -0.05733
v -0.08009 1.86739 -0.06942
v -0.06221 1.86642 -0.07837
v -0.04183 1.85479 -0.08359
v -0.02080 1.84079 -0.08579
v -0.00000 1.83394 -0.08621
v 0.02072 1.83818 -0.08545
v 0.04148 1.84912 -0.08289
v 0.06138 1.85721 -0.07732
v 0.07861 1.85468 -0.06813
v 0.09180 1.84113 -0.05602
v 0.10109 1.82395 -0.04245
v 0.10784 1.81312 -0.02855
v 0.11321 1.81420 -0.01452
v 0.11681 1.82442 -0.00000
v 0.09119 1.88798 0.00000
v 0.09028 1.89171 0.01158
v 0.08515 1.88345 0.02254
v 0.07676 1.86814 0.03223
v 0.06673 1.85625 0.04072
v 0.05600 1.85632 0.04853
v 0.04437 1.86888 0.05589
v 0.03110 1.88602 0.06215
v 0.01604 1.89699 0.06615
v 0.00000 1.89587 0.06706
v -0.01578 1.88562 0.06510
v -0.03066 1.87598 0.06127
v -0.04484 1.87630 0.05649
v -0.05869 1.88883 0.05087
v -0.07173 1.90698 0.04378
v -0.08254 1.91989 0.03466
v -0.08959 1.92015 0.02371
v -0.09247 1.90899 0.01186
v -0.09214 1.89532 0.00000
v -0.08998 1.88936 -0.01154
v -0.08658 1.89530 -0.02292
v -0.08124 1.90829 -0.03411
v -0.07282 1.91798 -0.04444
v -0.06093 1.91592 -0.05281
v -0.04648 1.90167 -0.05855
v -0.03098 1.88322 -0.06190
v -0.01546 1.87135 -0.06378
v -0.00000 1.87206 -0.06483
v 0.01571 1.88237 -0.06480
v 0.03139 1.89257 -0.06273
v 0.04594 1.89326 -0.05787
v 0.05814 1.88216 -0.05039
v 0.06767 1.86580 -0.04130
v 0.07529 1.85494 -0.03161
v 0.08193 1.85692 -0.02169
v 0.08758 1.87041 -0.01123
v 0.09099 1.88639 -0.00000
v 0.06221 1.93120 0.00000
v 0.06109 1.92899 0.00783
v 0.05739 1.91746 0.01519
v 0.05213 1.90687 0.02189
v 0.04613 1.90714 0.02815
v 0.03943 1.92060 0.03417
v 0.03148 1.94027 0.03966
v 0.02194 1.95469 0.04385
v 0.01116 1.95602 0.04603
v 0.00000 1.94551 0.04611
v -0.01082 1.93253 0.04464
v -0.02118 1.92779 0.04232
v -0.03129 1.93561 0.03941
v -0.04103 1.95081 0.03557
v -0.04964 1.96239 0.03029
v -0.05604 1.96139 0.02353
v -0.05972 1.94732 0.01581
v -0.06105 1.92857 0.00783
v -0.06099 1.91648 0.00000
v -0.06014 1.91735 -0.00771
v -0.05821 1.92800 -0.01541
v -0.05438 1.93821 -0.02283
v -0.04809 1.93808 -0.02935
v -0.03967 1.92526 -0.03439
v -0.03009 1.90671 -0.03791
v -0.02022 1.89385 -0.04040
v -0.01027 1.89444 -0.04238
v -0.00000 1.90715 -0.04380
v 0.01068 1.92251 -0.04404
v 0.02124 1.92971 -0.04243
v 0.03082 1.92432 -0.03882
v 0.03894 1.91141 -0.03375
v 0.04580 1.90188 -0.02795
v 0.05197 1.90461 -0.02182
v 0.05759 1.92000 -0.01524
v 0.06195 1.93962 -0.00794
v 0.06394 1.95206 -0.00000
v 0.03219 1.97382 0.00000
v 0.03130 1.96384 0.00401
v 0.02940 1.95160 0.00778
v 0.02697 1.94808 0.01133
v 0.02416 1.95766 0.01474
v 0.02072 1.97493 0.01796
v 0.01639 1.98844 0.02065
v 0.01122 1.98890 0.02242
v 0.00560 1.97576 0.02311
v 0.00000 1.95764 0.02293
v -0.00540 1.94618 0.02225
v -0.01065 1.94780 0.02128
v -0.01580 1.95918 0.01990
v -0.02059 1.96975 0.01784
v -0.02452 1.96930 0.01496
v -0.02723 1.95546 0.01144
v -0.02879 1.93543 0.00762
v -0.02959 1.92104 0.00380
v -0.03002 1.92033 0.00000
v -0.03003 1.93197 -0.00385
v -0.02920 1.94623 -0.00773
v -0.02711 1.95205 -0.01139
v -0.02376 1.94494 -0.01450
v -0.01956 1.93021 -0.01695
v -0.01499 1.91919 -0.01888
v -0.01028 1.92107 -0.02054
v -0.00533 1.93629 -0.02197
v -0.00000 1.95615 -0.02289
v 0.00556 1.96892 -0.02291
v 0.01093 1.96813 -0.02184
v 0.01576 1.95705 -0.01985
v 0.01997 1.94626 -0.01731
v 0.02379 1.94596 -0.01452
v 0.02734 1.95857 -0.01148
v 0.03037 1.97693 -0.00804
v 0.03232 1.98929 -0.00414
v 0.03275 1.98769 -0.00000
v 0.00000 1.98541 0.00000
v 0.00000 1.96864 0.00000
v 0.00000 1.95848 0.00000
v 0.00000 1.96135 0.00000
v 0.00000 1.97382 0.00000
v 0.00000 1.98514 0.00000
v 0.00000 1.98501 0.00000
v 0.00000 1.97101 0.00000
v 0.00000 1.95046 0.00000
v 0.00000 1.93530 0.00000
v -0.00000 1.93368 0.00000
v -0.00000 1.94427 0.00000
v -0.00000 1.95729 0.00000
v -0.00000 1.96161 0.00000
v -0.00000 1.95280 0.00000
v -0.00000 1.93633 0.00000
v -0.00000 1.92369 0.00000
v -0.00000 1.92423 0.00000
v -0.00000 1.93843 0.00000
v -0.00000 1.95754 -0.00000
v -0.00000 1.96977 -0.00000
v -0.00000 1.96860 -0.00000
v -0.00000 1.95740 -0.00000
v -0.00000 1.94685 -0.00000
v -0.00000 1.94723 -0.00000
v -0.00000 1.96094 -0.00000
v -0.00000 1.98067 -0.00000
v -0.00000 1.99453 -0.00000
v 0.00000 1.99441 -0.00000
v 0.00000 1.98173 -0.00000
v 0.00000 1.96636 -0.00000
v 0.00000 1.95952 -0.00000
v 0.00000 1.96576 -0.00000
v 0.00000 1.97973 -0.00000
v 0.00000 1.99004 -0.00000
v 0.00000 1.98745 -0.00000
v 0.00000 1.97156 -0.00000
f 1 38 39 2
f 2 39 40 3
f 3 40 41 4
f 4 41 42 5
f 5 42 43 6
f 6 43 44 7
f 7 44 45 8
f 8 45 46 9
f 9 46 47 10
f 10 47 48 11
f 11 48 49 12
f 12 49 50 13
f 13 50 51 14
f 14 51 52 15
f 15 52 53 16
f 16 53 54 17
f 17 54 55 18
f 18 55 56 19
f 19 56 57 20
f 20 57 58 21
f 21 58 59 22
f 22 59 60 23
f 23 60 61 24
f 24 61 62 25
f 25 62 63 26
f 26 63 64 27
f 27 64 65 28
f 28 65 66 29
f 29 66 67 30
f 30 67 68 31
f 31 68 69 32
f 32 69 70 33
f 33 70 71 34
f 34 71 72 35
f 35 72 73 36
f 36 73 74 37
f 38 75 76 39
f 39 76 77 40
f 40 77 78 41
f 41 78 79 42
f 42 79 80 43
f 43 80 81 44
f 44 81 82 45
f 45 82 83 46
f 46 83 84 47
f 47 84 85 48
f 48 85 86 49
f 49 86 87 50
f 50 87 88 51
f 51 88 89 52
f 52 89 90 53
f 53 90 91 54
f 54 91 92 55
f 55 92 93 56
f 56 93 94 57
f 57 94 95 58
f 58 95 96 59
f 59 96 97 60
f 60 97 98 61
f 61 98 99 62
f 62 99 100 63
f 63 100 101 64
f 64 101 102 65
f 65 102 103 66
f 66 103 104 67
f 67 104 105 68
f 68 105 106 69
f 69 106 107 70
f 70 107 108 71
f 71 108 109 72
f 72 109 110 73
f 73 110 111 74
f 75 112 113 76
f 76 113 114 77
f 77 114 115 78
f 78 115 116 79
f 79 116 117 80
f 80 117 118 81
f 81 118 119 82
f 82 119 120 83
f 83 120 121 84
f 84 121 122 85
f 85 122 123 86
f 86 123 124 87
f 87 124 125 88
f 88 125 126 89
f 89 126 127 90
f 90 127 128 91
f 91 128 129 92
f 92 129 130 93
f 93 130 131 94
f 94 131 132 95
f 95 132 133 96
f 96 133 134 97
f 97 134 135 98
f 98 135 136 99
f 99 136 137 100
f 100 137 138 101
f 101 138 139 102
f 102 139 140 103
f 103 140 141 104
f 104 141 142 105
f 105 142 143 106
f 106 143 144 107
f 107 144 145 108
f 108 145 146 109
f 109 146 147 110
f 110 147 148 111
f 112 149 150 113
f 113 150 151 114
f 114 151 152 115
f 115 152 153 116
f 116 153 154 117
f 117 154 155 118
f 118 155 156 119
f 119 156 157 120
f 120 157 158 121
f 121 158 159 122
f 122 159 160 123
f 123 160 161 124
f 124 161 162 125
f 125 162 163 126
f 126 163 164 127
f 127 164 165 128
f 128 165 166 129
f 129 166 167 130
f 130 167 168 131
f 131 168 169 132
f 132 169 170 133
f 133 170 171 134
f 134 171 172 135
f 135 172 173 136
f 136 173 174 137
f 137 174 175 138
f 138 175 176 139
f 139 176 177 140
f 140 177 178 141
f 141 178 179 142
f 142 179 180 143
f 143 180 181 144
f 144 181 182 145
f 145 182 183 146
f 146 183 184 147
f 147 184 185 148
f 149 186 187 150
f 150 187 188 151
f 151 188 189 152
f 152 189 190 153
f 153 190 191 154
f 154 191 192 155
f 155 192 193 156
f 156 193 194 157
f 157 194 195 158
f 158 195 196 159
f 159 196 197 160
f 160 197 198 161
f 161 198 199 162
f 162 199 200 163
f 163 200 201 164
f 164 201 202 165
f 165 202 203 166
f 166 203 204 167
f 167 204 205 168
f 168 205 206 169
f 169 206 207 170
f 170 207 208 171
f 171 208 209 172
f 172 209 210 173
f 173 210 211 174
f 174 211 212 175
f 175 212 213 176
f 176 213 214 177
f 177 214 215 178
f 178 215 216 179
f 179 216 217 180
f 180 217 218 181
f 181 218 219 182
f 182 219 220 183
f 183 220 221 184
f 184 221 222 185
f 186 223 224 187
f 187 224 225 188
f 188 225 226 189
f 189 226 227 190
f 190 227 228 191
f 191 228 229 192
f 192 229 230 193
f 193 230 231 194
f 194 231 232 195
f 195 232 233 196
f 196 233 234 197
f 197 234 235 198
f 198 235 236 199
f 199 236 237 200
f 200 237 238 201
f 201 238 239 202
f 202 239 240 203
f 203 240 241 204
f 204 241 242 205
f 205 242 243 206
f 206 243 244 207
f 207 244 245 208
f 208 245 246 209
f 209 246 247 210
f 210 247 248 211
f 211 248 249 212
f 212 249 250 213
f 213 250 251 214
f 214 251 252 215
f 215 252 253 216
f 216 253 254 217
f 217 254 255 218
f 218 255 256 219
f 219 256 257 220
f 220 257 258 221
f 221 258 259 222
f 223 260 261 224
f 224 261 262 225
f 225 262 263 226
f 226 263 264 227
f 227 264 265 228
f 228 265 266 229
f 229 266 267 230
f 230 267 268 231
f 231 268 269 232
f 232 269 270 233
f 233 270 271 234
f 234 271 272 235
f 235 272 273 236
f 236 273 274 237
f 237 274 275 238
f 238 275 276 239
f 239 276 277 240
f 240 277 278 241
f 241 278 279 242
f 242 279 280 243
f 243 280 281 244
f 244 281 282 245
f 245 282 283 246
f 246 283 284 247
f 247 284 285 248
f 248 285 286 249
f 249 286 287 250
f 250 287 288 251
f 251 288 289 252
f 252 289 290 253
f 253 290 291 254
f 254 291 292 255
f 255 292 293 256
f 256 293 294 257
f 257 294 295 258
f 258 295 296 259
f 260 297 298 261
f 261 298 299 262
f 262 299 300 263
f 263 300 301 264
f 264 301 302 265
f 265 302 303 266
f 266 303 304 267
f 267 304 305 268
f 268 305 306 269
f 269 306 307 270
f 270 307 308 271
f 271 308 309 272
f 272 309 310 273
f 273 310 311 274
f 274 311 312 275
f 275 312 313 276
f 276 313 314 277
f 277 314 315 278
f 278 315 316 279
f 279 316 317 280
f 280 317 318 281
f 281 318 319 282
f 282 319 320 283
f 283 320 321 284
f 284 321 322 285
f 285 322 323 286
f 286 323 324 287
f 287 324 325 288
f 288 325 326 289
f 289 326 327 290
f 290 327 328 291
f 291 328 329 292
f 292 329 330 293
f 293 330 331 294
f 294 331 332 295
f 295 332 333 296
f 297 334 335 298
f 298 335 336 299
f 299 336 337 300
f 300 337 338 301
f 301 338 339 302
f 302 339 340 303
f 303 340 341 304
f 304 341 342 305
f 305 342 343 306
f 306 343 344 307
f 307 344 345 308
f 308 345 346 309
f 309 346 347 310
f 310 347 348 311
f 311 348 349 312
f 312 349 350 313
f 313 350 351 314
f 314 351 352 315
f 315 352 353 316
f 316 353 354 317
f 317 354 355 318
f 318 355 356 319
f 319 356 357 320
f 320 357 358 321
f 321 358 359 322
f 322 359 360 323
f 323 360 361 324
f 324 361 362 325
f 325 362 363 326
f 326 363 364 327
f 327 364 365 328
f 328 365 366 329
f 329 366 367 330
f 330 367 368 331
f 331 368 369 332
f 332 369 370 333
f 334 371 372 335
f 335 372 373 336
f 336 373 374 337
f 337 374 375 338
f 338 375 376 339
f 339 376 377 340
f 340 377 378 341
f 341 378 379 342
f 342 379 380 343
f 343 380 381 344
f 344 381 382 345
f 345 382 383 346
f 346 383 384 347
f 347 384 385 348
f 348 385 386 349
f 349 386 387 350
f 350 387 388 351
f 351 388 389 352
f 352 389 390 353
f 353 390 391 354
f 354 391 392 355
f 355 392 393 356
f 356 393 394 357
f 357 394 395 358
f 358 395 396 359
f 359 396 397 360
f 360 397 398 361
f 361 398 399 362
f 362 399 400 363
f 363 400 401 364
f 364 401 402 365
f 365 402 403 366
f 366 403 404 367
f 367 404 405 368
f 368 405 406 369
f 369 406 407 370
f 371 408 409 372
f 372 409 410 373
f 373 410 411 374
f 374 411 412 375
f 375 412 413 376
f 376 413 414 377
f 377 414 415 378
f 378 415 416 379
f 379 416 417 380
f 380 417 418 381
f 381 418 419 382
f 382 419 420 383
f 383 420 421 384
f 384 421 422 385
f 385 422 423 386
f 386 423 424 387
f 387 424 425 388
f 388 425 426 389
f 389 426 427 390
f 390 427 428 391
f 391 428 429 392
f 392 429 430 393
f 393 430 431 394
f 394 431 432 395
f 395 432 433 396
f 396 433 434 397
f 397 434 435 398
f 398 435 436 399
f 399 436 437 400
f 400 437 438 401
f 401 438 439 402
f 402 439 440 403
f 403 440 441 404
f 404 441 442 405
f 405 442 443 406
f 406 443 444 407
f 408 445 446 409
f 409 446 447 410
f 410 447 448 411
f 411 448 449 412
f 412 449 450 413
f 413 450 451 414
f 414 451 452 415
f 415 452 453 416
f 416 453 454 417
f 417 454 455 418
f 418 455 456 419
f 419 456 457 420
f 420 457 458 421
f 421 458 459 422
f 422 459 460 423
f 423 460 461 424
f 424 461 462 425
f 425 462 463 426
f 426 463 464 427
f 427 464 465 428
f 428 465 466 429
f 429 466 467 430
f 430 467 468 431
f 431 468 469 432
f 432 469 470 433
f 433 470 471 434
f 434 471 472 435
f 435 472 473 436
f 436 473 474 437
f 437 474 475 438
f 438 475 476 439
f 439 476 477 440
f 440 477 478 441
f 441 478 479 442
f 442 479 480 443
f 443 480 481 444
f 445 482 483 446
f 446 483 484 447
f 447 484 485 448
f 448 485 486 449
f 449 486 487 450
f 450 487 488 451
f 451 488 489 452
f 452 489 490 453
f 453 490 491 454
f 454 491 492 455
f 455 492 493 456
f 456 493 494 457
f 457 494 495 458
f 458 495 496 459
f 459 496 497 460
f 460 497 498 461
f 461 498 499 462
f 462 499 500 463
f 463 500 501 464
f 464 501 502 465
f 465 502 503 466
f 466 503 504 467
f 467 504 505 468
f 468 505 506 469
f 469 506 507 470
f 470 507 508 471
f 471 508 509 472
f 472 509 510 473
f 473 510 511 474
f 474 511 512 475
f 475 512 513 476
f 476 513 514 477
f 477 514 515 478
f 478 515 516 479
f 479 516 517 480
f 480 517 518 481
f 482 519 520 483
f 483 520 521 484
f 484 521 522 485
f 485 522 523 486
f 486 523 524 487
f 487 524 525 488
f 488 525 526 489
f 489 526 527 490
f 490 527 528 491
f 491 528 529 492
f 492 529 530 493
f 493 530 531 494
f 494 531 532 495
f 495 532 533 496
f 496 533 534 497
f 497 534 535 498
f 498 535 536 499
f 499 536 537 500
f 500 537 538 501
f 501 538 539 502
f 502 539 540 503
f 503 540 541 504
f 504 541 542 505
f 505 542 543 506
f 506 543 544 507
f 507 544 545 508
f 508 545 546 509
f 509 546 547 510
f 510 547 548 511
f 511 548 549 512
f 512 549 550 513
f 513 550 551 514
f 514 551 552 515
f 515 552 553 516
f 516 553 554 517
f 517 554 555 518
f 519 556 557 520
f 520 557 558 521
f 521 558 559 522
f 522 559 560 523
f 523 560 561 524
f 524 561 562 525
f 525 562 563 526
f 526 563 564 527
f 527 564 565 528
f 528 565 566 529
f 529 566 567 530
f 530 567 568 531
f 531 568 569 532
f 532 569 570 533
f 533 570 571 534
f 534 571 572 535
f 535 572 573 536
f 536 573 574 537
f 537 574 575 538
f 538 575 576 539
f 539 576 577 540
f 540 577 578 541
f 541 578 579 542
f 542 579 580 543
f 543 580 581 544
f 544 581 582 545
f 545 582 583 546
f 546 583 584 547
f 547 584 585 548
f 548 585 586 549
f 549 586 587 550
f 550 587 588 551
f 551 588 589 552
f 552 589 590 553
f 553 590 591 554
f 554 591 592 555
f 556 593 594 557
f 557 594 595 558
f 558 595 596 559
f 559 596 597 560
f 560 597 598 561
f 561 598 599 562
f 562 599 600 563
f 563 600 601 564
f 564 601 602 565
f 565 602 603 566
f 566 603 604 567
f 567 604 605 568
f 568 605 606 569
f 569 606 607 570
f 570 607 608 571
f 571 608 609 572
f 572 609 610 573
f 573 610 611 574
f 574 611 612 575
f 575 612 613 576
f 576 613 614 577
f 577 614 615 578
f 578 615 616 579
f 579 616 617 580
f 580 617 618 581
f 581 618 619 582
f 582 619 620 583
f 583 620 621 584
f 584 621 622 585
f 585 622 623 586
f 586 623 624 587
f 587 624 625 588
f 588 625 626 589
f 589 626 627 590
f 590 627 628 591
f 591 628 629 592
f 593 630 631 594
f 594 631 632 595
f 595 632 633 596
f 596 633 634 597
f 597 634 635 598
f 598 635 636 599
f 599 636 637 600
f 600 637 638 601
f 601 638 639 602
f 602 639 640 603
f 603 640 641 604
f 604 641 642 605
f 605 642 643 606
f 606 643 644 607
f 607 644 645 608
f 608 645 646 609
f 609 646 647 610
f 610 647 648 611
f 611 648 649 612
f 612 649 650 613
f 613 650 651 614
f 614 651 652 615
f 615 652 653 616
f 616 653 654 617
f 617 654 655 618
f 618 655 656 619
f 619 656 657 620
f 620 657 658 621
f 621 658 659 622
f 622 659 660 623
f 623 660 661 624
f 624 661 662 625
f 625 662 663 626
f 626 663 664 627
f 627 664 665 628
f 628 665 666 629
f 630 667 668 631
f 631 668 669 632
f 632 669 670 633
f 633 670 671 634
f 634 671 672 635
f 635 672 673 636
f 636 673 674 637
f 637 674 675 638
f 638 675 676 639
f 639 676 677 640
f 640 677 678 641
f 641 678 679 642
f 642 679 680 643
f 643 680 681 644
f 644 681 682 645
f 645 682 683 646
f 646 683 684 647
f 647 684 685 648
f 648 685 686 649
f 649 686 687 650
f 650 687 688 651
f 651 688 689 652
f 652 689 690 653
f 653 690 691 654
f 654 691 692 655
f 655 692 693 656
f 656 693 694 657
f 657 694 695 658
f 658 695 696 659
f 659 696 697 660
f 660 697 698 661
f 661 698 699 662
f 662 699 700 663
f 663 700 701 664
f 664 701 702 665
f 665 702 703 666
f 667 704 705 668
f 668 705 706 669
f 669 706 707 670
f 670 707 708 671
f 671 708 709 672
f 672 709 710 673
f 673 710 711 674
f 674 711 712 675
f 675 712 713 676
f 676 713 714 677
f 677 714 715 678
f 678 715 716 679
f 679 716 717 680
f 680 717 718 681
f 681 718 719 682
f 682 719 720 683
f 683 720 721 684
f 684 721 722 685
f 685 722 723 686
f 686 723 724 687
f 687 724 725 688
f 688 725 726 689
f 689 726 727 690
f 690 727 728 691
f 691 728 729 692
f 692 729 730 693
f 693 730 731 694
f 694 731 732 695
f 695 732 733 696
f 696 733 734 697
f 697 734 735 698
f 698 735 736 699
f 699 736 737 700
f 700 737 738 701
f 701 738 739 702
f 702 739 740 703
f 704 741 742 705
f 705 742 743 706
f 706 743 744 707
f 707 744 745 708
f 708 745 746 709
f 709 746 747 710
f 710 747 748 711
f 711 748 749 712
f 712 749 750 713
f 713 750 751 714
f 714 751 752 715
f 715 752 753 716
f 716 753 754 717
f 717 754 755 718
f 718 755 756 719
f 719 756 757 720
f 720 757 758 721
f 721 758 759 722
f 722 759 760 723
f 723 760 761 724
f 724 761 762 725
f 725 762 763 726
f 726 763 764 727
f 727 764 765 728
f 728 765 766 729
f 729 766 767 730
f 730 767 768 731
f 731 768 769 732
f 732 769 770 733
f 733 770 771 734
f 734 771 772 735
f 735 772 773 736
f 736 773 774 737
f 737 774 775 738
f 738 775 776 739
f 739 776 777 740
f 741 778 779 742
f 742 779 780 743
f 743 780 781 744
f 744 781 782 745
f 745 782 783 746
f 746 783 784 747
f 747 784 785 748
f 748 785 786 749
f 749 786 787 750
f 750 787 788 751
f 751 788 789 752
f 752 789 790 753
f 753 790 791 754
f 754 791 792 755
f 755 792 793 756
f 756 793 794 757
f 757 794 795 758
f 758 795 796 759
f 759 796 797 760
f 760 797 798 761
f 761 798 799 762
f 762 799 800 763
f 763 800 801 764
f 764 801 802 765
f 765 802 803 766
f 766 803 804 767
f 767 804 805 768
f 768 805 806 769
f 769 806 807 770
f 770 807 808 771
f 771 808 809 772
f 772 809 810 773
f 773 810 811 774
f 774 811 812 775
f 775 812 813 776
f 776 813 814 777
f 778 815 816 779
f 779 816 817 780
f 780 817 818 781
f 781 818 819 782
f 782 819 820 783
f 783 820 821 784
f 784 821 822 785
f 785 822 823 786
f 786 823 824 787
f 787 824 825 788
f 788 825 826 789
f 789 826 827 790
f 790 827 828 791
f 791 828 829 792
f 792 829 830 793
f 793 830 831 794
f 794 831 832 795
f 795 832 833 796
f 796 833 834 797
f 797 834 835 798
f 798 835 836 799
f 799 836 837 800
f 800 837 838 801
f 801 838 839 802
f 802 839 840 803
f 803 840 841 804
f 804 841 842 805
f 805 842 843 806
f 806 843 844 807
f 807 844 845 808
f 808 845 846 809
f 809 846 847 810
f 810 847 848 811
f 811 848 849 812
f 812 849 850 813
f 813 850 851 814
o skin_chest_sunken
g skin_chest_sunken
v 0.00000 1.28850 0.06000
v 0.00000 1.28180 0.06000
v 0.00000 1.27939 0.06000
v 0.00000 1.28262 0.06000
v 0.00000 1.28858 0.06000
v 0.00000 1.29222 0.06000
v 0.00000 1.28996 0.06000
v 0.00000 1.28233 0.06000
v 0.00000 1.27361 0.06000
v 0.00000 1.26883 0.06000
v -0.00000 1.27025 0.06000
v -0.00000 1.27575 0.06000
v -0.00000 1.28045 0.06000
v -0.00000 1.28020 0.06000
v -0.00000 1.27458 0.06000
v -0.00000 1.26725 0.06000
v -0.00000 1.26333 0.06000
v -0.00000 1.26576 0.06000
v -0.00000 1.27317 0.06000
v -0.00000 1.28089 0.06000
v -0.00000 1.28420 0.06000
v -0.00000 1.28172 0.06000
v -0.00000 1.27631 0.06000
v -0.00000 1.27301 0.06000
v -0.00000 1.27537 0.06000
v -0.00000 1.28288 0.06000
v -0.00000 1.29124 0.06000
v -0.00000 1.29545 0.06000
v 0.00000 1.29328 0.06000
v 0.00000 1.28687 0.06000
v 0.00000 1.28114 0.06000
v 0.00000 1.28029 0.06000
v 0.00000 1.28479 0.06000
v 0.00000 1.29103 0.06000
v 0.00000 1.29394 0.06000
v 0.00000 1.29062 0.06000
v 0.00000 1.28246 0.06000
v 0.04588 1.27977 0.06000
v 0.04581 1.27505 0.06373
v 0.04354 1.27638 0.06731
v 0.03950 1.28170 0.07053
v 0.03448 1.28619 0.07335
v 0.02897 1.28576 0.07593
v 0.02292 1.28004 0.07832
v 0.01602 1.27264 0.08031
v 0.00823 1.26860 0.08154
v 0.00000 1.27081 0.08173
v -0.00801 1.27796 0.08096
v -0.01543 1.28540 0.07957
v -0.02235 1.28853 0.07786
v -0.02895 1.28599 0.07592
v -0.03506 1.28061 0.07358
v -0.04001 1.27736 0.07066
v -0.04311 1.27974 0.06724
v -0.04419 1.28720 0.06360
v -0.04375 1.29555 0.06000
v -0.04252 1.29982 0.05654
v -0.04082 1.29783 0.05314
v -0.03834 1.29169 0.04978
v -0.03447 1.28624 0.04665
v -0.02898 1.28562 0.04406
v -0.02223 1.29024 0.04223
v -0.01492 1.29655 0.04108
v -0.00750 1.29955 0.04036
v -0.00000 1.29638 0.03986
v 0.00776 1.28843 0.03968
v 0.01566 1.28035 0.04014
v 0.02314 1.27678 0.04150
v 0.02955 1.27911 0.04375
v 0.03465 1.28450 0.04658
v 0.03877 1.28799 0.04967
v 0.04231 1.28608 0.05289
v 0.04525 1.27927 0.05632
v 0.04696 1.27176 0.06000
v 0.09334 1.28465 0.06000
v 0.09139 1.28659 0.06744
v 0.08546 1.29324 0.07436
v 0.07709 1.30019 0.08054
v 0.06758 1.30303 0.08617
v 0.05716 1.30050 0.09144
v 0.04519 1.29530 0.09612
v 0.03121 1.29218 0.09957
v 0.01573 1.29447 0.10118
v 0.00000 1.30165 0.10089
v -0.01500 1.30969 0.09926
v -0.02914 1.31387 0.09695
v -0.04285 1.31211 0.09425
v -0.05610 1.30641 0.09086
v -0.06793 1.30140 0.08631
v -0.07689 1.30100 0.08049
v -0.08223 1.30560 0.07381
v -0.08448 1.31179 0.06688
v -0.08495 1.31479 0.06000
v -0.08445 1.31189 0.05313
v -0.08255 1.30439 0.04613
v -0.07792 1.29675 0.03924
v -0.06964 1.29338 0.03303
v -0.05804 1.29560 0.02808
v -0.04444 1.30069 0.02448
v -0.03009 1.30393 0.02185
v -0.01537 1.30198 0.01977
v -0.00000 1.29533 0.01829
v 0.01605 1.28800 0.01800
v 0.03192 1.28468 0.01952
v 0.04629 1.28741 0.02300
v 0.05830 1.29414 0.02793
v 0.06819 1.30020 0.03359
v 0.07674 1.30163 0.03955
v 0.08422 1.29798 0.04585
v 0.08973 1.29263 0.05270
v 0.09176 1.29032 0.06000
v 0.13281 1.31920 0.06000
v 0.12790 1.32585 0.07041
v 0.11894 1.33332 0.07998
v 0.10811 1.33725 0.08881
v 0.09614 1.33573 0.09723
v 0.08212 1.33062 0.10517
v 0.06486 1.32616 0.11185
v 0.04440 1.32597 0.11630
v 0.02220 1.33039 0.11812
v 0.00000 1.33626 0.11782
v -0.02153 1.33916 0.11636
v -0.04279 1.33660 0.11427
v -0.06406 1.32980 0.11121
v -0.08433 1.32283 0.10639
v -0.10154 1.31978 0.09932
v -0.11400 1.32184 0.09038
v -0.12176 1.32651 0.08045
v -0.12634 1.32942 0.07028
v -0.12913 1.32752 0.06000
v -0.12989 1.32127 0.04943
v -0.12680 1.31437 0.03870
v -0.11808 1.31116 0.02853
v -0.10365 1.31352 0.01986
v -0.08526 1.31956 0.01310
v -0.06513 1.32498 0.00794
v -0.04437 1.32613 0.00373
v -0.02280 1.32263 0.00033
v -0.00000 1.31760 -0.00162
v 0.02335 1.31541 -0.00112
v 0.04552 1.31853 0.00227
v 0.06496 1.32572 0.00807
v 0.08148 1.33287 0.01518
v 0.09608 1.33591 0.02279
v 0.10949 1.33363 0.03082
v 0.12091 1.32856 0.03969
v 0.12824 1.32507 0.04956
v 0.12969 1.32624 0.06000
v 0.16435 1.36388 0.06000
v 0.15848 1.36921 0.07290
v 0.14959 1.37191 0.08513
v 0.13906 1.36976 0.09705
v 0.12591 1.36384 0.10876
v 0.10816 1.35777 0.11949
v 0.08498 1.35513 0.12793
v 0.05772 1.35699 0.13319
v 0.02885 1.36111 0.13551
v 0.00000 1.36364 0.13592
v -0.02876 1.36187 0.13528
v -0.05789 1.35624 0.13340
v -0.08662 1.35003 0.12924
v -0.11257 1.34707 0.12192
v -0.13320 1.34902 0.11159
v -0.14770 1.35421 0.09936
v -0.15746 1.35885 0.08645
v -0.16447 1.35972 0.07339
v -0.16908 1.35650 0.06000
v -0.16939 1.35194 0.04621
v -0.16284 1.34993 0.03264
v -0.14857 1.35265 0.02041
v -0.12830 1.35899 0.01031
v -0.10504 1.36533 0.00222
v -0.08084 1.36804 -0.00462
v -0.05572 1.36609 -0.01066
v -0.02878 1.36170 -0.01533
v -0.00000 1.35873 -0.01737
v 0.02898 1.35992 -0.01585
v 0.05600 1.36485 -0.01101
v 0.08012 1.37028 -0.00405
v 0.10212 1.37240 0.00383
v 0.12309 1.36959 0.01233
v 0.14250 1.36356 0.02203
v 0.15789 1.35815 0.03348
v 0.16645 1.35659 0.04645
v 0.16731 1.35925 0.06000
v 0.19742 1.40337 0.06000
v 0.19254 1.40546 0.07567
v 0.18504 1.40393 0.09108
v 0.17432 1.39913 0.10645
v 0.15789 1.39383 0.12115
v 0.13400 1.39125 0.13371
v 0.10354 1.39278 0.14277
v 0.06950 1.39702 0.14814
v 0.03469 1.40078 0.15081
v 0.00000 1.40138 0.15196
v -0.03504 1.39856 0.15173
v -0.07024 1.39464 0.14907
v -0.10349 1.39288 0.14273
v -0.13174 1.39511 0.13246
v -0.15330 1.40041 0.11937
v -0.16912 1.40572 0.10507
v -0.18155 1.40801 0.09050
v -0.19170 1.40641 0.07560
v -0.19795 1.40279 0.06000
v -0.19709 1.40040 0.04396
v -0.18711 1.40151 0.02857
v -0.16908 1.40577 0.01495
v -0.14630 1.41044 0.00334
v -0.12165 1.41234 -0.00691
v -0.09565 1.41010 -0.01646
v -0.06697 1.40515 -0.02492
v -0.03470 1.40070 -0.03084
v -0.00000 1.39948 -0.03275
v 0.03453 1.40178 -0.03039
v 0.06693 1.40528 -0.02487
v 0.09717 1.40675 -0.01768
v 0.12631 1.40438 -0.00948
v 0.15422 1.39909 0.00027
v 0.17842 1.39394 0.01246
v 0.19530 1.39195 0.02719
v 0.20285 1.39398 0.04349
v 0.20219 1.39814 0.06000
v 0.22589 1.44945 0.06000
v 0.22198 1.44982 0.07807
v 0.21466 1.44753 0.09606
v 0.20142 1.44440 0.11367
v 0.17962 1.44297 0.12956
v 0.14928 1.44466 0.14211
v 0.11341 1.44875 0.15066
v 0.07572 1.45286 0.15601
v 0.03803 1.45464 0.15955
v 0.00000 1.45342 0.16183
v -0.03895 1.45065 0.16195
v -0.07753 1.44885 0.15831
v -0.11272 1.44980 0.15011
v -0.14201 1.45320 0.13811
v -0.16545 1.45693 0.12408
v -0.18525 1.45850 0.10936
v -0.20307 1.45684 0.09411
v -0.21773 1.45308 0.07772
v -0.22555 1.44971 0.06000
v -0.22327 1.44883 0.04183
v -0.21075 1.45067 0.02460
v -0.19106 1.45343 0.00909
v -0.16783 1.45459 -0.00500
v -0.14241 1.45273 -0.01833
v -0.11352 1.44858 -0.03075
v -0.07949 1.44454 -0.04079
v -0.04073 1.44293 -0.04660
v -0.00000 1.44444 -0.04732
v 0.03965 1.44759 -0.04380
v 0.07708 1.44984 -0.03775
v 0.11298 1.44941 -0.03031
v 0.14767 1.44655 -0.02123
v 0.17920 1.44338 -0.00940
v 0.20376 1.44236 0.00570
v 0.21841 1.44452 0.02331
v 0.22340 1.44873 0.04182
v 0.22189 1.45247 0.06000
v 0.23832 1.50657 0.06000
v 0.23642 1.50574 0.07924
v 0.22928 1.50387 0.09852
v 0.21346 1.50268 0.11688
v 0.18770 1.50338 0.13269
v 0.15427 1.50577 0.14486
v 0.11726 1.50838 0.15374
v 0.07940 1.50951 0.16068
v 0.04070 1.50844 0.16653
v 0.00000 1.50593 0.17061
v -0.04244 1.50369 0.17108
v -0.08397 1.50314 0.16648
v -0.12139 1.50445 0.15704
v -0.15347 1.50636 0.14441
v -0.18161 1.50716 0.13033
v -0.20762 1.50589 0.11533
v -0.23090 1.50305 0.09879
v -0.24777 1.50025 0.08016
v -0.25396 1.49912 0.06000
v -0.24806 1.50011 0.03981
v -0.23255 1.50221 0.02093
v -0.21164 1.50368 0.00360
v -0.18780 1.50332 -0.01273
v -0.16031 1.50129 -0.02818
v -0.12705 1.49906 -0.04156
v -0.08745 1.49831 -0.05089
v -0.04387 1.49974 -0.05484
v -0.00000 1.50258 -0.05386
v 0.04192 1.50511 -0.04972
v 0.08201 1.50587 -0.04399
v 0.12110 1.50472 -0.03681
v 0.15817 1.50288 -0.02700
v 0.18980 1.50207 -0.01350
v 0.21241 1.50326 0.00340
v 0.22517 1.50595 0.02217
v 0.23068 1.50851 0.04123
v 0.23247 1.50935 0.06000
v 0.24561 1.56337 0.06000
v 0.24718 1.56213 0.08012
v 0.24037 1.56102 0.10038
v 0.22245 1.56077 0.11928
v 0.19448 1.56146 0.13532
v 0.16043 1.56245 0.14824
v 0.12389 1.56287 0.15904
v 0.08570 1.56222 0.16867
v 0.04460 1.56078 0.17674
v 0.00000 1.55935 0.18140
v -0.04612 1.55876 0.18071
v -0.09012 1.55925 0.17427
v -0.12949 1.56029 0.16351
v -0.16447 1.56100 0.15046
v -0.19674 1.56078 0.13619
v -0.22641 1.55972 0.12033
v -0.25042 1.55855 0.10207
v -0.26420 1.55814 0.08150
v -0.26523 1.55884 0.06000
v -0.25514 1.56026 0.03924
v -0.23830 1.56153 0.01997
v -0.21822 1.56190 0.00185
v -0.19499 1.56131 -0.01552
v -0.16621 1.56038 -0.03142
v -0.13016 1.55998 -0.04405
v -0.08811 1.56060 -0.05173
v -0.04369 1.56199 -0.05436
v -0.00000 1.56331 -0.05347
v 0.04235 1.56377 -0.05085
v 0.08436 1.56313 -0.04697
v 0.12596 1.56191 -0.04070
v 0.16446 1.56100 -0.03046
v 0.19591 1.56103 -0.01587
v 0.21820 1.56190 0.00186
v 0.23273 1.56289 0.02090
v 0.24281 1.56315 0.04024
v 0.25015 1.56232 0.06000
v 0.26011 1.62000 0.06000
v 0.26236 1.62000 0.08135
v 0.25281 1.62000 0.10247
v 0.23122 1.62000 0.12161
v 0.20110 1.62000 0.13788
v 0.16680 1.62000 0.15175
v 0.13031 1.62000 0.16417
v 0.09079 1.62000 0.17513
v 0.04701 1.62000 0.18305
v 0.00000 1.62000 0.18585
v -0.04683 1.62000 0.18259
v -0.09015 1.62000 0.17431
v -0.12905 1.62000 0.16316
v -0.16489 1.62000 0.15070
v -0.19854 1.62000 0.13689
v -0.22802 1.62000 0.12076
v -0.24903 1.62000 0.10183
v -0.25822 1.62000 0.08101
v -0.25602 1.62000 0.06000
v -0.24628 1.62000 0.03996
v -0.23300 1.62000 0.02086
v -0.21706 1.62000 0.00216
v -0.19599 1.62000 -0.01590
v -0.16693 1.62000 -0.03182
v -0.12971 1.62000 -0.04369
v -0.08736 1.62000 -0.05078
v -0.04358 1.62000 -0.05407
v -0.00000 1.62000 -0.05527
v 0.04399 1.62000 -0.05516
v 0.08892 1.62000 -0.05276
v 0.13290 1.62000 -0.04624
v 0.17197 1.62000 -0.03459
v 0.20290 1.62000 -0.01858
v 0.22566 1.62000 -0.00013
v 0.24290 1.62000 0.01920
v 0.25682 1.62000 0.03910
v 0.26633 1.62000 0.06000
v 0.26666 1.68149 0.06000
v 0.26463 1.68196 0.08154
v 0.24988 1.68132 0.10198
v 0.22516 1.67995 0.12000
v 0.19513 1.67873 0.13557
v 0.16279 1.67840 0.14954
v 0.12797 1.67901 0.16230
v 0.08892 1.67995 0.17276
v 0.04544 1.68034 0.17894
v 0.00000 1.67969 0.17948
v -0.04388 1.67827 0.17486
v -0.08440 1.67690 0.16702
v -0.12228 1.67639 0.15775
v -0.15882 1.67697 0.14736
v -0.19310 1.67812 0.13478
v -0.22145 1.67896 0.11901
v -0.23989 1.67886 0.10030
v -0.24740 1.67793 0.08013
v -0.24670 1.67689 0.06000
v -0.24169 1.67659 0.04033
v -0.23388 1.67739 0.02071
v -0.22116 1.67888 0.00107
v -0.19999 1.68020 -0.01745
v -0.16891 1.68059 -0.03291
v -0.13009 1.67999 -0.04400
v -0.08757 1.67903 -0.05104
v -0.04412 1.67859 -0.05549
v -0.00000 1.67913 -0.05837
v 0.04551 1.68043 -0.05911
v 0.09143 1.68164 -0.05593
v 0.13437 1.68196 -0.04741
v 0.17059 1.68119 -0.03383
v 0.19883 1.67985 -0.01700
v 0.22093 1.67882 0.00113
v 0.23940 1.67874 0.01978
v 0.25423 1.67952 0.03931
v 0.26211 1.68044 0.06000
v 0.25036 1.73916 0.06000
v 0.24388 1.73787 0.07985
v 0.22713 1.73504 0.09815
v 0.20435 1.73231 0.11445
v 0.17909 1.73127 0.12936
v 0.15175 1.73236 0.14347
v 0.12036 1.73457 0.15621
v 0.08346 1.73615 0.16583
v 0.04228 1.73588 0.17067
v 0.00000 1.73397 0.17052
v -0.04081 1.73186 0.16683
v -0.07993 1.73123 0.16136
v -0.11847 1.73277 0.15470
v -0.15624 1.73569 0.14594
v -0.19032 1.73825 0.13371
v -0.21656 1.73902 0.11771
v -0.23268 1.73785 0.09909
v -0.23999 1.73599 0.07953
v -0.24192 1.73515 0.06000
v -0.24059 1.73628 0.04042
v -0.23471 1.73888 0.02057
v -0.22076 1.74133 0.00117
v -0.19641 1.74203 -0.01606
v -0.16284 1.74058 -0.02957
v -0.12395 1.73799 -0.03909
v -0.08338 1.73603 -0.04573
v -0.04230 1.73593 -0.05071
v -0.00000 1.73751 -0.05395
v 0.04354 1.73934 -0.05397
v 0.08605 1.73975 -0.04912
v 0.12402 1.73806 -0.03915
v 0.15540 1.73507 -0.02548
v 0.18108 1.73251 -0.01013
v 0.20347 1.73182 0.00578
v 0.22340 1.73315 0.02247
v 0.23846 1.73525 0.04059
v 0.24451 1.73638 0.06000
v 0.22435 1.78938 0.06000
v 0.21716 1.78649 0.07767
v 0.20327 1.78332 0.09415
v 0.18619 1.78232 0.10961
v 0.16691 1.78451 0.12464
v 0.14364 1.78872 0.13901
v 0.11419 1.79243 0.15129
v 0.07861 1.79353 0.15968
v 0.03952 1.79183 0.16344
v 0.00000 1.78913 0.16339
v -0.03863 1.78794 0.16111
v -0.07686 1.78967 0.15747
v -0.11493 1.79355 0.15188
v -0.15087 1.79721 0.14299
v -0.18094 1.79833 0.13007
v -0.20222 1.79629 0.11388
v -0.21483 1.79261 0.09609
v -0.22154 1.78984 0.07803
v -0.22488 1.78978 0.06000
v -0.22457 1.79217 0.04172
v -0.21767 1.79489 0.02343
v -0.20133 1.79551 0.00635
v -0.17558 1.79305 -0.00800
v -0.14360 1.78867 -0.01899
v -0.10921 1.78491 -0.02730
v -0.07423 1.78386 -0.03413
v -0.03812 1.78575 -0.03978
v -0.00000 1.78873 -0.04315
v 0.03917 1.79029 -0.04252
v 0.07657 1.78902 -0.03709
v 0.10971 1.78566 -0.02770
v 0.13839 1.78254 -0.01612
v 0.16435 1.78198 -0.00365
v 0.18877 1.78457 0.00970
v 0.21004 1.78876 0.02472
v 0.22432 1.79197 0.04174
v 0.22835 1.79240 0.06000
v 0.20076 1.84029 0.06000
v 0.19461 1.83684 0.07584
v 0.18444 1.83537 0.09098
v 0.17179 1.83767 0.10578
v 0.15551 1.84275 0.12022
v 0.13330 1.84756 0.13332
v 0.10440 1.84911 0.14346
v 0.07063 1.84660 0.14956
v 0.03513 1.84199 0.15195
v 0.00000 1.83856 0.15193
v -0.03459 1.83860 0.15055
v -0.06912 1.84177 0.14765
v -0.10268 1.84534 0.14208
v -0.13251 1.84620 0.13288
v -0.15572 1.84305 0.12031
v -0.17160 1.83742 0.10573
v -0.18204 1.83257 0.09058
v -0.18954 1.83119 0.07543
v -0.19462 1.83355 0.06000
v -0.19502 1.83729 0.04413
v -0.18771 1.83919 0.02847
v -0.17161 1.83743 0.01427
v -0.14868 1.83297 0.00242
v -0.12235 1.82885 -0.00729
v -0.09479 1.82802 -0.01577
v -0.06584 1.83124 -0.02349
v -0.03427 1.83653 -0.02969
v -0.00000 1.84058 -0.03278
v 0.03498 1.84107 -0.03157
v 0.06805 1.83832 -0.02629
v 0.09798 1.83503 -0.01833
v 0.12555 1.83431 -0.00905
v 0.15181 1.83745 0.00121
v 0.17594 1.84292 0.01312
v 0.19480 1.84747 0.02728
v 0.20501 1.84842 0.04332
v 0.20553 1.84552 0.06000
v 0.16977 1.88458 0.06000
v 0.16471 1.88065 0.07340
v 0.15728 1.88085 0.08642
v 0.14712 1.88475 0.09920
v 0.13228 1.88912 0.11123
v 0.11145 1.89020 0.12130
v 0.08550 1.88650 0.12835
v 0.05702 1.87981 0.13230
v 0.02830 1.87402 0.13409
v 0.00000 1.87235 0.13474
v -0.02842 1.87510 0.13440
v -0.05694 1.87947 0.13221
v -0.08393 1.88160 0.12709
v -0.10698 1.87936 0.11884
v -0.12481 1.87391 0.10833
v -0.13828 1.86885 0.09685
v -0.14937 1.86772 0.08509
v -0.15888 1.87143 0.07293
v -0.16530 1.87761 0.06000
v -0.16577 1.88232 0.04651
v -0.15847 1.88281 0.03338
v -0.14419 1.87948 0.02158
v -0.12561 1.87554 0.01135
v -0.10506 1.87471 0.00221
v -0.08293 1.87850 -0.00630
v -0.05818 1.88509 -0.01377
v -0.03015 1.89060 -0.01892
v -0.00000 1.89184 -0.02051
v 0.02992 1.88851 -0.01831
v 0.05782 1.88344 -0.01331
v 0.08359 1.88053 -0.00682
v 0.10803 1.88192 0.00058
v 0.13101 1.88653 0.00926
v 0.15045 1.89075 0.01991
v 0.16346 1.89110 0.03254
v 0.16854 1.88671 0.04628
v 0.16680 1.87996 0.06000
v 0.12714 1.90797 0.06000
v 0.12438 1.90607 0.07012
v 0.11995 1.90912 0.08015
v 0.11240 1.91397 0.08995
v 0.10019 1.91625 0.09880
v 0.08331 1.91357 0.10583
v 0.06341 1.90723 0.11069
v 0.04249 1.90136 0.11387
v 0.02146 1.89992 0.11617
v 0.00000 1.90396 0.11786
v -0.02229 1.91080 0.11836
v -0.04470 1.91599 0.11668
v -0.06544 1.91643 0.11231
v -0.08303 1.91258 0.10567
v -0.09743 1.90809 0.09773
v -0.10979 1.90715 0.08926
v -0.12093 1.91147 0.08031
v -0.13000 1.91899 0.07058
v -0.13480 1.92531 0.06000
v -0.13340 1.92682 0.04914
v -0.12579 1.92319 0.03887
v -0.11380 1.91762 0.02968
v -0.09960 1.91450 0.02143
v -0.08407 1.91625 0.01376
v -0.06658 1.92162 0.00677
v -0.04629 1.92654 0.00130
v -0.02354 1.92706 -0.00162
v -0.00000 1.92219 -0.00158
v 0.02259 1.91463 0.00088
v 0.04362 1.90888 0.00469
v 0.06359 1.90806 0.00917
v 0.08279 1.91172 0.01446
v 0.10019 1.91622 0.02120
v 0.11370 1.91737 0.02970
v 0.12175 1.91346 0.03955
v 0.12458 1.90652 0.04986
v 0.12403 1.90093 0.06000
v 0.08453 1.92369 0.06000
v 0.08440 1.92790 0.06687
v 0.08243 1.93516 0.07385
v 0.07728 1.94063 0.08059
v 0.06843 1.94096 0.08650
v 0.05665 1.93667 0.09116
v 0.04338 1.93174 0.09468
v 0.02958 1.93071 0.09751
v 0.01524 1.93542 0.09990
v 0.00000 1.94362 0.10157
v -0.01598 1.95056 0.10182
v -0.03163 1.95230 0.10011
v -0.04572 1.94850 0.09654
v -0.05772 1.94262 0.09175
v -0.06810 1.93942 0.08638
v -0.07750 1.94152 0.08065
v -0.08566 1.94753 0.07439
v -0.09128 1.95303 0.06743
v -0.09289 1.95373 0.06000
v -0.09006 1.94856 0.05267
v -0.08381 1.94046 0.04592
v -0.07576 1.93429 0.03981
v -0.06683 1.93344 0.03412
v -0.05679 1.93741 0.02877
v -0.04484 1.94224 0.02415
v -0.03078 1.94339 0.02096
v -0.01542 1.93901 0.01964
v -0.00000 1.93134 0.02001
v 0.01475 1.92512 0.02140
v 0.02896 1.92424 0.02327
v 0.04300 1.92900 0.02562
v 0.05652 1.93591 0.02891
v 0.06826 1.94016 0.03356
v 0.07691 1.93908 0.03951
v 0.08213 1.93403 0.04620
v 0.08480 1.92937 0.05310
v 0.08610 1.92936 0.06000
v 0.04445 1.94966 0.06000
v 0.04492 1.95829 0.06366
v 0.04379 1.96563 0.06736
v 0.04058 1.96754 0.07081
v 0.03550 1.96368 0.07375
v 0.02927 1.95768 0.07610
v 0.02255 1.95452 0.07803
v 0.01554 1.95692 0.07970
v 0.00804 1.96342 0.08105
v 0.00000 1.96936 0.08174
v -0.00820 1.97025 0.08147
v -0.01591 1.96497 0.08017
v -0.02269 1.95660 0.07814
v -0.02862 1.95023 0.07574
v -0.03402 1.94940 0.07318
v -0.03895 1.95357 0.07038
v -0.04290 1.95860 0.06721
v -0.04511 1.95972 0.06367
v -0.04517 1.95502 0.06000
v -0.04340 1.94684 0.05647
v -0.04057 1.94016 0.05319
v -0.03726 1.93907 0.05007
v -0.03346 1.94389 0.04704
v -0.02868 1.95094 0.04422
v -0.02260 1.95519 0.04193
v -0.01540 1.95388 0.04047
v -0.00769 1.94843 0.03987
v -0.00000 1.94344 0.03987
v 0.00757 1.94336 0.04018
v 0.01519 1.94927 0.04074
v 0.02279 1.95809 0.04178
v 0.02987 1.96467 0.04357
v 0.03569 1.96549 0.04618
v 0.03983 1.96107 0.04939
v 0.04252 1.95558 0.05286
v 0.04432 1.95380 0.05639
v 0.04553 1.95767 0.06000
v 0.00000 1.96879 0.06000
v 0.00000 1.97500 0.06000
v 0.00000 1.97608 0.06000
v 0.00000 1.97087 0.06000
v 0.00000 1.96250 0.06000
v 0.00000 1.95615 0.06000
v 0.00000 1.95539 0.06000
v 0.00000 1.95966 0.06000
v 0.00000 1.96475 0.06000
v 0.00000 1.96583 0.06000
v -0.00000 1.96095 0.06000
v -0.00000 1.95252 0.06000
v -0.00000 1.94559 0.06000
v -0.00000 1.94432 0.06000
v -0.00000 1.94904 0.06000
v -0.00000 1.95600 0.06000
v -0.00000 1.96012 0.06000
v -0.00000 1.95859 0.06000
v -0.00000 1.95289 0.06000
v -0.00000 1.94769 0.06000
v -0.00000 1.94752 0.06000
v -0.00000 1.95347 0.06000
v -0.00000 1.96239 0.06000
v -0.00000 1.96908 0.06000
v -0.00000 1.96995 0.06000
v -0.00000 1.96555 0.06000
v -0.00000 1.96010 0.06000
v -0.00000 1.95846 0.06000
v 0.00000 1.96258 0.06000
v 0.00000 1.97010 0.06000
v 0.00000 1.97600 0.06000
v 0.00000 1.97617 0.06000
v 0.00000 1.97034 0.06000
v 0.00000 1.96229 0.06000
v 0.00000 1.95715 0.06000
v 0.00000 1.95778 0.06000
v 0.00000 1.96275 0.06000
f 1 38 39 2
f 2 39 40 3
f 3 40 41 4
f 4 41 42 5
f 5 42 43 6
f 6 43 44 7
f 7 44 45 8
f 8 45 46 9
f 9 46 47 10
f 10 47 48 11
f 11 48 49 12
f 12 49 50 13
f 13 50 51 14
f 14 51 52 15
f 15 52 53 16
f 16 53 54 17
f 17 54 55 18
f 18 55 56 19
f 19 56 57 20
f 20 57 58 21
f 21 58 59 22
f 22 59 60 23
f 23 60 61 24
f 24 61 62 25
f 25 62 63 26
f 26 63 64 27
f 27 64 65 28
f 28 65 66 29
f 29 66 67 30
f 30 67 68 31
f 31 68 69 32
f 32 69 70 33
f 33 70 71 34
f 34 71 72 35
f 35 72 73 36
f 36 73 74 37
f 38 75 76 39
f 39 76 77 40
f 40 77 78 41
f 41 78 79 42
f 42 79 80 43
f 43 80 81 44
f 44 81 82 45
f 45 82 83 46
f 46 83 84 47
f 47 84 85 48
f 48 85 86 49
f 49 86 87 50
f 50 87 88 51
f 51 88 89 52
f 52 89 90 53
f 53 90 91 54
f 54 91 92 55
f 55 92 93 56
f 56 93 94 57
f 57 94 95 58
f 58 95 96 59
f 59 96 97 60
f 60 97 98 61
f 61 98 99 62
f 62 99 100 63
f 63 100 101 64
f 64 101 102 65
f 65 102 103 66
f 66 103 104 67
f 67 104 105 68
f 68 105 106 69
f 69 106 107 70
f 70 107 108 71
f 71 108 109 72
f 72 109 110 73
f 73 110 111 74
f 75 112 113 76
f 76 113 114 77
f 77 114 115 78
f 78 115 116 79
f 79 116 117 80
f 80 117 118 81
f 81 118 119 82
f 82 119 120 83
f 83 120 121 84
f 84 121 122 85
f 85 122 123 86
f 86 123 124 87
f 87 124 125 88
f 88 125 126 89
f 89 126 127 90
f 90 127 128 91
f 91 128 129 92
f 92 129 130 93
f 93 130 131 94
f 94 131 132 95
f 95 132 133 96
f 96 133 134 97
f 97 134 135 98
f 98 135 136 99
f 99 136 137 100
f 100 137 138 101
f 101 138 139 102
f 102 139 140 103
f 103 140 141 104
f 104 141 142 105
f 105 142 143 106
f 106 143 144 107
f 107 144 145 108
f 108 145 146 109
f 109 146 147 110
f 110 147 148 111
f 112 149 150 113
f 113 150 151 114
f 114 151 152 115
f 115 152 153 116
f 116 153 154 117
f 117 154 155 118
f 118 155 156 119
f 119 156 157 120
f 120 157 158 121
f 121 158 159 122
f 122 159 160 123
f 123 160 161 124
f 124 161 162 125
f 125 162 163 126
f 126 163 164 127
f 127 164 165 128
f 128 165 166 129
f 129 166 167 130
f 130 167 168 131
f 131 168 169 132
f 132 169 170 133
f 133 170 171 134
f 134 171 172 135
f 135 172 173 136
f 136 173 174 137
f 137 174 175 138
f 138 175 176 139
f 139 176 177 140
f 140 177 178 141
f 141 178 179 142
f 142 179 180 143
f 143 180 181 144
f 144 181 182 145
f 145 182 183 146
f 146 183 184 147
f 147 184 185 148
f 149 186 187 150
f 150 187 188 151
f 151 188 189 152
f 152 189 190 153
f 153 190 191 154
f 154 191 192 155
f 155 192 193 156
f 156 193 194 157
f 157 194 195 158
f 158 195 196 159
f 159 196 197 160
f 160 197 198 161
f 161 198 199 162
f 162 199 200 163
f 163 200 201 164
f 164 201 202 165
f 165 202 203 166
f 166 203 204 167
f 167 204 205 168
f 168 205 206 169
f 169 206 207 170
f 170 207 208 171
f 171 208 209 172
f 172 209 210 173
f 173 210 211 174
f 174 211 212 175
f 175 212 213 176
f 176 213 214 177
f 177 214 215 178
f 178 215 216 179
f 179 216 217 180
f 180 217 218 181
f 181 218 219 182
f 182 219 220 183
f 183 220 221 184
f 184 221 222 185
f 186 223 224 187
f 187 224 225 188
f 188 225 226 189
f 189 226 227 190
f 190 227 228 191
f 191 228 229 192
f 192 229 230 193
f 193 230 231 194
f 194 231 232 195
f 195 232 233 196
f 196 233 234 197
f 197 234 235 198
f 198 235 236 199
f 199 236 237 200
f 200 237 238 201
f 201 238 239 202
f 202 239 240 203
f 203 240 241 204
f 204 241 242 205
f 205 242 243 206
f 206 243 244 207
f 207 244 245 208
f 208 245 246 209
f 209 246 247 210
f 210 247 248 211
f 211 248 249 212
f 212 249 250 213
f 213 250 251 214
f 214 251 252 215
f 215 252 253 216
f 216 253 254 217
f 217 254 255 218
f 218 255 256 219
f 219 256 257 220
f 220 257 258 221
f 221 258 259 222
f 223 260 261 224
f 224 261 262 225
f 225 262 263 226
f 226 263 264 227
f 227 264 265 228
f 228 265 266 229
f 229 266 267 230
f 230 267 268 231
f 231 268 269 232
f 232 269 270 233
f 233 270 271 234
f 234 271 272 235
f 235 272 273 236
f 236 273 274 237
f 237 274 275 238
f 238 275 276 239
f 239 276 277 240
f 240 277 278 241
f 241 278 279 242
f 242 279 280 243
f 243 280 281 244
f 244 281 282 245
f 245 282 283 246
f 246 283 284 247
f 247 284 285 248
f 248 285 286 249
f 249 286 287 250
f 250 287 288 251
f 251 288 289 252
f 252 289 290 253
f 253 290 291 254
f 254 291 292 255
f 255 292 293 256
f 256 293 294 257
f 257 294 295 258
f 258 295 296 259
f 260 297 298 261
f 261 298 299 262
f 262 299 300 263
f 263 300 301 264
f 264 301 302 265
f 265 302 303 266
f 266 303 304 267
f 267 304 305 268
f 268 305 306 269
f 269 306 307 270
f 270 307 308 271
f 271 308 309 272
f 272 309 310 273
f 273 310 311 274
f 274 311 312 275
f 275 312 313 276
f 276 313 314 277
f 277 314 315 278
f 278 315 316 279
f 279 316 317 280
f 280 317 318 281
f 281 318 319 282
f 282 319 320 283
f 283 320 321 284
f 284 321 322 285
f 285 322 323 286
f 286 323 324 287
f 287 324 325 288
f 288 325 326 289
f 289 326 327 290
f 290 327 328 291
f 291 328 329 292
f 292 329 330 293
f 293 330 331 294
f 294 331 332 295
f 295 332 333 296
f 297 334 335 298
f 298 335 336 299
f 299 336 337 300
f 300 337 338 301
f 301 338 339 302
f 302 339 340 303
f 303 340 341 304
f 304 341 342 305
f 305 342 343 306
f 306 343 344 307
f 307 344 345 308
f 308 345 346 309
f 309 346 347 310
f 310 347 348 311
f 311 348 349 312
f 312 349 350 313
f 313 350 351 314
f 314 351 352 315
f 315 352 353 316
f 316 353 354 317
f 317 354 355 318
f 318 355 356 319
f 319 356 357 320
f 320 357 358 321
f 321 358 359 322
f 322 359 360 323
f 323 360 361 324
f 324 361 362 325
f 325 362 363 326
f 326 363 364 327
f 327 364 365 328
f 328 365 366 329
f 329 366 367 330
f 330 367 368 331
f 331 368 369 332
f 332 369 370 333
f 334 371 372 335
f 335 372 373 336
f 336 373 374 337
f 337 374 375 338
f 338 375 376 339
f 339 376 377 340
f 340 377 378 341
f 341 378 379 342
f 342 379 380 343
f 343 380 381 344
f 344 381 382 345
f 345 382 383 346
f 346 383 384 347
f 347 384 385 348
f 348 385 386 349
f 349 386 387 350
f 350 387 388 351
f 351 388 389 352
f 352 389 390 353
f 353 390 391 354
f 354 391 392 355
f 355 392 393 356
f 356 393 394 357
f 357 394 395 358
f 358 395 396 359
f 359 396 397 360
f 360 397 398 361
f 361 398 399 362
f 362 399 400 363
f 363 400 401 364
f 364 401 402 365
f 365 402 403 366
f 366 403 404 367
f 367 404 405 368
f 368 405 406 369
f 369 406 407 370
f 371 408 409 372
f 372 409 410 373
f 373 410 411 374
f 374 411 412 375
f 375 412 413 376
f 376 413 414 377
f 377 414 415 378
f 378 415 416 379
f 379 416 417 380
f 380 417 418 381
f 381 418 419 382
f 382 419 420 383
f 383 420 421 384
f 384 421 422 385
f 385 422 423 386
f 386 423 424 387
f 387 424 425 388
f 388 425 426 389
f 389 426 427 390
f 390 427 428 391
f 391 428 429 392
f 392 429 430 393
f 393 430 431 394
f 394 431 432 395
f 395 432 433 396
f 396 433 434 397
f 397 434 435 398
f 398 435 436 399
f 399 436 437 400
f 400 437 438 401
f 401 438 439 402
f 402 439 440 403
f 403 440 441 404
f 404 441 442 405
f 405 442 443 406
f 406 443 444 407
f 408 445 446 409
f 409 446 447 410
f 410 447 448 411
f 411 448 449 412
f 412 449 450 413
f 413 450 451 414
f 414 451 452 415
f 415 452 453 416
f 416 453 454 417
f 417 454 455 418
f 418 455 456 419
f 419 456 457 420
f 420 457 458 421
f 421 458 459 422
f 422 459 460 423
f 423 460 461 424
f 424 461 462 425
f 425 462 463 426
f 426 463 464 427
f 427 464 465 428
f 428 465 466 429
f 429 466 467 430
f 430 467 468 431
f 431 468 469 432
f 432 469 470 433
f 433 470 471 434
f 434 471 472 435
f 435 472 473 436
f 436 473 474 437
f 437 474 475 438
f 438 475 476 439
f 439 476 477 440
f 440 477 478 441
f 441 478 479 442
f 442 479 480 443
f 443 480 481 444
f 445 482 483 446
f 446 483 484 447
f 447 484 485 448
f 448 485 486 449
f 449 486 487 450
f 450 487 488 451
f 451 488 489 452
f 452 489 490 453
f 453 490 491 454
f 454 491 492 455
f 455 492 493 456
f 456 493 494 457
f 457 494 495 458
f 458 495 496 459
f 459 496 497 460
f 460 497 498 461
f 461 498 499 462
f 462 499 500 463
f 463 500 501 464
f 464 501 502 465
f 465 502 503 466
f 466 503 504 467
f 467 504 505 468
f 468 505 506 469
f 469 506 507 470
f 470 507 508 471
f 471 508 509 472
f 472 509 510 473
f 473 510 511 474
f 474 511 512 475
f 475 512 513 476
f 476 513 514 477
f 477 514 515 478
f 478 515 516 479
f 479 516 517 480
f 480 517 518 481
f 482 519 520 483
f 483 520 521 484
f 484 521 522 485
f 485 522 523 486
f 486 523 524 487
f 487 524 525 488
f 488 525 526 489
f 489 526 527 490
f 490 527 528 491
f 491 528 529 492
f 492 529 530 493
f 493 530 531 494
f 494 531 532 495
f 495 532 533 496
f 496 533 534 497
f 497 534 535 498
f 498 535 536 499
f 499 536 537 500
f 500 537 538 501
f 501 538 539 502
f 502 539 540 503
f 503 540 541 504
f 504 541 542 505
f 505 542 543 506
f 506 543 544 507
f 507 544 545 508
f 508 545 546 509
f 509 546 547 510
f 510 547 548 511
f 511 548 549 512
f 512 549 550 513
f 513 550 551 514
f 514 551 552 515
f 515 552 553 516
f 516 553 554 517
f 517 554 555 518
f 519 556 557 520
f 520 557 558 521
f 521 558 559 522
f 522 559 560 523
f 523 560 561 524
f 524 561 562 525
f 525 562 563 526
f 526 563 564 527
f 527 564 565 528
f 528 565 566 529
f 529 566 567 530
f 530 567 568 531
f 531 568 569 532
f 532 569 570 533
f 533 570 571 534
f 534 571 572 535
f 535 572 573 536
f 536 573 574 537
f 537 574 575 538
f 538 575 576 539
f 539 576 577 540
f 540 577 578 541
f 541 578 579 542
f 542 579 580 543
f 543 580 581 544
f 544 581 582 545
f 545 582 583 546
f 546 583 584 547
f 547 584 585 548
f 548 585 586 549
f 549 586 587 550
f 550 587 588 551
f 551 588 589 552
f 552 589 590 553
f 553 590 591 554
f 554 591 592 555
f 556 593 594 557
f 557 594 595 558
f 558 595 596 559
f 559 596 597 560
f 560 597 598 561
f 561 598 599 562
f 562 599 600 563
f 563 600 601 564
f 564 601 602 565
f 565 602 603 566
f 566 603 604 567
f 567 604 605 568
f 568 605 606 569
f 569 606 607 570
f 570 607 608 571
f 571 608 609 572
f 572 609 610 573
f 573 610 611 574
f 574 611 612 575
f 575 612 613 576
f 576 613 614 577
f 577 614 615 578
f 578 615 616 579
f 579 616 617 580
f 580 617 618 581
f 581 618 619 582
f 582 619 620 583
f 583 620 621 584
f 584 621 622 585
f 585 622 623 586
f 586 623 624 587
f 587 624 625 588
f 588 625 626 589
f 589 626 627 590
f 590 627 628 591
f 591 628 629 592
f 593 630 631 594
f 594 631 632 595
f 595 632 633 596
f 596 633 634 597
f 597 634 635 598
f 598 635 636 599
f 599 636 637 600
f 600 637 638 601
f 601 638 639 602
f 602 639 640 603
f 603 640 641 604
f 604 641 642 605
f 605 642 643 606
f 606 643 644 607
f 607 644 645 608
f 608 645 646 609
f 609 646 647 610
f 610 647 648 611
f 611 648 649 612
f 612 649 650 613
f 613 650 651 614
f 614 651 652 615
f 615 652 653 616
f 616 653 654 617
f 617 654 655 618
f 618 655 656 619
f 619 656 657 620
f 620 657 658 621
f 621 658 659 622
f 622 659 660 623
f 623 660 661 624
f 624 661 662 625
f 625 662 663 626
f 626 663 664 627
f 627 664 665 628
f 628 665 666 629
f 630 667 668 631
f 631 668 669 632
f 632 669 670 633
f 633 670 671 634
f 634 671 672 635
f 635 672 673 636
f 636 673 674 637
f 637 674 675 638
f 638 675 676 639
f 639 676 677 640
f 640 677 678 641
f 641 678 679 642
f 642 679 680 643
f 643 680 681 644
f 644 681 682 645
f 645 682 683 646
f 646 683 684 647
f 647 684 685 648
f 648 685 686 649
f 649 686 687 650
f 650 687 688 651
f 651 688 689 652
f 652 689 690 653
f 653 690 691 654
f 654 691 692 655
f 655 692 693 656
f 656 693 694 657
f 657 694 695 658
f 658 695 696 659
f 659 696 697 660
f 660 697 698 661
f 661 698 699 662
f 662 699 700 663
f 663 700 701 664
f 664 701 702 665
f 665 702 703 666
o skin_pelvis_bony
g skin_pelvis_bony
v 0.00000 0.25450 -0.02000
v 0.00000 0.25035 -0.02000
v 0.00000 0.25059 -0.02000
v 0.00000 0.25464 -0.02000
v 0.00000 0.25739 -0.02000
v 0.00000 0.25504 -0.02000
v 0.00000 0.24942 -0.02000
v 0.00000 0.24595 -0.02000
v -0.00000 0.24756 -0.02000
v -0.00000 0.25139 -0.02000
v -0.00000 0.25212 -0.02000
v -0.00000 0.24797 -0.02000
v -0.00000 0.24282 -0.02000
v -0.00000 0.24182 -0.02000
v -0.00000 0.24559 -0.02000
v -0.00000 0.24955 -0.02000
v -0.00000 0.24913 -0.02000
v -0.00000 0.24491 -0.02000
v -0.00000 0.24200 -0.02000
v -0.00000 0.24422 -0.02000
v -0.00000 0.24975 -0.02000
v -0.00000 0.25316 -0.02000
v 0.00000 0.25154 -0.02000
v 0.00000 0.24772 -0.02000
v 0.00000 0.24706 -0.02000
v 0.00000 0.25130 -0.02000
v 0.00000 0.25658 -0.02000
v 0.00000 0.25773 -0.02000
v 0.00000 0.25414 -0.02000
v 0.04570 0.24978 -0.02000
v 0.04510 0.24758 -0.01228
v 0.04106 0.25030 -0.00517
v 0.03487 0.25415 0.00085
v 0.02780 0.25420 0.00614
v 0.01980 0.25002 0.01084
v 0.01037 0.24617 0.01409
v 0.00000 0.24703 0.01480
v -0.01005 0.25188 0.01303
v -0.01918 0.25566 0.00988
v -0.02772 0.25470 0.00607
v -0.03552 0.25087 0.00124
v -0.04127 0.24937 -0.00509
v -0.04379 0.25288 -0.01250
v -0.04352 0.25841 -0.02000
v -0.04186 0.26070 -0.02717
v -0.03928 0.25809 -0.03419
v -0.03482 0.25438 -0.04083
v -0.02775 0.25450 -0.04610
v -0.01883 0.25885 -0.04933
v -0.00943 0.26289 -0.05099
v -0.00000 0.26221 -0.05191
v 0.00973 0.25753 -0.05198
v 0.01938 0.25391 -0.05018
v 0.02767 0.25500 -0.04602
v 0.03392 0.25894 -0.04029
v 0.03873 0.26050 -0.03399
v 0.04277 0.25703 -0.02732
v 0.04527 0.25149 -0.02000
v 0.09027 0.26130 -0.02000
v 0.08677 0.26366 -0.00515
v 0.07773 0.26876 0.00808
v 0.06622 0.27170 0.01961
v 0.05336 0.27006 0.03018
v 0.03793 0.26662 0.03907
v 0.01951 0.26617 0.04410
v 0.00000 0.27004 0.04420
v -0.01851 0.27455 0.04082
v -0.03594 0.27518 0.03598
v -0.05284 0.27162 0.02969
v -0.06772 0.26813 0.02050
v -0.07776 0.26870 0.00809
v -0.08215 0.27252 -0.00594
v -0.08297 0.27493 -0.02000
v -0.08207 0.27268 -0.03405
v -0.07827 0.26765 -0.04827
v -0.06913 0.26476 -0.06135
v -0.05458 0.26641 -0.07133
v -0.03719 0.26981 -0.07792
v -0.01903 0.27020 -0.08252
v -0.00000 0.26624 -0.08572
v 0.02005 0.26160 -0.08589
v 0.03928 0.26083 -0.08117
v 0.05530 0.26423 -0.07201
v 0.06796 0.26755 -0.06065
v 0.07867 0.26681 -0.04841
v 0.08721 0.26282 -0.03493
v 0.09082 0.26026 -0.02000
v 0.12435 0.28966 -0.02000
v 0.11829 0.29307 0.00025
v 0.10697 0.29600 0.01864
v 0.09348 0.29507 0.03591
v 0.07674 0.29109 0.05218
v 0.05453 0.28817 0.06492
v 0.02778 0.28910 0.07129
v 0.00000 0.29217 0.07160
v -0.02698 0.29318 0.06864
v -0.05375 0.29020 0.06370
v -0.07966 0.28581 0.05492
v -0.10102 0.28418 0.04042
v -0.11461 0.28643 0.02140
v -0.12150 0.28936 0.00080
v -0.12485 0.28910 -0.02000
v -0.12478 0.28555 -0.04136
v -0.11778 0.28247 -0.06254
v -0.10166 0.28326 -0.08080
v -0.07894 0.28711 -0.09424
v -0.05386 0.28990 -0.10389
v -0.02783 0.28887 -0.11144
v -0.00000 0.28573 -0.11588
v 0.02866 0.28467 -0.11416
v 0.05474 0.28763 -0.10524
v 0.07622 0.29204 -0.09168
v 0.09442 0.29371 -0.07647
v 0.11054 0.29153 -0.05993
v 0.12206 0.28871 -0.04089
v 0.12487 0.28908 -0.02000
v 0.15855 0.31621 -0.02000
v 0.15137 0.31857 0.00591
v 0.13967 0.31874 0.03044
v 0.12420 0.31598 0.05428
v 0.10168 0.31295 0.07563
v 0.07091 0.31271 0.09043
v 0.03557 0.31528 0.09688
v 0.00000 0.31763 0.09742
v -0.03500 0.31711 0.09500
v -0.06985 0.31446 0.08878
v -0.10169 0.31294 0.07564
v -0.12563 0.31467 0.05514
v -0.14038 0.31817 0.03070
v -0.14937 0.32004 0.00557
v -0.15497 0.31878 -0.02000
v -0.15425 0.31645 -0.04640
v -0.14270 0.31632 -0.07154
v -0.12075 0.31915 -0.09222
v -0.09358 0.32227 -0.10801
v -0.06491 0.32262 -0.12110
v -0.03405 0.32016 -0.13190
v -0.00000 0.31793 -0.13711
v 0.03455 0.31856 -0.13353
v 0.06569 0.32133 -0.12231
v 0.09300 0.32295 -0.10746
v 0.11840 0.32131 -0.09082
v 0.14075 0.31787 -0.07084
v 0.15479 0.31605 -0.04650
v 0.15698 0.31733 -0.02000
v 0.18214 0.35106 -0.02000
v 0.17409 0.35261 0.00980
v 0.16213 0.35201 0.03856
v 0.14375 0.35031 0.06598
v 0.11529 0.34985 0.08843
v 0.07849 0.35159 0.10224
v 0.03902 0.35400 0.10821
v 0.00000 0.35479 0.11015
v -0.03930 0.35345 0.10914
v -0.07822 0.35186 0.10182
v -0.11207 0.35209 0.08540
v -0.13693 0.35409 0.06190
v -0.15444 0.35571 0.03578
v -0.16840 0.35514 0.00883
v -0.17776 0.35296 -0.02000
v -0.17664 0.35147 -0.05024
v -0.16188 0.35212 -0.07847
v -0.13735 0.35386 -0.10215
v -0.10885 0.35434 -0.12237
v -0.07748 0.35260 -0.14067
v -0.04098 0.35018 -0.15466
v -0.00000 0.34936 -0.15953
v 0.04074 0.35065 -0.15386
v 0.07790 0.35219 -0.14131
v 0.11237 0.35189 -0.12568
v 0.14465 0.34981 -0.10651
v 0.17022 0.34811 -0.08148
v 0.18310 0.34860 -0.05134
v 0.18296 0.35070 -0.02000
v 0.18635 0.39172 -0.02000
v 0.18158 0.39174 0.01108
v 0.17199 0.39079 0.04212
v 0.15235 0.38997 0.07112
v 0.12080 0.39020 0.09361
v 0.08206 0.39115 0.10780
v 0.04156 0.39164 0.11656
v 0.00000 0.39096 0.12254
v -0.04365 0.38971 0.12343
v -0.08642 0.38909 0.11458
v -0.12268 0.38958 0.09538
v -0.15071 0.39040 0.07014
v -0.17371 0.39039 0.04274
v -0.19289 0.38936 0.01302
v -0.20311 0.38828 -0.02000
v -0.19829 0.38822 -0.05394
v -0.17925 0.38913 -0.08474
v -0.15260 0.38991 -0.11127
v -0.12251 0.38964 -0.13522
v -0.08734 0.38865 -0.15603
v -0.04536 0.38813 -0.16905
v -0.00000 0.38877 -0.17053
v 0.04333 0.39000 -0.16237
v 0.08320 0.39061 -0.14958
v 0.12108 0.39011 -0.13387
v 0.15493 0.38929 -0.11266
v 0.17845 0.38931 -0.08445
v 0.18808 0.39037 -0.05220
v 0.18753 0.39148 -0.02000
v 0.19509 0.43000 -0.02000
v 0.19474 0.43000 0.01334
v 0.18545 0.43000 0.04698
v 0.16225 0.43000 0.07704
v 0.12713 0.43000 0.09957
v 0.08674 0.43000 0.11509
v 0.04467 0.43000 0.12678
v 0.00000 0.43000 0.13443
v -0.04669 0.43000 0.13341
v -0.09025 0.43000 0.12056
v -0.12614 0.43000 0.09863
v -0.15535 0.43000 0.07291
v -0.18071 0.43000 0.04527
v -0.19983 0.43000 0.01421
v -0.20591 0.43000 -0.02000
v -0.19620 0.43000 -0.05359
v -0.17580 0.43000 -0.08350
v -0.15116 0.43000 -0.11041
v -0.12273 0.43000 -0.13542
v -0.08707 0.43000 -0.15560
v -0.04443 0.43000 -0.16599
v -0.00000 0.43000 -0.16572
v 0.04232 0.43000 -0.15907
v 0.08321 0.43000 -0.14959
v 0.12299 0.43000 -0.13567
v 0.15692 0.43000 -0.11385
v 0.17899 0.43000 -0.08465
v 0.18928 0.43000 -0.05240
v 0.19313 0.43000 -0.02000
v 0.19630 0.47032 -0.02000
v 0.19587 0.47127 0.01353
v 0.18290 0.47170 0.04606
v 0.15593 0.47097 0.07326
v 0.12055 0.46972 0.09337
v 0.08269 0.46915 0.10878
v 0.04299 0.46968 0.12125
v 0.00000 0.47049 0.12783
v -0.04380 0.47043 0.12391
v -0.08315 0.46937 0.10950
v -0.11633 0.46833 0.08940
v -0.14591 0.46834 0.06727
v -0.17228 0.46928 0.04223
v -0.18997 0.47003 0.01252
v -0.19334 0.46971 -0.02000
v -0.18381 0.46873 -0.05147
v -0.16783 0.46827 -0.08062
v -0.14832 0.46897 -0.10871
v -0.12203 0.47020 -0.13477
v -0.08610 0.47076 -0.15409
v -0.04357 0.47022 -0.16317
v -0.00000 0.46942 -0.16394
v 0.04278 0.46950 -0.16059
v 0.08571 0.47058 -0.15349
v 0.12643 0.47165 -0.13890
v 0.15863 0.47168 -0.11488
v 0.17883 0.47077 -0.08459
v 0.19016 0.47007 -0.05255
v 0.19678 0.47042 -0.02000
v 0.17675 0.50661 -0.02000
v 0.17574 0.50813 0.01008
v 0.16155 0.50771 0.03835
v 0.13652 0.50568 0.06165
v 0.10683 0.50426 0.08047
v 0.07517 0.50509 0.09707
v 0.03971 0.50735 0.11049
v 0.00000 0.50869 0.11616
v -0.03998 0.50787 0.11138
v -0.07626 0.50618 0.09877
v -0.10922 0.50592 0.08272
v -0.14039 0.50783 0.06397
v -0.16667 0.51018 0.04020
v -0.18165 0.51076 0.01110
v -0.18301 0.50932 -0.02000
v -0.17514 0.50786 -0.04998
v -0.16286 0.50835 -0.07882
v -0.14514 0.51046 -0.10681
v -0.11790 0.51196 -0.13089
v -0.08130 0.51121 -0.14662
v -0.04058 0.50903 -0.15333
v -0.00000 0.50776 -0.15456
v 0.04037 0.50863 -0.15266
v 0.08046 0.51037 -0.14530
v 0.11603 0.51066 -0.12912
v 0.14208 0.50877 -0.10498
v 0.15883 0.50641 -0.07737
v 0.17052 0.50581 -0.04919
v 0.17813 0.50721 -0.02000
v 0.15806 0.54345 -0.02000
v 0.15607 0.54489 0.00672
v 0.14220 0.54328 0.03136
v 0.12099 0.54107 0.05236
v 0.09675 0.54138 0.07099
v 0.06917 0.54441 0.08772
v 0.03634 0.54722 0.09942
v 0.00000 0.54700 0.10226
v -0.03543 0.54427 0.09642
v -0.06786 0.54226 0.08569
v -0.09838 0.54325 0.07253
v -0.12636 0.54600 0.05557
v -0.14704 0.54713 0.03311
v -0.15621 0.54500 0.00674
v -0.15541 0.54154 -0.02000
v -0.14959 0.54012 -0.04561
v -0.14027 0.54174 -0.07066
v -0.12410 0.54393 -0.09423
v -0.09866 0.54357 -0.11279
v -0.06678 0.54047 -0.12400
v -0.03335 0.53757 -0.12959
v -0.00000 0.53769 -0.13253
v 0.03420 0.54031 -0.13238
v 0.06783 0.54220 -0.12563
v 0.09650 0.54109 -0.11076
v 0.11790 0.53823 -0.09052
v 0.13431 0.53699 -0.06851
v 0.14811 0.53904 -0.04535
v 0.15664 0.54242 -0.02000
v 0.13082 0.57764 -0.02000
v 0.12605 0.57592 0.00158
v 0.11320 0.57180 0.02089
v 0.09666 0.56953 0.03781
v 0.07797 0.57114 0.05333
v 0.05542 0.57414 0.06630
v 0.02847 0.57440 0.07356
v 0.00000 0.57084 0.07359
v -0.02695 0.56668 0.06855
v -0.05223 0.56586 0.06134
v -0.07655 0.56857 0.05200
v -0.09776 0.57111 0.03847
v -0.11183 0.57007 0.02039
v -0.11770 0.56625 0.00015
v -0.11850 0.56374 -0.02000
v -0.11689 0.56531 -0.04001
v -0.11120 0.56930 -0.06017
v -0.09799 0.57144 -0.07861
v -0.07720 0.56974 -0.09261
v -0.05254 0.56667 -0.10183
v -0.02689 0.56636 -0.10835
v -0.00000 0.56992 -0.11298
v 0.02841 0.57409 -0.11336
v 0.05573 0.57496 -0.10680
v 0.07863 0.57233 -0.09395
v 0.09691 0.56989 -0.07796
v 0.11260 0.57105 -0.06067
v 0.12527 0.57501 -0.04144
v 0.13085 0.57767 -0.02000
v 0.08728 0.59311 -0.02000
v 0.08276 0.58865 -0.00583
v 0.07461 0.58477 0.00695
v 0.06499 0.58535 0.01887
v 0.05318 0.58941 0.03002
v 0.03765 0.59219 0.03864
v 0.01912 0.59059 0.04283
v 0.00000 0.58666 0.04287
v -0.01849 0.58526 0.04075
v -0.03681 0.58856 0.03733
v -0.05456 0.59354 0.03131
v -0.06919 0.59538 0.02138
v -0.07853 0.59290 0.00836
v -0.08337 0.58982 -0.00573
v -0.08591 0.59055 -0.02000
v -0.08614 0.59512 -0.03475
v -0.08154 0.59914 -0.04945
v -0.07057 0.59870 -0.06221
v -0.05498 0.59481 -0.07171
v -0.03766 0.59220 -0.07865
v -0.01952 0.59397 -0.08415
v -0.00000 0.59806 -0.08744
v 0.02019 0.59960 -0.08636
v 0.03864 0.59642 -0.08017
v 0.05389 0.59154 -0.07068
v 0.06683 0.58976 -0.05997
v 0.07823 0.59227 -0.04825
v 0.08625 0.59533 -0.03476
v 0.08805 0.59456 -0.02000
v 0.04438 0.60498 -0.02000
v 0.04236 0.60131 -0.01275
v 0.03913 0.60124 -0.00587
v 0.03486 0.60584 0.00085
v 0.02860 0.61090 0.00690
v 0.01999 0.61166 0.01113
v 0.01005 0.60813 0.01303
v 0.00000 0.60507 0.01330
v -0.00996 0.60656 0.01274
v -0.01995 0.61134 0.01107
v -0.02913 0.61423 0.00740
v -0.03608 0.61198 0.00158
v -0.04043 0.60696 -0.00540
v -0.04313 0.60446 -0.01262
v -0.04482 0.60674 -0.02000
v -0.04463 0.61050 -0.02764
v -0.04127 0.61061 -0.03491
v -0.03490 0.60602 -0.04087
v -0.02703 0.60092 -0.04542
v -0.01872 0.60009 -0.04915
v -0.00979 0.60352 -0.05218
v -0.00000 0.60644 -0.05356
v 0.00986 0.60479 -0.05241
v 0.01869 0.59984 -0.04911
v 0.02637 0.59677 -0.04480
v 0.03347 0.59883 -0.04002
v 0.03968 0.60367 -0.03433
v 0.04352 0.60601 -0.02745
v 0.04402 0.60359 -0.02000
v 0.00000 0.61285 -0.02000
v 0.00000 0.60991 -0.02000
v 0.00000 0.61186 -0.02000
v 0.00000 0.61618 -0.02000
v 0.00000 0.61745 -0.02000
v 0.00000 0.61356 -0.02000
v 0.00000 0.60807 -0.02000
v 0.00000 0.60627 -0.02000
v -0.00000 0.60918 -0.02000
v -0.00000 0.61249 -0.02000
v -0.00000 0.61144 -0.02000
v -0.00000 0.60629 -0.02000
v -0.00000 0.60204 -0.02000
v -0.00000 0.60282 -0.02000
v -0.00000 0.60724 -0.02000
v -0.00000 0.60999 -0.02000
v -0.00000 0.60785 -0.02000
v -0.00000 0.60337 -0.02000
v -0.00000 0.60194 -0.02000
v -0.00000 0.60570 -0.02000
v -0.00000 0.61110 -0.02000
v -0.00000 0.61285 -0.02000
v 0.00000 0.60992 -0.02000
v 0.00000 0.60663 -0.02000
v 0.00000 0.60773 -0.02000
v 0.00000 0.61298 -0.02000
v 0.00000 0.61736 -0.02000
v 0.00000 0.61674 -0.02000
v 0.00000 0.61249 -0.02000
f 1 30 31 2
f 2 31 32 3
f 3 32 33 4
f 4 33 34 5
f 5 34 35 6
f 6 35 36 7
f 7 36 37 8
f 8 37 38 9
f 9 38 39 10
f 10 39 40 11
f 11 40 41 12
f 12 41 42 13
f 13 42 43 14
f 14 43 44 15
f 15 44 45 16
f 16 45 46 17
f 17 46 47 18
f 18 47 48 19
f 19 48 49 20
f 20 49 50 21
f 21 50 51 22
f 22 51 52 23
f 23 52 53 24
f 24 53 54 25
f 25 54 55 26
f 26 55 56 27
f 27 56 57 28
f 28 57 58 29
f 30 59 60 31
f 31 60 61 32
f 32 61 62 33
f 33 62 63 34
f 34 63 64 35
f 35 64 65 36
f 36 65 66 37
f 37 66 67 38
f 38 67 68 39
f 39 68 69 40
f 40 69 70 41
f 41 70 71 42
f 42 71 72 43
f 43 72 73 44
f 44 73 74 45
f 45 74 75 46
f 46 75 76 47
f 47 76 77 48
f 48 77 78 49
f 49 78 79 50
f 50 79 80 51
f 51 80 81 52
f 52 81 82 53
f 53 82 83 54
f 54 83 84 55
f 55 84 85 56
f 56 85 86 57
f 57 86 87 58
f 59 88 89 60
f 60 89 90 61
f 61 90 91 62
f 62 91 92 63
f 63 92 93 64
f 64 93 94 65
f 65 94 95 66
f 66 95 96 67
f 67 96 97 68
f 68 97 98 69
f 69 98 99 70
f 70 99 100 71
f 71 100 101 72
f 72 101 102 73
f 73 102 103 74
f 74 103 104 75
f 75 104 105 76
f 76 105 106 77
f 77 106 107 78
f 78 107 108 79
f 79 108 109 80
f 80 109 110 81
f 81 110 111 82
f 82 111 112 83
f 83 112 113 84
f 84 113 114 85
f 85 114 115 86
f 86 115 116 87
f 88 117 118 89
f 89 118 119 90
f 90 119 120 91
f 91 120 121 92
f 92 121 122 93
f 93 122 123 94
f 94 123 124 95
f 95 124 125 96
f 96 125 126 97
f 97 126 127 98
f 98 127 128 99
f 99 128 129 100
f 100 129 130 101
f 101 130 131 102
f 102 131 132 103
f 103 132 133 104
f 104 133 134 105
f 105 134 135 106
f 106 135 136 107
f 107 136 137 108
f 108 137 138 109
f 109 138 139 110
f 110 139 140 111
f 111 140 141 112
f 112 141 142 113
f 113 142 143 114
f 114 143 144 115
f 115 144 145 116
f 117 146 147 118
f 118 147 148 119
f 119 148 149 120
f 120 149 150 121
f 121 150 151 122
f 122 151 152 123
f 123 152 153 124
f 124 153 154 125
f 125 154 155 126
f 126 155 156 127
f 127 156 157 128
f 128 157 158 129
f 129 158 159 130
f 130 159 160 131
f 131 160 161 132
f 132 161 162 133
f 133 162 163 134
f 134 163 164 135
f 135 164 165 136
f 136 165 166 137
f 137 166 167 138
f 138 167 168 139
f 139 168 169 140
f 140 169 170 141
f 141 170 171 142
f 142 171 172 143
f 143 172 173 144
f 144 173 174 145
f 146 175 176 147
f 147 176 177 148
f 148 177 178 149
f 149 178 179 150
f 150 179 180 151
f 151 180 181 152
f 152 181 182 153
f 153 182 183 154
f 154 183 184 155
f 155 184 185 156
f 156 185 186 157
f 157 186 187 158
f 158 187 188 159
f 159 188 189 160
f 160 189 190 161
f 161 190 191 162
f 162 191 192 163
f 163 192 193 164
f 164 193 194 165
f 165 194 195 166
f 166 195 196 167
f 167 196 197 168
f 168 197 198 169
f 169 198 199 170
f 170 199 200 171
f 171 200 201 172
f 172 201 202 173
f 173 202 203 174
f 175 204 205 176
f 176 205 206 177
f 177 206 207 178
f 178 207 208 179
f 179 208 209 180
f 180 209 210 181
f 181 210 211 182
f 182 211 212 183
f 183 212 213 184
f 184 213 214 185
f 185 214 215 186
f 186 215 216 187
f 187 216 217 188
f 188 217 218 189
f 189 218 219 190
f 190 219 220 191
f 191 220 221 192
f 192 221 222 193
f 193 222 223 194
f 194 223 224 195
f 195 224 225 196
f 196 225 226 197
f 197 226 227 198
f 198 227 228 199
f 199 228 229 200
f 200 229 230 201
f 201 230 231 202
f 202 231 232 203
f 204 233 234 205
f 205 234 235 206
f 206 235 236 207
f 207 236 237 208
f 208 237 238 209
f 209 238 239 210
f 210 239 240 211
f 211 240 241 212
f 212 241 242 213
f 213 242 243 214
f 214 243 244 215
f 215 244 245 216
f 216 245 246 217
f 217 246 247 218
f 218 247 248 219
f 219 248 249 220
f 220 249 250 221
f 221 250 251 222
f 222 251 252 223
f 223 252 253 224
f 224 253 254 225
f 225 254 255 226
f 226 255 256 227
f 227 256 257 228
f 228 257 258 229
f 229 258 259 230
f 230 259 260 231
f 231 260 261 232
f 233 262 263 234
f 234 263 264 235
f 235 264 265 236
f 236 265 266 237
f 237 266 267 238
f 238 267 268 239
f 239 268 269 240
f 240 269 270 241
f 241 270 271 242
f 242 271 272 243
f 243 272 273 244
f 244 273 274 245
f 245 274 275 246
f 246 275 276 247
f 247 276 277 248
f 248 277 278 249
f 249 278 279 250
f 250 279 280 251
f 251 280 281 252
f 252 281 282 253
f 253 282 283 254
f 254 283 284 255
f 255 284 285 256
f 256 285 286 257
f 257 286 287 258
f 258 287 288 259
f 259 288 289 260
f 260 289 290 261
f 262 291 292 263
f 263 292 293 264
f 264 293 294 265
f 265 294 295 266
f 266 295 296 267
f 267 296 297 268
f 268 297 298 269
f 269 298 299 270
f 270 299 300 271
f 271 300 301 272
f 272 301 302 273
f 273 302 303 274
f 274 303 304 275
f 275 304 305 276
f 276 305 306 277
f 277 306 307 278
f 278 307 308 279
f 279 308 309 280
f 280 309 310 281
f 281 310 311 282
f 282 311 312 283
f 283 312 313 284
f 284 313 314 285
f 285 314 315 286
f 286 315 316 287
f 287 316 317 288
f 288 317 318 289
f 289 318 319 290
f 291 320 321 292
f 292 321 322 293
f 293 322 323 294
f 294 323 324 295
f 295 324 325 296
f 296 325 326 297
f 297 326 327 298
f 298 327 328 299
f 299 328 329 300
f 300 329 330 301
f 301 330 331 302
f 302 331 332 303
f 303 332 333 304
f 304 333 334 305
f 305 334 335 306
f 306 335 336 307
f 307 336 337 308
f 308 337 338 309
f 309 338 339 310
f 310 339 340 311
f 311 340 341 312
f 312 341 342 313
f 313 342 343 314
f 314 343 344 315
f 315 344 345 316
f 316 345 346 317
f 317 346 347 318
f 318 347 348 319
f 320 349 350 321
f 321 350 351 322
f 322 351 352 323
f 323 352 353 324
f 324 353 354 325
f 325 354 355 326
f 326 355 356 327
f 327 356 357 328
f 328 357 358 329
f 329 358 359 330
f 330 359 360 331
f 331 360 361 332
f 332 361 362 333
f 333 362 363 334
f 334 363 364 335
f 335 364 365 336
f 336 365 366 337
f 337 366 367 338
f 338 367 368 339
f 339 368 369 340
f 340 369 370 341
f 341 370 371 342
f 342 371 372 343
f 343 372 373 344
f 344 373 374 345
f 345 374 375 346
f 346 375 376 347
f 347 376 377 348
f 349 378 379 350
f 350 379 380 351
f 351 380 381 352
f 352 381 382 353
f 353 382 383 354
f 354 383 384 355
f 355 384 385 356
f 356 385 386 357
f 357 386 387 358
f 358 387 388 359
f 359 388 389 360
f 360 389 390 361
f 361 390 391 362
f 362 391 392 363
f 363 392 393 364
f 364 393 394 365
f 365 394 395 366
f 366 395 396 367
f 367 396 397 368
f 368 397 398 369
f 369 398 399 370
f 370 399 400 371
f 371 400 401 372
f 372 401 402 373
f 373 402 403 374
f 374 403 404 375
f 375 404 405 376
f 376 405 406 377
f 378 407 408 379
f 379 408 409 380
f 380 409 410 381
f 381 410 411 382
f 382 411 412 383
f 383 412 413 384
f 384 413 414 385
f 385 414 415 386
f 386 415 416 387
f 387 416 417 388
f 388 417 418 389
f 389 418 419 390
f 390 419 420 391
f 391 420 421 392
f 392 421 422 393
f 393 422 423 394
f 394 423 424 395
f 395 424 425 396
f 396 425 426 397
f 397 426 427 398
f 398 427 428 399
f 399 428 429 400
f 400 429 430 401
f 401 430 431 402
f 402 431 432 403
f 403 432 433 404
f 404 433 434 405
f 405 434 435 406
o skin_head_eyeless
g skin_head_eyeless
v 0.00000 2.05675 0.04000
v 0.00000 2.05143 0.04000
v 0.00000 2.04952 0.04000
v 0.00000 2.05208 0.04000
v 0.00000 2.05681 0.04000
v 0.00000 2.05970 0.04000
v 0.00000 2.05791 0.04000
v 0.00000 2.05185 0.04000
v 0.00000 2.04493 0.04000
v 0.00000 2.04113 0.04000
v -0.00000 2.04225 0.04000
v -0.00000 2.04662 0.04000
v -0.00000 2.05036 0.04000
v -0.00000 2.05016 0.04000
v -0.00000 2.04570 0.04000
v -0.00000 2.03988 0.04000
v -0.00000 2.03676 0.04000
v -0.00000 2.03869 0.04000
v -0.00000 2.04458 0.04000
v -0.00000 2.05071 0.04000
v -0.00000 2.05334 0.04000
v -0.00000 2.05136 0.04000
v -0.00000 2.04707 0.04000
v -0.00000 2.04445 0.04000
v -0.00000 2.04633 0.04000
v -0.00000 2.05228 0.04000
v -0.00000 2.05893 0.04000
v -0.00000 2.06227 0.04000
v 0.00000 2.06055 0.04000
v 0.00000 2.05545 0.04000
v 0.00000 2.05090 0.04000
v 0.00000 2.05023 0.04000
v 0.00000 2.05381 0.04000
v 0.00000 2.05876 0.04000
v 0.00000 2.06107 0.04000
v 0.00000 2.05843 0.04000
v 0.00000 2.05196 0.04000
v 0.02850 2.05007 0.04000
v 0.02846 2.04630 0.04418
v 0.02706 2.04732 0.04821
v 0.02456 2.05146 0.05181
v 0.02144 2.05490 0.05499
v 0.01803 2.05439 0.05790
v 0.01427 2.04964 0.06060
v 0.00998 2.04353 0.06286
v 0.00513 2.04010 0.06425
v 0.00000 2.04165 0.06449
v -0.00500 2.04713 0.06365
v -0.00965 2.05287 0.06209
v -0.01398 2.05521 0.06018
v -0.01812 2.05306 0.05799
v -0.02195 2.04869 0.05535
v -0.02505 2.04607 0.05205
v -0.02699 2.04797 0.04819
v -0.02766 2.05397 0.04406
v -0.02738 2.06071 0.04000
v -0.02660 2.06424 0.03609
v -0.02552 2.06283 0.03226
v -0.02395 2.05813 0.02848
v -0.02152 2.05400 0.02496
v -0.01807 2.05373 0.02205
v -0.01385 2.05763 0.02001
v -0.00929 2.06286 0.01874
v -0.00467 2.06543 0.01794
v -0.00000 2.06307 0.01739
v 0.00482 2.05685 0.01720
v 0.00973 2.05050 0.01772
v 0.01438 2.04769 0.01925
v 0.01836 2.04954 0.02177
v 0.02153 2.05378 0.02494
v 0.02410 2.05646 0.02841
v 0.02631 2.05480 0.03202
v 0.02816 2.04921 0.03586
v 0.02925 2.04303 0.04000
v 0.05832 2.05078 0.04000
v 0.05719 2.05193 0.04840
v 0.05356 2.05686 0.05625
v 0.04839 2.06205 0.06328
v 0.04248 2.06398 0.06971
v 0.03597 2.06165 0.07573
v 0.02846 2.05724 0.08108
v 0.01966 2.05459 0.08502
v 0.00992 2.05636 0.08687
v 0.00000 2.06216 0.08654
v -0.00945 2.06873 0.08467
v -0.01835 2.07228 0.08202
v -0.02695 2.07113 0.07890
v -0.03524 2.06688 0.07500
v -0.04261 2.06323 0.06979
v -0.04815 2.06331 0.06317
v -0.05141 2.06743 0.05559
v -0.05273 2.07282 0.04775
v -0.05293 2.07563 0.04000
v -0.05255 2.07364 0.03228
v -0.05131 2.06791 0.02444
v -0.04840 2.06199 0.01671
v -0.04324 2.05944 0.00977
v -0.03602 2.06128 0.00422
v -0.02758 2.06535 0.00019
v -0.01868 2.06783 -0.00277
v -0.00955 2.06607 -0.00514
v -0.00000 2.06045 -0.00685
v 0.01000 2.05423 -0.00725
v 0.01992 2.05118 -0.00560
v 0.02892 2.05297 -0.00174
v 0.03649 2.05796 0.00376
v 0.04274 2.06241 0.01011
v 0.04818 2.06317 0.01682
v 0.05295 2.05989 0.02394
v 0.05647 2.05530 0.03170
v 0.05779 2.05322 0.04000
v 0.08441 2.07151 0.04000
v 0.08133 2.07686 0.05195
v 0.07565 2.08301 0.06294
v 0.06872 2.08639 0.07306
v 0.06104 2.08544 0.08268
v 0.05204 2.08164 0.09169
v 0.04102 2.07847 0.09921
v 0.02802 2.07885 0.10415
v 0.01398 2.08303 0.10606
v 0.00000 2.08841 0.10556
v -0.01349 2.09136 0.10374
v -0.02674 2.08981 0.10123
v -0.03996 2.08473 0.09767
v -0.05252 2.07945 0.09216
v -0.06316 2.07726 0.08417
v -0.07086 2.07914 0.07409
v -0.07564 2.08302 0.06294
v -0.07850 2.08535 0.05153
v -0.08029 2.08362 0.04000
v -0.08088 2.07822 0.02812
v -0.07910 2.07220 0.01601
v -0.07381 2.06911 0.00449
v -0.06492 2.07050 -0.00540
v -0.05352 2.07486 -0.01316
v -0.04098 2.07870 -0.01915
v -0.02799 2.07907 -0.02409
v -0.01441 2.07567 -0.02811
v -0.00000 2.07108 -0.03046
v 0.01481 2.06889 -0.03000
v 0.02891 2.07113 -0.02620
v 0.04130 2.07682 -0.01961
v 0.05183 2.08260 -0.01148
v 0.06111 2.08514 -0.00273
v 0.06959 2.08346 0.00652
v 0.07673 2.07960 0.01673
v 0.08124 2.07714 0.02806
v 0.08201 2.07857 0.04000
v 0.10455 2.10415 0.04000
v 0.10049 2.10932 0.05477
v 0.09454 2.11229 0.06867
v 0.08759 2.11118 0.08214
v 0.07908 2.10686 0.09530
v 0.06777 2.10234 0.10730
v 0.05313 2.10060 0.11669
v 0.03603 2.10251 0.12249
v 0.01798 2.10618 0.12499
v 0.00000 2.10837 0.12542
v -0.01793 2.10681 0.12474
v -0.03614 2.10187 0.12274
v -0.05418 2.09630 0.11820
v -0.07057 2.09334 0.11008
v -0.08371 2.09440 0.09853
v -0.09308 2.09811 0.08478
v -0.09954 2.10131 0.07019
v -0.10431 2.10133 0.05533
v -0.10756 2.09793 0.04000
v -0.10806 2.09347 0.02412
v -0.10413 2.09122 0.00842
v -0.09521 2.09303 -0.00581
v -0.08237 2.09800 -0.01760
v -0.06753 2.10311 -0.02706
v -0.05199 2.10532 -0.03504
v -0.03582 2.10377 -0.04202
v -0.01848 2.10031 -0.04733
v -0.00000 2.09819 -0.04953
v 0.01853 2.09966 -0.04759
v 0.03572 2.10438 -0.04178
v 0.05096 2.10958 -0.03355
v 0.06474 2.11205 -0.02430
v 0.07777 2.11041 -0.01438
v 0.08975 2.10604 -0.00318
v 0.09916 2.10213 0.00992
v 0.10428 2.10139 0.02468
v 0.10458 2.10409 0.04000
v 0.12391 2.13413 0.04000
v 0.12069 2.13618 0.05773
v 0.11596 2.13490 0.07517
v 0.10935 2.13060 0.09261
v 0.09922 2.12572 0.10938
v 0.08439 2.12306 0.12381
v 0.06538 2.12387 0.13436
v 0.04402 2.12694 0.14079
v 0.02205 2.12951 0.14422
v 0.00000 2.12929 0.14595
v -0.02245 2.12605 0.14611
v -0.04517 2.12189 0.14342
v -0.06678 2.11966 0.13639
v -0.08527 2.12101 0.12469
v -0.09951 2.12514 0.10958
v -0.11003 2.12942 0.09294
v -0.11827 2.13121 0.07587
v -0.12490 2.12976 0.05835
v -0.12886 2.12671 0.04000
v -0.12810 2.12488 0.02118
v -0.12137 2.12626 0.00319
v -0.10940 2.13051 -0.01264
v -0.09436 2.13523 -0.02598
v -0.07816 2.13760 -0.03763
v -0.06120 2.13640 -0.04834
v -0.04268 2.13284 -0.05771
v -0.02203 2.12970 -0.06412
v -0.00000 2.12931 -0.06594
v 0.02177 2.13192 -0.06290
v 0.04208 2.13547 -0.05634
v 0.06096 2.13711 -0.04799
v 0.07918 2.13524 -0.03863
v 0.09669 2.13067 -0.02761
v 0.11197 2.12606 -0.01387
v 0.12276 2.12405 0.00277
v 0.12776 2.12541 0.02123
v 0.12766 2.12850 0.04000
v 0.14459 2.16242 0.04000
v 0.14272 2.16206 0.06097
v 0.13867 2.15917 0.08206
v 0.13072 2.15550 0.10289
v 0.11708 2.15344 0.12187
v 0.09771 2.15434 0.13704
v 0.07452 2.15757 0.14756
v 0.04992 2.16094 0.15429
v 0.02513 2.16226 0.15878
v 0.00000 2.16093 0.16164
v -0.02576 2.15831 0.16176
v -0.05123 2.15675 0.15730
v -0.07437 2.15791 0.14734
v -0.09348 2.16151 0.13284
v -0.10858 2.16552 0.11593
v -0.12109 2.16762 0.09826
v -0.13211 2.16679 0.08007
v -0.14095 2.16402 0.06071
v -0.14532 2.16163 0.04000
v -0.14320 2.16154 0.01896
v -0.13458 2.16392 -0.00082
v -0.12152 2.16708 -0.01847
v -0.10640 2.16862 -0.03440
v -0.09011 2.16722 -0.04949
v -0.07178 2.16354 -0.06361
v -0.05028 2.15979 -0.07512
v -0.02579 2.15817 -0.08187
v -0.00000 2.15929 -0.08289
v 0.02521 2.16181 -0.07912
v 0.04916 2.16337 -0.07255
v 0.07234 2.16233 -0.06441
v 0.09499 2.15895 -0.05434
v 0.11581 2.15524 -0.04098
v 0.13228 2.15354 -0.02364
v 0.14242 2.15483 -0.00320
v 0.14631 2.15809 0.01850
v 0.14589 2.16101 0.04000
v 0.16001 2.19770 0.04000
v 0.15908 2.19654 0.06338
v 0.15441 2.19441 0.08683
v 0.14374 2.19314 0.10916
v 0.12629 2.19400 0.12831
v 0.10363 2.19678 0.14292
v 0.07856 2.19991 0.15339
v 0.05299 2.20160 0.16131
v 0.02703 2.20104 0.16773
v 0.00000 2.19903 0.17190
v -0.02787 2.19733 0.17172
v -0.05485 2.19742 0.16559
v -0.07887 2.19944 0.15384
v -0.09920 2.20205 0.13852
v -0.11687 2.20340 0.12172
v -0.13318 2.20246 0.10408
v -0.14785 2.19975 0.08484
v -0.15855 2.19696 0.06330
v -0.16254 2.19578 0.04000
v -0.15889 2.19669 0.01665
v -0.14922 2.19863 -0.00526
v -0.13620 2.19980 -0.02553
v -0.12136 2.19892 -0.04486
v -0.10411 2.19621 -0.06339
v -0.08294 2.19323 -0.07971
v -0.05739 2.19177 -0.09139
v -0.02894 2.19261 -0.09679
v -0.00000 2.19496 -0.09634
v 0.02794 2.19704 -0.09203
v 0.05489 2.19734 -0.08567
v 0.08130 2.19573 -0.07735
v 0.10638 2.19351 -0.06565
v 0.12778 2.19251 -0.04935
v 0.14304 2.19376 -0.02882
v 0.15157 2.19673 -0.00597
v 0.15502 2.19970 0.01722
v 0.15573 2.20097 0.04000
v 0.16717 2.23853 0.04000
v 0.16727 2.23722 0.06458
v 0.16168 2.23614 0.08904
v 0.14872 2.23631 0.11155
v 0.12922 2.23779 0.13035
v 0.10594 2.23968 0.14521
v 0.08134 2.24071 0.15741
v 0.05601 2.24018 0.16824
v 0.02906 2.23844 0.17734
v 0.00000 2.23663 0.18255
v -0.02996 2.23590 0.18161
v -0.05854 2.23658 0.17403
v -0.08419 2.23794 0.16151
v -0.10717 2.23874 0.14644
v -0.12869 2.23812 0.12999
v -0.14884 2.23624 0.11161
v -0.16554 2.23414 0.09021
v -0.17565 2.23307 0.06581
v -0.17738 2.23355 0.04000
v -0.17166 2.23504 0.01478
v -0.16130 2.23634 -0.00892
v -0.14850 2.23643 -0.03145
v -0.13326 2.23521 -0.05318
v -0.11395 2.23360 -0.07317
v -0.08942 2.23284 -0.08907
v -0.06062 2.23361 -0.09880
v -0.03008 2.23558 -0.10215
v -0.00000 2.23757 -0.10094
v 0.02906 2.23843 -0.09735
v 0.05766 2.23783 -0.09202
v 0.08566 2.23650 -0.08364
v 0.11122 2.23567 -0.07046
v 0.13172 2.23620 -0.05210
v 0.14581 2.23794 -0.03015
v 0.15453 2.23985 -0.00687
v 0.16024 2.24070 0.01646
v 0.16421 2.23997 0.04000
v 0.17347 2.27879 0.04000
v 0.17440 2.27793 0.06563
v 0.16766 2.27761 0.09085
v 0.15312 2.27800 0.11367
v 0.13312 2.27871 0.13309
v 0.11056 2.27914 0.14980
v 0.08665 2.27883 0.16506
v 0.06065 2.27787 0.17887
v 0.03158 2.27679 0.18925
v 0.00000 2.27622 0.19355
v -0.03185 2.27643 0.19051
v -0.06170 2.27714 0.18127
v -0.08894 2.27774 0.16837
v -0.11437 2.27773 0.15359
v -0.13848 2.27705 0.13683
v -0.15974 2.27618 0.11686
v -0.17507 2.27574 0.09310
v -0.18204 2.27609 0.06675
v -0.18082 2.27704 0.04000
v -0.17403 2.27802 0.01443
v -0.16441 2.27843 -0.00987
v -0.15265 2.27812 -0.03345
v -0.13719 2.27745 -0.05593
v -0.11620 2.27705 -0.07540
v -0.08976 2.27735 -0.08956
v -0.06007 2.27827 -0.09754
v -0.02976 2.27929 -0.10064
v -0.00000 2.27977 -0.10112
v 0.02964 2.27945 -0.10007
v 0.05958 2.27862 -0.09640
v 0.08865 2.27788 -0.08795
v 0.11430 2.27776 -0.07351
v 0.13448 2.27829 -0.05403
v 0.14931 2.27904 -0.03184
v 0.16073 2.27936 -0.00875
v 0.17029 2.27892 0.01498
v 0.17725 2.27789 0.04000
v 0.18296 2.32000 0.04000
v 0.18262 2.32000 0.06683
v 0.17353 2.32000 0.09263
v 0.15743 2.32000 0.11574
v 0.13744 2.32000 0.13610
v 0.11551 2.32000 0.15472
v 0.09141 2.32000 0.17194
v 0.06389 2.32000 0.18628
v 0.03281 2.32000 0.19504
v 0.00000 2.32000 0.19639
v -0.03192 2.32000 0.19084
v -0.06150 2.32000 0.18082
v -0.08910 2.32000 0.16861
v -0.11546 2.32000 0.15467
v -0.13982 2.32000 0.13777
v -0.15954 2.32000 0.11676
v -0.17185 2.32000 0.09212
v -0.17611 2.32000 0.06588
v -0.17436 2.32000 0.04000
v -0.16951 2.32000 0.01509
v -0.16280 2.32000 -0.00938
v -0.15291 2.32000 -0.03357
v -0.13747 2.32000 -0.05613
v -0.11553 2.32000 -0.07473
v -0.08860 2.32000 -0.08788
v -0.05945 2.32000 -0.09611
v -0.02991 2.32000 -0.10136
v -0.00000 2.32000 -0.10501
v 0.03096 2.32000 -0.10634
v 0.06247 2.32000 -0.10302
v 0.09225 2.32000 -0.09315
v 0.11775 2.32000 -0.07694
v 0.13811 2.32000 -0.05657
v 0.15455 2.32000 -0.03436
v 0.16872 2.32000 -0.01117
v 0.18046 2.32000 0.01348
v 0.18726 2.32000 0.04000
v 0.18657 2.36432 0.04000
v 0.18275 2.36409 0.06685
v 0.17101 2.36324 0.09187
v 0.15439 2.36235 0.11428
v 0.13549 2.36202 0.13474
v 0.11469 2.36239 0.15390
v 0.09070 2.36309 0.17091
v 0.06263 2.36351 0.18340
v 0.03157 2.36319 0.18920
v 0.00000 2.36223 0.18812
v -0.03008 2.36116 0.18217
v -0.05845 2.36060 0.17383
v -0.08592 2.36082 0.16401
v -0.11242 2.36155 0.15165
v -0.13599 2.36217 0.13509
v -0.15375 2.36218 0.11397
v -0.16424 2.36152 0.08982
v -0.16860 2.36067 0.06477
v -0.16945 2.36026 0.04000
v -0.16842 2.36063 0.01525
v -0.16456 2.36160 -0.00991
v -0.15526 2.36259 -0.03470
v -0.13869 2.36301 -0.05698
v -0.11554 2.36270 -0.07475
v -0.08847 2.36204 -0.08769
v -0.05993 2.36163 -0.09722
v -0.03064 2.36192 -0.10481
v -0.00000 2.36283 -0.11024
v 0.03203 2.36383 -0.11139
v 0.06375 2.36428 -0.10597
v 0.09249 2.36394 -0.09349
v 0.11657 2.36309 -0.07577
v 0.13648 2.36233 -0.05543
v 0.15377 2.36218 -0.03398
v 0.16891 2.36270 -0.01123
v 0.18004 2.36343 0.01355
v 0.18411 2.36374 0.04000
v 0.17617 2.40586 0.04000
v 0.16967 2.40397 0.06493
v 0.15779 2.40184 0.08786
v 0.14340 2.40070 0.10899
v 0.12744 2.40108 0.12911
v 0.10873 2.40244 0.14798
v 0.08574 2.40357 0.16375
v 0.05857 2.40347 0.17411
v 0.02924 2.40206 0.17818
v 0.00000 2.40027 0.17724
v -0.02827 2.39933 0.17359
v -0.05612 2.39997 0.16848
v -0.08392 2.40180 0.16113
v -0.11036 2.40368 0.14960
v -0.13274 2.40445 0.13282
v -0.14892 2.40381 0.11165
v -0.15902 2.40248 0.08823
v -0.16508 2.40170 0.06426
v -0.16890 2.40232 0.04000
v -0.17010 2.40418 0.01501
v -0.16624 2.40622 -0.01042
v -0.15498 2.40722 -0.03457
v -0.13620 2.40666 -0.05524
v -0.11220 2.40507 -0.07143
v -0.08586 2.40369 -0.08393
v -0.05861 2.40353 -0.09420
v -0.03016 2.40466 -0.10255
v -0.00000 2.40619 -0.10736
v 0.03095 2.40687 -0.10627
v 0.06036 2.40602 -0.09820
v 0.08617 2.40400 -0.08438
v 0.10813 2.40199 -0.06739
v 0.12752 2.40113 -0.04917
v 0.14526 2.40175 -0.02989
v 0.16025 2.40311 -0.00860
v 0.16970 2.40398 0.01506
v 0.17134 2.40351 0.04000
v 0.15809 2.44082 0.04000
v 0.15207 2.43802 0.06235
v 0.14322 2.43649 0.08344
v 0.13286 2.43725 0.10392
v 0.12007 2.43979 0.12396
v 0.10295 2.44241 0.14224
v 0.08074 2.44342 0.15654
v 0.05477 2.44239 0.16539
v 0.02735 2.44037 0.16925
v 0.00000 2.43921 0.16998
v -0.02730 2.44014 0.16900
v -0.05501 2.44293 0.16595
v -0.08244 2.44601 0.15899
v -0.10730 2.44759 0.14657
v -0.12718 2.44689 0.12893
v -0.14132 2.44471 0.10799
v -0.15105 2.44285 0.08581
v -0.15821 2.44279 0.06325
v -0.16306 2.44462 0.04000
v -0.16367 2.44702 0.01595
v -0.15757 2.44816 -0.00779
v -0.14393 2.44702 -0.02925
v -0.12443 2.44414 -0.04700
v -0.10197 2.44124 -0.06127
v -0.07851 2.44001 -0.07332
v -0.05411 2.44091 -0.08388
v -0.02791 2.44286 -0.09192
v -0.00000 2.44405 -0.09526
v 0.02800 2.44323 -0.09232
v 0.05398 2.44062 -0.08359
v 0.07706 2.43780 -0.07123
v 0.09801 2.43654 -0.05734
v 0.11787 2.43760 -0.04242
v 0.13616 2.44017 -0.02551
v 0.15053 2.44243 -0.00566
v 0.15835 2.44289 0.01673
v 0.15888 2.44143 0.04000
v 0.14215 2.47492 0.04000
v 0.13855 2.47333 0.06036
v 0.13322 2.47450 0.08041
v 0.12565 2.47812 0.10045
v 0.11399 2.48216 0.11971
v 0.09690 2.48429 0.13624
v 0.07502 2.48351 0.14828
v 0.05049 2.48087 0.15559
v 0.02528 2.47866 0.15948
v 0.00000 2.47879 0.16142
v -0.02572 2.48139 0.16153
v -0.05169 2.48472 0.15836
v -0.07634 2.48639 0.15019
v -0.09738 2.48510 0.13671
v -0.11354 2.48153 0.11939
v -0.12548 2.47790 0.10037
v -0.13485 2.47640 0.08090
v -0.14241 2.47760 0.06093
v -0.14692 2.48012 0.04000
v -0.14603 2.48160 0.01854
v -0.13833 2.48043 -0.00196
v -0.12470 2.47692 -0.01999
v -0.10761 2.47309 -0.03525
v -0.08922 2.47127 -0.04861
v -0.06994 2.47244 -0.06095
v -0.04881 2.47554 -0.07176
v -0.02522 2.47825 -0.07917
v -0.00000 2.47864 -0.08130
v 0.02495 2.47656 -0.07789
v 0.04824 2.47372 -0.07046
v 0.06997 2.47250 -0.06099
v 0.09094 2.47418 -0.05031
v 0.11110 2.47805 -0.03768
v 0.12864 2.48188 -0.02189
v 0.14097 2.48349 -0.00276
v 0.14664 2.48228 0.01845
v 0.14649 2.47964 0.04000
v 0.12673 2.51010 0.04000
v 0.12506 2.51049 0.05838
v 0.12145 2.51387 0.07684
v 0.11439 2.51814 0.09504
v 0.10235 2.52041 0.11157
v 0.08532 2.51909 0.12473
v 0.06501 2.51503 0.13383
v 0.04352 2.51088 0.13965
v 0.02191 2.50923 0.14353
v 0.00000 2.51079 0.14600
v -0.02245 2.51389 0.14608
v -0.04462 2.51567 0.14215
v -0.06474 2.51421 0.13344
v -0.08137 2.50987 0.12081
v -0.09454 2.50512 0.10611
v -0.10551 2.50274 0.09076
v -0.11522 2.50393 0.07495
v -0.12304 2.50741 0.05808
v -0.12693 2.51040 0.04000
v -0.12513 2.51059 0.02161
v -0.11767 2.50783 0.00431
v -0.10634 2.50419 -0.01116
v -0.09321 2.50253 -0.02518
v -0.07902 2.50439 -0.03847
v -0.06298 2.50894 -0.05091
v -0.04412 2.51349 -0.06101
v -0.02262 2.51541 -0.06691
v -0.00000 2.51401 -0.06778
v 0.02210 2.51094 -0.06447
v 0.04311 2.50905 -0.05870
v 0.06343 2.51029 -0.05155
v 0.08325 2.51427 -0.04268
v 0.10141 2.51857 -0.03091
v 0.11571 2.52042 -0.01567
v 0.12444 2.51864 0.00226
v 0.12773 2.51454 0.02123
v 0.12729 2.51093 0.04000
v 0.10535 2.53751 0.04000
v 0.10470 2.53950 0.05538
v 0.10158 2.54318 0.07081
v 0.09451 2.54530 0.08547
v 0.08298 2.54364 0.09802
v 0.06807 2.53864 0.10760
v 0.05161 2.53310 0.11449
v 0.03483 2.53023 0.11974
v 0.01778 2.53138 0.12402
v 0.00000 2.53511 0.12683
v -0.01836 2.53824 0.12675
v -0.03614 2.53816 0.12275
v -0.05199 2.53469 0.11505
v -0.06545 2.53023 0.10500
v -0.07720 2.52806 0.09398
v -0.08807 2.52997 0.08238
v -0.09785 2.53498 0.06968
v -0.10496 2.54004 0.05542
v -0.10760 2.54215 0.04000
v -0.10518 2.54051 0.02454
v -0.09879 2.53705 0.01004
v -0.09019 2.53500 -0.00339
v -0.08036 2.53658 -0.01619
v -0.06892 2.54135 -0.02844
v -0.05486 2.54653 -0.03918
v -0.03792 2.54891 -0.04682
v -0.01911 2.54718 -0.05030
v -0.00000 2.54279 -0.04992
v 0.01842 2.53895 -0.04703
v 0.03617 2.53831 -0.04280
v 0.05354 2.54108 -0.03728
v 0.07002 2.54489 -0.02954
v 0.08404 2.54648 -0.01876
v 0.09400 2.54410 -0.00523
v 0.09956 2.53874 0.00980
v 0.10183 2.53347 0.02504
v 0.10234 2.53130 0.04000
v 0.07953 2.55412 0.04000
v 0.07962 2.55802 0.05170
v 0.07699 2.56119 0.06335
v 0.07083 2.56079 0.07408
v 0.06158 2.55664 0.08306
v 0.05052 2.55139 0.09018
v 0.03884 2.54868 0.09606
v 0.02678 2.55048 0.10131
v 0.01390 2.55573 0.10572
v 0.00000 2.56107 0.10824
v -0.01435 2.56321 0.10780
v -0.02803 2.56129 0.10418
v -0.04033 2.55744 0.09821
v -0.05136 2.55522 0.09101
v -0.06169 2.55706 0.08313
v -0.07133 2.56249 0.07432
v -0.07929 2.56841 0.06405
v -0.08406 2.57129 0.05235
v -0.08481 2.56968 0.04000
v -0.08201 2.56517 0.02795
v -0.07702 2.56128 0.01664
v -0.07087 2.56092 0.00590
v -0.06357 2.56428 -0.00445
v -0.05431 2.56874 -0.01394
v -0.04258 2.57072 -0.02146
v -0.02884 2.56826 -0.02604
v -0.01430 2.56245 -0.02759
v -0.00000 2.55669 -0.02700
v 0.01382 2.55428 -0.02531
v 0.02743 2.55608 -0.02280
v 0.04076 2.55999 -0.01883
v 0.05293 2.56242 -0.01257
v 0.06270 2.56094 -0.00384
v 0.06943 2.55602 0.00660
v 0.07365 2.55072 0.01766
v 0.07646 2.54855 0.02877
v 0.07844 2.55093 0.04000
v 0.05435 2.57090 0.04000
v 0.05467 2.57628 0.04803
v 0.05258 2.57830 0.05595
v 0.04803 2.57604 0.06311
v 0.04178 2.57179 0.06922
v 0.03472 2.56937 0.07448
v 0.02722 2.57136 0.07929
v 0.01906 2.57724 0.08363
v 0.00992 2.58371 0.08688
v 0.00000 2.58700 0.08820
v -0.00999 2.58554 0.08720
v -0.01934 2.58104 0.08428
v -0.02786 2.57724 0.08021
v -0.03581 2.57722 0.07557
v -0.04334 2.58117 0.07030
v -0.04995 2.58627 0.06403
v -0.05469 2.58867 0.05659
v -0.05681 2.58629 0.04835
v -0.05638 2.58029 0.04000
v -0.05424 2.57428 0.03203
v -0.05125 2.57177 0.02446
v -0.04759 2.57369 0.01710
v -0.04277 2.57777 0.01009
v -0.03623 2.58020 0.00402
v -0.02799 2.57839 -0.00039
v -0.01873 2.57286 -0.00289
v -0.00929 2.56689 -0.00389
v -0.00000 2.56423 -0.00409
v 0.00927 2.56643 -0.00381
v 0.01865 2.57174 -0.00270
v 0.02777 2.57638 -0.00008
v 0.03582 2.57724 0.00443
v 0.04216 2.57408 0.01052
v 0.04684 2.56971 0.01746
v 0.05047 2.56793 0.02469
v 0.05350 2.57080 0.03214
v 0.05570 2.57713 0.04000
v 0.02874 2.59218 0.04000
v 0.02867 2.59573 0.04421
v 0.02723 2.59441 0.04826
v 0.02469 2.59001 0.05188
v 0.02155 2.58639 0.05507
v 0.01810 2.58673 0.05798
v 0.01432 2.59121 0.06067
v 0.01000 2.59687 0.06289
v 0.00513 2.59971 0.06424
v 0.00000 2.59755 0.06442
v -0.00498 2.59160 0.06354
v -0.00959 2.58558 0.06196
v -0.01389 2.58314 0.06005
v -0.01800 2.58523 0.05788
v -0.02180 2.58947 0.05524
v -0.02487 2.59192 0.05196
v -0.02678 2.58988 0.04812
v -0.02744 2.58392 0.04403
v -0.02718 2.57745 0.04000
v -0.02645 2.57438 0.03611
v -0.02543 2.57632 0.03229
v -0.02391 2.58147 0.02850
v -0.02151 2.58591 0.02496
v -0.01808 2.58644 0.02204
v -0.01388 2.58283 0.01997
v -0.00932 2.57802 0.01867
v -0.00469 2.57595 0.01782
v -0.00000 2.57879 0.01723
v 0.00486 2.58529 0.01701
v 0.00981 2.59169 0.01754
v 0.01448 2.59435 0.01909
v 0.01848 2.59230 0.02165
v 0.02167 2.58791 0.02485
v 0.02424 2.58513 0.02834
v 0.02646 2.58668 0.03197
v 0.02829 2.59202 0.03584
v 0.02933 2.59774 0.04000
v 0.00000 2.60344 0.04000
v 0.00000 2.60161 0.04000
v 0.00000 2.59591 0.04000
v 0.00000 2.59012 0.04000
v 0.00000 2.58791 0.04000
v 0.00000 2.59020 0.04000
v 0.00000 2.59461 0.04000
v 0.00000 2.59710 0.04000
v 0.00000 2.59498 0.04000
v 0.00000 2.58880 0.04000
v -0.00000 2.58206 0.04000
v -0.00000 2.57871 0.04000
v -0.00000 2.58037 0.04000
v -0.00000 2.58523 0.04000
v -0.00000 2.58935 0.04000
v -0.00000 2.58950 0.04000
v -0.00000 2.58548 0.04000
v -0.00000 2.58027 0.04000
v -0.00000 2.57789 0.04000
v -0.00000 2.58053 0.04000
v -0.00000 2.58694 0.04000
v -0.00000 2.59332 0.04000
v -0.00000 2.59598 0.04000
v -0.00000 2.59395 0.04000
v -0.00000 2.58963 0.04000
v -0.00000 2.58703 0.04000
v -0.00000 2.58887 0.04000
v -0.00000 2.59460 0.04000
v 0.00000 2.60074 0.04000
v 0.00000 2.60337 0.04000
v 0.00000 2.60089 0.04000
v 0.00000 2.59516 0.04000
v 0.00000 2.59015 0.04000
v 0.00000 2.58913 0.04000
v 0.00000 2.59235 0.04000
v 0.00000 2.59685 0.04000
v 0.00000 2.59864 0.04000
f 1 38 39 2
f 2 39 40 3
f 3 40 41 4
f 4 41 42 5
f 5 42 43 6
f 6 43 44 7
f 7 44 45 8
f 8 45 46 9
f 9 46 47 10
f 10 47 48 11
f 11 48 49 12
f 12 49 50 13
f 13 50 51 14
f 14 51 52 15
f 15 52 53 16
f 16 53 54 17
f 17 54 55 18
f 18 55 56 19
f 19 56 57 20
f 20 57 58 21
f 21 58 59 22
f 22 59 60 23
f 23 60 61 24
f 24 61 62 25
f 25 62 63 26
f 26 63 64 27
f 27 64 65 28
f 28 65 66 29
f 29 66 67 30
f 30 67 68 31
f 31 68 69 32
f 32 69 70 33
f 33 70 71 34
f 34 71 72 35
f 35 72 73 36
f 36 73 74 37
f 38 75 76 39
f 39 76 77 40
f 40 77 78 41
f 41 78 79 42
f 42 79 80 43
f 43 80 81 44
f 44 81 82 45
f 45 82 83 46
f 46 83 84 47
f 47 84 85 48
f 48 85 86 49
f 49 86 87 50
f 50 87 88 51
f 51 88 89 52
f 52 89 90 53
f 53 90 91 54
f 54 91 92 55
f 55 92 93 56
f 56 93 94 57
f 57 94 95 58
f 58 95 96 59
f 59 96 97 60
f 60 97 98 61
f 61 98 99 62
f 62 99 100 63
f 63 100 101 64
f 64 101 102 65
f 65 102 103 66
f 66 103 104 67
f 67 104 105 68
f 68 105 106 69
f 69 106 107 70
f 70 107 108 71
f 71 108 109 72
f 72 109 110 73
f 73 110 111 74
f 75 112 113 76
f 76 113 114 77
f 77 114 115 78
f 78 115 116 79
f 79 116 117 80
f 80 117 118 81
f 81 118 119 82
f 82 119 120 83
f 83 120 121 84
f 84 121 122 85
f 85 122 123 86
f 86 123 124 87
f 87 124 125 88
f 88 125 126 89
f 89 126 127 90
f 90 127 128 91
f 91 128 129 92
f 92 129 130 93
f 93 130 131 94
f 94 131 132 95
f 95 132 133 96
f 96 133 134 97
f 97 134 135 98
f 98 135 136 99
f 99 136 137 100
f 100 137 138 101
f 101 138 139 102
f 102 139 140 103
f 103 140 141 104
f 104 141 142 105
f 105 142 143 106
f 106 143 144 107
f 107 144 145 108
f 108 145 146 109
f 109 146 147 110
f 110 147 148 111
f 112 149 150 113
f 113 150 151 114
f 114 151 152 115
f 115 152 153 116
f 116 153 154 117
f 117 154 155 118
f 118 155 156 119
f 119 156 157 120
f 120 157 158 121
f 121 158 159 122
f 122 159 160 123
f 123 160 161 124
f 124 161 162 125
f 125 162 163 126
f 126 163 164 127
f 127 164 165 128
f 128 165 166 129
f 129 166 167 130
f 130 167 168 131
f 131 168 169 132
f 132 169 170 133
f 133 170 171 134
f 134 171 172 135
f 135 172 173 136
f 136 173 174 137
f 137 174 175 138
f 138 175 176 139
f 139 176 177 140
f 140 177 178 141
f 141 178 179 142
f 142 179 180 143
f 143 180 181 144
f 144 181 182 145
f 145 182 183 146
f 146 183 184 147
f 147 184 185 148
f 149 186 187 150
f 150 187 188 151
f 151 188 189 152
f 152 189 190 153
f 153 190 191 154
f 154 191 192 155
f 155 192 193 156
f 156 193 194 157
f 157 194 195 158
f 158 195 196 159
f 159 196 197 160
f 160 197 198 161
f 161 198 199 162
f 162 199 200 163
f 163 200 201 164
f 164 201 202 165
f 165 202 203 166
f 166 203 204 167
f 167 204 205 168
f 168 205 206 169
f 169 206 207 170
f 170 207 208 171
f 171 208 209 172
f 172 209 210 173
f 173 210 211 174
f 174 211 212 175
f 175 212 213 176
f 176 213 214 177
f 177 214 215 178
f 178 215 216 179
f 179 216 217 180
f 180 217 218 181
f 181 218 219 182
f 182 219 220 183
f 183 220 221 184
f 184 221 222 185
f 186 223 224 187
f 187 224 225 188
f 188 225 226 189
f 189 226 227 190
f 190 227 228 191
f 191 228 229 192
f 192 229 230 193
f 193 230 231 194
f 194 231 232 195
f 195 232 233 196
f 196 233 234 197
f 197 234 235 198
f 198 235 236 199
f 199 236 237 200
f 200 237 238 201
f 201 238 239 202
f 202 239 240 203
f 203 240 241 204
f 204 241 242 205
f 205 242 243 206
f 206 243 244 207
f 207 244 245 208
f 208 245 246 209
f 209 246 247 210
f 210 247 248 211
f 211 248 249 212
f 212 249 250 213
f 213 250 251 214
f 214 251 252 215
f 215 252 253 216
f 216 253 254 217
f 217 254 255 218
f 218 255 256 219
f 219 256 257 220
f 220 257 258 221
f 221 258 259 222
f 223 260 261 224
f 224 261 262 225
f 225 262 263 226
f 226 263 264 227
f 227 264 265 228
f 228 265 266 229
f 229 266 267 230
f 230 267 268 231
f 231 268 269 232
f 232 269 270 233
f 233 270 271 234
f 234 271 272 235
f 235 272 273 236
f 236 273 274 237
f 237 274 275 238
f 238 275 276 239
f 239 276 277 240
f 240 277 278 241
f 241 278 279 242
f 242 279 280 243
f 243 280 281 244
f 244 281 282 245
f 245 282 283 246
f 246 283 284 247
f 247 284 285 248
f 248 285 286 249
f 249 286 287 250
f 250 287 288 251
f 251 288 289 252
f 252 289 290 253
f 253 290 291 254
f 254 291 292 255
f 255 292 293 256
f 256 293 294 257
f 257 294 295 258
f 258 295 296 259
f 260 297 298 261
f 261 298 299 262
f 262 299 300 263
f 263 300 301 264
f 264 301 302 265
f 265 302 303 266
f 266 303 304 267
f 267 304 305 268
f 268 305 306 269
f 269 306 307 270
f 270 307 308 271
f 271 308 309 272
f 272 309 310 273
f 273 310 311 274
f 274 311 312 275
f 275 312 313 276
f 276 313 314 277
f 277 314 315 278
f 278 315 316 279
f 279 316 317 280
f 280 317 318 281
f 281 318 319 282
f 282 319 320 283
f 283 320 321 284
f 284 321 322 285
f 285 322 323 286
f 286 323 324 287
f 287 324 325 288
f 288 325 326 289
f 289 326 327 290
f 290 327 328 291
f 291 328 329 292
f 292 329 330 293
f 293 330 331 294
f 294 331 332 295
f 295 332 333 296
f 297 334 335 298
f 298 335 336 299
f 299 336 337 300
f 300 337 338 301
f 301 338 339 302
f 302 339 340 303
f 303 340 341 304
f 304 341 342 305
f 305 342 343 306
f 306 343 344 307
f 307 344 345 308
f 308 345 346 309
f 309 346 347 310
f 310 347 348 311
f 311 348 349 312
f 312 349 350 313
f 313 350 351 314
f 314 351 352 315
f 315 352 353 316
f 316 353 354 317
f 317 354 355 318
f 318 355 356 319
f 319 356 357 320
f 320 357 358 321
f 321 358 359 322
f 322 359 360 323
f 323 360 361 324
f 324 361 362 325
f 325 362 363 326
f 326 363 364 327
f 327 364 365 328
f 328 365 366 329
f 329 366 367 330
f 330 367 368 331
f 331 368 369 332
f 332 369 370 333
f 334 371 372 335
f 335 372 373 336
f 336 373 374 337
f 337 374 375 338
f 338 375 376 339
f 339 376 377 340
f 340 377 378 341
f 341 378 379 342
f 342 379 380 343
f 343 380 381 344
f 344 381 382 345
f 345 382 383 346
f 346 383 384 347
f 347 384 385 348
f 348 385 386 349
f 349 386 387 350
f 350 387 388 351
f 351 388 389 352
f 352 389 390 353
f 353 390 391 354
f 354 391 392 355
f 355 392 393 356
f 356 393 394 357
f 357 394 395 358
f 358 395 396 359
f 359 396 397 360
f 360 397 398 361
f 361 398 399 362
f 362 399 400 363
f 363 400 401 364
f 364 401 402 365
f 365 402 403 366
f 366 403 404 367
f 367 404 405 368
f 368 405 406 369
f 369 406 407 370
f 371 408 409 372
f 372 409 410 373
f 373 410 411 374
f 374 411 412 375
f 375 412 413 376
f 376 413 414 377
f 377 414 415 378
f 378 415 416 379
f 379 416 417 380
f 380 417 418 381
f 381 418 419 382
f 382 419 420 383
f 383 420 421 384
f 384 421 422 385
f 385 422 423 386
f 386 423 424 387
f 387 424 425 388
f 388 425 426 389
f 389 426 427 390
f 390 427 428 391
f 391 428 429 392
f 392 429 430 393
f 393 430 431 394
f 394 431 432 395
f 395 432 433 396
f 396 433 434 397
f 397 434 435 398
f 398 435 436 399
f 399 436 437 400
f 400 437 438 401
f 401 438 439 402
f 402 439 440 403
f 403 440 441 404
f 404 441 442 405
f 405 442 443 406
f 406 443 444 407
f 408 445 446 409
f 409 446 447 410
f 410 447 448 411
f 411 448 449 412
f 412 449 450 413
f 413 450 451 414
f 414 451 452 415
f 415 452 453 416
f 416 453 454 417
f 417 454 455 418
f 418 455 456 419
f 419 456 457 420
f 420 457 458 421
f 421 458 459 422
f 422 459 460 423
f 423 460 461 424
f 424 461 462 425
f 425 462 463 426
f 426 463 464 427
f 427 464 465 428
f 428 465 466 429
f 429 466 467 430
f 430 467 468 431
f 431 468 469 432
f 432 469 470 433
f 433 470 471 434
f 434 471 472 435
f 435 472 473 436
f 436 473 474 437
f 437 474 475 438
f 438 475 476 439
f 439 476 477 440
f 440 477 478 441
f 441 478 479 442
f 442 479 480 443
f 443 480 481 444
f 445 482 483 446
f 446 483 484 447
f 447 484 485 448
f 448 485 486 449
f 449 486 487 450
f 450 487 488 451
f 451 488 489 452
f 452 489 490 453
f 453 490 491 454
f 454 491 492 455
f 455 492 493 456
f 456 493 494 457
f 457 494 495 458
f 458 495 496 459
f 459 496 497 460
f 460 497 498 461
f 461 498 499 462
f 462 499 500 463
f 463 500 501 464
f 464 501 502 465
f 465 502 503 466
f 466 503 504 467
f 467 504 505 468
f 468 505 506 469
f 469 506 507 470
f 470 507 508 471
f 471 508 509 472
f 472 509 510 473
f 473 510 511 474
f 474 511 512 475
f 475 512 513 476
f 476 513 514 477
f 477 514 515 478
f 478 515 516 479
f 479 516 517 480
f 480 517 518 481
f 482 519 520 483
f 483 520 521 484
f 484 521 522 485
f 485 522 523 486
f 486 523 524 487
f 487 524 525 488
f 488 525 526 489
f 489 526 527 490
f 490 527 528 491
f 491 528 529 492
f 492 529 530 493
f 493 530 531 494
f 494 531 532 495
f 495 532 533 496
f 496 533 534 497
f 497 534 535 498
f 498 535 536 499
f 499 536 537 500
f 500 537 538 501
f 501 538 539 502
f 502 539 540 503
f 503 540 541 504
f 504 541 542 505
f 505 542 543 506
f 506 543 544 507
f 507 544 545 508
f 508 545 546 509
f 509 546 547 510
f 510 547 548 511
f 511 548 549 512
f 512 549 550 513
f 513 550 551 514
f 514 551 552 515
f 515 552 553 516
f 516 553 554 517
f 517 554 555 518
f 519 556 557 520
f 520 557 558 521
f 521 558 559 522
f 522 559 560 523
f 523 560 561 524
f 524 561 562 525
f 525 562 563 526
f 526 563 564 527
f 527 564 565 528
f 528 565 566 529
f 529 566 567 530
f 530 567 568 531
f 531 568 569 532
f 532 569 570 533
f 533 570 571 534
f 534 571 572 535
f 535 572 573 536
f 536 573 574 537
f 537 574 575 538
f 538 575 576 539
f 539 576 577 540
f 540 577 578 541
f 541 578 579 542
f 542 579 580 543
f 543 580 581 544
f 544 581 582 545
f 545 582 583 546
f 546 583 584 547
f 547 584 585 548
f 548 585 586 549
f 549 586 587 550
f 550 587 588 551
f 551 588 589 552
f 552 589 590 553
f 553 590 591 554
f 554 591 592 555
f 556 593 594 557
f 557 594 595 558
f 558 595 596 559
f 559 596 597 560
f 560 597 598 561
f 561 598 599 562
f 562 599 600 563
f 563 600 601 564
f 564 601 602 565
f 565 602 603 566
f 566 603 604 567
f 567 604 605 568
f 568 605 606 569
f 569 606 607 570
f 570 607 608 571
f 571 608 609 572
f 572 609 610 573
f 573 610 611 574
f 574 611 612 575
f 575 612 613 576
f 576 613 614 577
f 577 614 615 578
f 578 615 616 579
f 579 616 617 580
f 580 617 618 581
f 581 618 619 582
f 582 619 620 583
f 583 620 621 584
f 584 621 622 585
f 585 622 623 586
f 586 623 624 587
f 587 624 625 588
f 588 625 626 589
f 589 626 627 590
f 590 627 628 591
f 591 628 629 592
f 593 630 631 594
f 594 631 632 595
f 595 632 633 596
f 596 633 634 597
f 597 634 635 598
f 598 635 636 599
f 599 636 637 600
f 600 637 638 601
f 601 638 639 602
f 602 639 640 603
f 603 640 641 604
f 604 641 642 605
f 605 642 643 606
f 606 643 644 607
f 607 644 645 608
f 608 645 646 609
f 609 646 647 610
f 610 647 648 611
f 611 648 649 612
f 612 649 650 613
f 613 650 651 614
f 614 651 652 615
f 615 652 653 616
f 616 653 654 617
f 617 654 655 618
f 618 655 656 619
f 619 656 657 620
f 620 657 658 621
f 621 658 659 622
f 622 659 660 623
f 623 660 661 624
f 624 661 662 625
f 625 662 663 626
f 626 663 664 627
f 627 664 665 628
f 628 665 666 629
f 630 667 668 631
f 631 668 669 632
f 632 669 670 633
f 633 670 671 634
f 634 671 672 635
f 635 672 673 636
f 636 673 674 637
f 637 674 675 638
f 638 675 676 639
f 639 676 677 640
f 640 677 678 641
f 641 678 679 642
f 642 679 680 643
f 643 680 681 644
f 644 681 682 645
f 645 682 683 646
f 646 683 684 647
f 647 684 685 648
f 648 685 686 649
f 649 686 687 650
f 650 687 688 651
f 651 688 689 652
f 652 689 690 653
f 653 690 691 654
f 654 691 692 655
f 655 692 693 656
f 656 693 694 657
f 657 694 695 658
f 658 695 696 659
f 659 696 697 660
f 660 697 698 661
f 661 698 699 662
f 662 699 700 663
f 663 700 701 664
f 664 701 702 665
f 665 702 703 666
f 667 704 705 668
f 668 705 706 669
f 669 706 707 670
f 670 707 708 671
f 671 708 709 672
f 672 709 710 673
f 673 710 711 674
f 674 711 712 675
f 675 712 713 676
f 676 713 714 677
f 677 714 715 678
f 678 715 716 679
f 679 716 717 680
f 680 717 718 681
f 681 718 719 682
f 682 719 720 683
f 683 720 721 684
f 684 721 722 685
f 685 722 723 686
f 686 723 724 687
f 687 724 725 688
f 688 725 726 689
f 689 726 727 690
f 690 727 728 691
f 691 728 729 692
f 692 729 730 693
f 693 730 731 694
f 694 731 732 695
f 695 732 733 696
f 696 733 734 697
f 697 734 735 698
f 698 735 736 699
f 699 736 737 700
f 700 737 738 701
f 701 738 739 702
f 702 739 740 703
f 704 741 742 705
f 705 742 743 706
f 706 743 744 707
f 707 744 745 708
f 708 745 746 709
f 709 746 747 710
f 710 747 748 711
f 711 748 749 712
f 712 749 750 713
f 713 750 751 714
f 714 751 752 715
f 715 752 753 716
f 716 753 754 717
f 717 754 755 718
f 718 755 756 719
f 719 756 757 720
f 720 757 758 721
f 721 758 759 722
f 722 759 760 723
f 723 760 761 724
f 724 761 762 725
f 725 762 763 726
f 726 763 764 727
f 727 764 765 728
f 728 765 766 729
f 729 766 767 730
f 730 767 768 731
f 731 768 769 732
f 732 769 770 733
f 733 770 771 734
f 734 771 772 735
f 735 772 773 736
f 736 773 774 737
f 737 774 775 738
f 738 775 776 739
f 739 776 777 740
o face_black_smooth_plate
g face_black_smooth_plate
v 0.00000 2.16450 0.18000
v 0.00000 2.16035 0.18000
v 0.00000 2.16059 0.18000
v 0.00000 2.16464 0.18000
v 0.00000 2.16739 0.18000
v 0.00000 2.16504 0.18000
v 0.00000 2.15942 0.18000
v 0.00000 2.15595 0.18000
v -0.00000 2.15756 0.18000
v -0.00000 2.16139 0.18000
v -0.00000 2.16212 0.18000
v -0.00000 2.15797 0.18000
v -0.00000 2.15282 0.18000
v -0.00000 2.15182 0.18000
v -0.00000 2.15559 0.18000
v -0.00000 2.15955 0.18000
v -0.00000 2.15913 0.18000
v -0.00000 2.15491 0.18000
v -0.00000 2.15200 0.18000
v -0.00000 2.15422 0.18000
v -0.00000 2.15975 0.18000
v -0.00000 2.16316 0.18000
v 0.00000 2.16154 0.18000
v 0.00000 2.15772 0.18000
v 0.00000 2.15706 0.18000
v 0.00000 2.16130 0.18000
v 0.00000 2.16658 0.18000
v 0.00000 2.16773 0.18000
v 0.00000 2.16414 0.18000
v 0.02589 2.15975 0.18000
v 0.02557 2.15744 0.18157
v 0.02329 2.16004 0.18302
v 0.01980 2.16374 0.18425
v 0.01580 2.16358 0.18533
v 0.01127 2.15916 0.18630
v 0.00591 2.15505 0.18697
v 0.00000 2.15569 0.18713
v -0.00574 2.16035 0.18677
v -0.01097 2.16395 0.18613
v -0.01587 2.16282 0.18536
v -0.02035 2.15882 0.18437
v -0.02366 2.15723 0.18307
v -0.02511 2.16071 0.18154
v -0.02496 2.16628 0.18000
v -0.02400 2.16863 0.17853
v -0.02251 2.16610 0.17708
v -0.01993 2.16252 0.17572
v -0.01587 2.16281 0.17464
v -0.01076 2.16739 0.17399
v -0.00538 2.17168 0.17365
v -0.00000 2.17122 0.17347
v 0.00554 2.16675 0.17347
v 0.01101 2.16333 0.17384
v 0.01571 2.16462 0.17470
v 0.01923 2.16876 0.17587
v 0.02194 2.17046 0.17715
v 0.02422 2.16705 0.17851
v 0.02564 2.16152 0.18000
v 0.05212 2.16576 0.18000
v 0.05020 2.16786 0.18309
v 0.04505 2.17285 0.18584
v 0.03843 2.17569 0.18825
v 0.03098 2.17392 0.19046
v 0.02201 2.17041 0.19231
v 0.01131 2.17004 0.19335
v 0.00000 2.17419 0.19335
v -0.01071 2.17909 0.19264
v -0.02076 2.18006 0.19161
v -0.03044 2.17679 0.19028
v -0.03891 2.17363 0.18835
v -0.04457 2.17464 0.18578
v -0.04696 2.17900 0.18289
v -0.04730 2.18188 0.18000
v -0.04668 2.17994 0.17713
v -0.04444 2.17510 0.17424
v -0.03920 2.17238 0.17158
v -0.03092 2.17424 0.16956
v -0.02105 2.17781 0.16823
v -0.01077 2.17820 0.16729
v -0.00000 2.17403 0.16663
v 0.01138 2.16909 0.16658
v 0.02232 2.16803 0.16752
v 0.03149 2.17118 0.16937
v 0.03878 2.17421 0.17167
v 0.04500 2.17303 0.17417
v 0.05002 2.16850 0.17693
v 0.05222 2.16545 0.18000
v 0.07278 2.18918 0.18000
v 0.06901 2.19332 0.18424
v 0.06218 2.19699 0.18806
v 0.05411 2.19658 0.19162
v 0.04425 2.19292 0.19494
v 0.03133 2.19037 0.19752
v 0.01591 2.19184 0.19877
v 0.00000 2.19553 0.19877
v -0.01536 2.19693 0.19812
v -0.03057 2.19398 0.19709
v -0.04531 2.18941 0.19530
v -0.05747 2.18766 0.19234
v -0.06525 2.18992 0.18846
v -0.06926 2.19278 0.18426
v -0.07135 2.19215 0.18000
v -0.07154 2.18793 0.17560
v -0.06776 2.18414 0.17121
v -0.05870 2.18442 0.16740
v -0.04575 2.18794 0.16455
v -0.03134 2.19033 0.16248
v -0.01625 2.18870 0.16083
v -0.00000 2.18486 0.15984
v 0.01683 2.18332 0.16015
v 0.03221 2.18614 0.16199
v 0.04495 2.19062 0.16483
v 0.05573 2.19230 0.16804
v 0.06522 2.19000 0.17154
v 0.07192 2.18714 0.17558
v 0.07345 2.18780 0.18000
v 0.09107 2.21390 0.18000
v 0.08682 2.21669 0.18534
v 0.08012 2.21687 0.19039
v 0.07138 2.21359 0.19533
v 0.05860 2.20986 0.19978
v 0.04099 2.20919 0.20292
v 0.02063 2.21161 0.20434
v 0.00000 2.21371 0.20456
v -0.02049 2.21250 0.20417
v -0.04110 2.20884 0.20298
v -0.06012 2.20648 0.20030
v -0.07463 2.20784 0.19602
v -0.08377 2.21126 0.19086
v -0.08948 2.21292 0.18550
v -0.09307 2.21113 0.18000
v -0.09277 2.20825 0.17430
v -0.08589 2.20800 0.16886
v -0.07271 2.21124 0.16439
v -0.05631 2.21494 0.16099
v -0.03897 2.21562 0.15821
v -0.02037 2.21324 0.15597
v -0.00000 2.21120 0.15496
v 0.02049 2.21249 0.15583
v 0.03878 2.21626 0.15832
v 0.05461 2.21874 0.16156
v 0.06916 2.21751 0.16515
v 0.08184 2.21422 0.16939
v 0.08964 2.21269 0.17449
v 0.09056 2.21461 0.18000
v 0.10939 2.23880 0.18000
v 0.10520 2.24016 0.18646
v 0.09854 2.23882 0.19278
v 0.08778 2.23612 0.19885
v 0.07070 2.23510 0.20387
v 0.04831 2.23698 0.20701
v 0.02409 2.23985 0.20841
v 0.00000 2.24075 0.20888
v -0.02428 2.23907 0.20864
v -0.04822 2.23719 0.20696
v -0.06890 2.23776 0.20326
v -0.08391 2.24071 0.19802
v -0.09421 2.24326 0.19222
v -0.10214 2.24308 0.18628
v -0.10714 2.24088 0.18000
v -0.10580 2.23960 0.17350
v -0.09637 2.24104 0.16751
v -0.08126 2.24384 0.16255
v -0.06404 2.24497 0.15838
v -0.04540 2.24319 0.15462
v -0.02395 2.24042 0.15175
v -0.00000 2.23960 0.15078
v 0.02373 2.24135 0.15201
v 0.04536 2.24328 0.15464
v 0.06555 2.24273 0.15787
v 0.08468 2.23979 0.16182
v 0.10009 2.23723 0.16702
v 0.10815 2.23737 0.17335
v 0.10862 2.23951 0.18000
v 0.11864 2.27196 0.18000
v 0.11522 2.27222 0.18708
v 0.10857 2.27089 0.19408
v 0.09560 2.26987 0.20053
v 0.07533 2.27070 0.20543
v 0.05083 2.27282 0.20841
v 0.02555 2.27415 0.21014
v 0.00000 2.27348 0.21123
v -0.02647 2.27178 0.21122
v -0.05210 2.27113 0.20913
v -0.07356 2.27233 0.20483
v -0.08995 2.27401 0.19931
v -0.10341 2.27418 0.19341
v -0.11480 2.27247 0.18705
v -0.12104 2.27058 0.18000
v -0.11840 2.27035 0.17272
v -0.10731 2.27169 0.16609
v -0.09173 2.27271 0.16030
v -0.07408 2.27186 0.15499
v -0.05317 2.26971 0.15027
v -0.02781 2.26833 0.14720
v -0.00000 2.26895 0.14665
v 0.02693 2.27058 0.14823
v 0.05208 2.27116 0.15088
v 0.07622 2.26989 0.15427
v 0.09796 2.26814 0.15897
v 0.11325 2.26791 0.16532
v 0.11975 2.26955 0.17264
v 0.11963 2.27139 0.18000
v 0.12124 2.30661 0.18000
v 0.12040 2.30599 0.18740
v 0.11425 2.30507 0.19481
v 0.09971 2.30488 0.20141
v 0.07798 2.30555 0.20633
v 0.05319 2.30624 0.20974
v 0.02746 2.30602 0.21239
v 0.00000 2.30498 0.21424
v -0.02900 2.30411 0.21420
v -0.05639 2.30420 0.21153
v -0.07935 2.30495 0.20679
v -0.09848 2.30531 0.20114
v -0.11550 2.30469 0.19497
v -0.12870 2.30364 0.18791
v -0.13357 2.30321 0.18000
v -0.12816 2.30379 0.17212
v -0.11557 2.30467 0.16502
v -0.09983 2.30483 0.15857
v -0.08122 2.30412 0.15258
v -0.05764 2.30341 0.14777
v -0.02940 2.30361 0.14532
v -0.00000 2.30463 0.14542
v 0.02789 2.30548 0.14710
v 0.05453 2.30539 0.14952
v 0.08003 2.30465 0.15298
v 0.10134 2.30430 0.15824
v 0.11471 2.30493 0.16513
v 0.12031 2.30601 0.17261
v 0.12174 2.30647 0.18000
v 0.12795 2.34000 0.18000
v 0.12875 2.34000 0.18791
v 0.12125 2.34000 0.19572
v 0.10426 2.34000 0.20239
v 0.08132 2.34000 0.20745
v 0.05625 2.34000 0.21145
v 0.02945 2.34000 0.21474
v 0.00000 2.34000 0.21655
v -0.03030 2.34000 0.21574
v -0.05776 2.34000 0.21229
v -0.08099 2.34000 0.20734
v -0.10151 2.34000 0.20180
v -0.11945 2.34000 0.19549
v -0.13109 2.34000 0.18806
v -0.13270 2.34000 0.18000
v -0.12537 2.34000 0.17230
v -0.11356 2.34000 0.16528
v -0.09946 2.34000 0.15865
v -0.08109 2.34000 0.15262
v -0.05672 2.34000 0.14829
v -0.02847 2.34000 0.14642
v -0.00000 2.34000 0.14651
v 0.02755 2.34000 0.14750
v 0.05499 2.34000 0.14926
v 0.08095 2.34000 0.15267
v 0.10146 2.34000 0.15822
v 0.11436 2.34000 0.16517
v 0.12184 2.34000 0.17251
v 0.12667 2.34000 0.18000
v 0.13068 2.37599 0.18000
v 0.12998 2.37672 0.18799
v 0.11943 2.37651 0.19549
v 0.10078 2.37550 0.20164
v 0.07856 2.37470 0.20652
v 0.05492 2.37486 0.21070
v 0.02877 2.37561 0.21394
v 0.00000 2.37591 0.21510
v -0.02846 2.37522 0.21357
v -0.05376 2.37412 0.21005
v -0.07625 2.37368 0.20574
v -0.09717 2.37423 0.20086
v -0.11453 2.37501 0.19485
v -0.12405 2.37504 0.18762
v -0.12426 2.37422 0.18000
v -0.11844 2.37346 0.17272
v -0.11003 2.37364 0.16573
v -0.09826 2.37461 0.15890
v -0.08011 2.37539 0.15296
v -0.05547 2.37521 0.14899
v -0.02783 2.37445 0.14717
v -0.00000 2.37415 0.14662
v 0.02815 2.37484 0.14680
v 0.05663 2.37595 0.14834
v 0.08242 2.37641 0.15217
v 0.10187 2.37589 0.15813
v 0.11493 2.37513 0.16510
v 0.12437 2.37513 0.17236
v 0.13068 2.37599 0.18000
v 0.12093 2.40936 0.18000
v 0.11826 2.40957 0.18727
v 0.10673 2.40794 0.19384
v 0.09000 2.40602 0.19932
v 0.07147 2.40574 0.20413
v 0.05088 2.40725 0.20844
v 0.02667 2.40875 0.21146
v 0.00000 2.40853 0.21217
v -0.02596 2.40692 0.21063
v -0.04984 2.40589 0.20787
v -0.07265 2.40683 0.20453
v -0.09401 2.40897 0.20019
v -0.11030 2.41021 0.19430
v -0.11819 2.40953 0.18726
v -0.11870 2.40808 0.18000
v -0.11541 2.40789 0.17291
v -0.10928 2.40956 0.16583
v -0.09752 2.41154 0.15906
v -0.07814 2.41188 0.15362
v -0.05329 2.41044 0.15021
v -0.02678 2.40901 0.14842
v -0.00000 2.40930 0.14747
v 0.02754 2.41098 0.14751
v 0.05453 2.41208 0.14951
v 0.07739 2.41119 0.15387
v 0.09419 2.40910 0.15978
v 0.10664 2.40788 0.16617
v 0.11658 2.40858 0.17284
v 0.12211 2.41003 0.18000
v 0.10851 2.44039 0.18000
v 0.10504 2.43968 0.18645
v 0.09488 2.43743 0.19230
v 0.08167 2.43665 0.19754
v 0.06653 2.43873 0.20246
v 0.04777 2.44187 0.20671
v 0.02479 2.44308 0.20925
v 0.00000 2.44156 0.20955
v -0.02394 2.43955 0.20824
v -0.04681 2.43980 0.20617
v -0.06903 2.44243 0.20330
v -0.08852 2.44475 0.19901
v -0.10161 2.44434 0.19317
v -0.10721 2.44174 0.18659
v -0.10792 2.43985 0.18000
v -0.10607 2.44065 0.17348
v -0.10028 2.44297 0.16700
v -0.08773 2.44381 0.16116
v -0.06858 2.44177 0.15685
v -0.04626 2.43864 0.15414
v -0.02343 2.43742 0.15236
v -0.00000 2.43891 0.15122
v 0.02426 2.44087 0.15138
v 0.04716 2.44055 0.15364
v 0.06594 2.43784 0.15774
v 0.08064 2.43542 0.16269
v 0.09323 2.43573 0.16791
v 0.10351 2.43823 0.17364
v 0.10811 2.44002 0.18000
v 0.09551 2.47225 0.18000
v 0.09128 2.46964 0.18561
v 0.08281 2.46726 0.19074
v 0.07235 2.46814 0.19553
v 0.05920 2.47146 0.19999
v 0.04184 2.47351 0.20339
v 0.02119 2.47184 0.20499
v 0.00000 2.46809 0.20491
v -0.02027 2.46610 0.20391
v -0.03999 2.46761 0.20236
v -0.05867 2.47030 0.19981
v -0.07366 2.47044 0.19581
v -0.08275 2.46716 0.19073
v -0.08692 2.46345 0.18534
v -0.08869 2.46281 0.18000
v -0.08824 2.46532 0.17458
v -0.08302 2.46758 0.16924
v -0.07147 2.46658 0.16465
v -0.05544 2.46313 0.16128
v -0.03790 2.46095 0.15881
v -0.01968 2.46248 0.15678
v -0.00000 2.46611 0.15548
v 0.02057 2.46800 0.15574
v 0.03961 2.46640 0.15786
v 0.05568 2.46366 0.16120
v 0.06972 2.46348 0.16503
v 0.08248 2.46676 0.16931
v 0.09188 2.47049 0.17435
v 0.09474 2.47119 0.18000
v 0.07380 2.49294 0.18000
v 0.06981 2.48837 0.18429
v 0.06382 2.48678 0.18827
v 0.05627 2.48914 0.19208
v 0.04571 2.49193 0.19543
v 0.03165 2.49114 0.19769
v 0.01577 2.48688 0.19860
v 0.00000 2.48323 0.19861
v -0.01543 2.48373 0.19821
v -0.03085 2.48734 0.19725
v -0.04503 2.48965 0.19520
v -0.05581 2.48792 0.19198
v -0.06267 2.48414 0.18813
v -0.06718 2.48280 0.18413
v -0.07036 2.48581 0.18000
v -0.07071 2.49029 0.17566
v -0.06601 2.49183 0.17144
v -0.05638 2.48944 0.16789
v -0.04413 2.48666 0.16510
v -0.03088 2.48748 0.16274
v -0.01630 2.49182 0.16077
v -0.00000 2.49556 0.15979
v 0.01666 2.49518 0.16034
v 0.03177 2.49172 0.16224
v 0.04500 2.48956 0.16481
v 0.05714 2.49145 0.16773
v 0.06756 2.49539 0.17124
v 0.07380 2.49687 0.17546
v 0.07431 2.49399 0.18000
v 0.04814 2.50093 0.18000
v 0.04610 2.49806 0.18283
v 0.04314 2.50007 0.18559
v 0.03850 2.50460 0.18827
v 0.03109 2.50666 0.19049
v 0.02132 2.50423 0.19192
v 0.01069 2.50056 0.19261
v 0.00000 2.50046 0.19292
v -0.01097 2.50483 0.19294
v -0.02201 2.50960 0.19231
v -0.03176 2.51030 0.19072
v -0.03908 2.50709 0.18839
v -0.04434 2.50452 0.18575
v -0.04852 2.50636 0.18298
v -0.05124 2.51127 0.18000
v -0.05083 2.51430 0.17688
v -0.04648 2.51247 0.17397
v -0.03932 2.50811 0.17156
v -0.03100 2.50622 0.16953
v -0.02191 2.50881 0.16775
v -0.01149 2.51262 0.16645
v -0.00000 2.51283 0.16608
v 0.01122 2.50854 0.16677
v 0.02126 2.50382 0.16811
v 0.03043 2.50314 0.16973
v 0.03890 2.50632 0.17165
v 0.04550 2.50883 0.17410
v 0.04868 2.50690 0.17701
v 0.04842 2.50187 0.18000
v 0.02468 2.51180 0.18000
v 0.02423 2.51303 0.18149
v 0.02308 2.51830 0.18299
v 0.02051 2.52265 0.18440
v 0.01631 2.52210 0.18551
v 0.01110 2.51814 0.18621
v 0.00563 2.51599 0.18664
v 0.00000 2.51866 0.18691
v -0.00587 2.52353 0.18692
v -0.01155 2.52527 0.18646
v -0.01629 2.52189 0.18550
v -0.01988 2.51700 0.18427
v -0.02274 2.51570 0.18295
v -0.02505 2.51886 0.18154
v -0.02617 2.52213 0.18000
v -0.02534 2.52094 0.17844
v -0.02274 2.51566 0.17705
v -0.01924 2.51127 0.17587
v -0.01538 2.51174 0.17481
v -0.01094 2.51559 0.17388
v -0.00568 2.51760 0.17330
v -0.00000 2.51476 0.17324
v 0.00543 2.50972 0.17360
v 0.01046 2.50780 0.17415
v 0.01531 2.51098 0.17483
v 0.01973 2.51570 0.17576
v 0.02289 2.51684 0.17703
v 0.02431 2.51355 0.17851
v 0.02445 2.51017 0.18000
v 0.00000 2.52009 0.18000
v 0.00000 2.52331 0.18000
v 0.00000 2.52757 0.18000
v 0.00000 2.52773 0.18000
v 0.00000 2.52309 0.18000
v 0.00000 2.51822 0.18000
v 0.00000 2.51780 0.18000
v 0.00000 2.52137 0.18000
v -0.00000 2.52388 0.18000
v -0.00000 2.52146 0.18000
v -0.00000 2.51586 0.18000
v -0.00000 2.51247 0.18000
v -0.00000 2.51431 0.18000
v -0.00000 2.51861 0.18000
v -0.00000 2.52000 0.18000
v -0.00000 2.51659 0.18000
v -0.00000 2.51215 0.18000
v -0.00000 2.51181 0.18000
v -0.00000 2.51630 0.18000
v -0.00000 2.52104 0.18000
v -0.00000 2.52137 0.18000
v -0.00000 2.51775 0.18000
v 0.00000 2.51522 0.18000
v 0.00000 2.51765 0.18000
v 0.00000 2.52332 0.18000
v 0.00000 2.52680 0.18000
v 0.00000 2.52509 0.18000
v 0.00000 2.52095 0.18000
v 0.00000 2.51973 0.18000
f 1 30 31 2
f 2 31 32 3
f 3 32 33 4
f 4 33 34 5
f 5 34 35 6
f 6 35 36 7
f 7 36 37 8
f 8 37 38 9
f 9 38 39 10
f 10 39 40 11
f 11 40 41 12
f 12 41 42 13
f 13 42 43 14
f 14 43 44 15
f 15 44 45 16
f 16 45 46 17
f 17 46 47 18
f 18 47 48 19
f 19 48 49 20
f 20 49 50 21
f 21 50 51 22
f 22 51 52 23
f 23 52 53 24
f 24 53 54 25
f 25 54 55 26
f 26 55 56 27
f 27 56 57 28
f 28 57 58 29
f 30 59 60 31
f 31 60 61 32
f 32 61 62 33
f 33 62 63 34
f 34 63 64 35
f 35 64 65 36
f 36 65 66 37
f 37 66 67 38
f 38 67 68 39
f 39 68 69 40
f 40 69 70 41
f 41 70 71 42
f 42 71 72 43
f 43 72 73 44
f 44 73 74 45
f 45 74 75 46
f 46 75 76 47
f 47 76 77 48
f 48 77 78 49
f 49 78 79 50
f 50 79 80 51
f 51 80 81 52
f 52 81 82 53
f 53 82 83 54
f 54 83 84 55
f 55 84 85 56
f 56 85 86 57
f 57 86 87 58
f 59 88 89 60
f 60 89 90 61
f 61 90 91 62
f 62 91 92 63
f 63 92 93 64
f 64 93 94 65
f 65 94 95 66
f 66 95 96 67
f 67 96 97 68
f 68 97 98 69
f 69 98 99 70
f 70 99 100 71
f 71 100 101 72
f 72 101 102 73
f 73 102 103 74
f 74 103 104 75
f 75 104 105 76
f 76 105 106 77
f 77 106 107 78
f 78 107 108 79
f 79 108 109 80
f 80 109 110 81
f 81 110 111 82
f 82 111 112 83
f 83 112 113 84
f 84 113 114 85
f 85 114 115 86
f 86 115 116 87
f 88 117 118 89
f 89 118 119 90
f 90 119 120 91
f 91 120 121 92
f 92 121 122 93
f 93 122 123 94
f 94 123 124 95
f 95 124 125 96
f 96 125 126 97
f 97 126 127 98
f 98 127 128 99
f 99 128 129 100
f 100 129 130 101
f 101 130 131 102
f 102 131 132 103
f 103 132 133 104
f 104 133 134 105
f 105 134 135 106
f 106 135 136 107
f 107 136 137 108
f 108 137 138 109
f 109 138 139 110
f 110 139 140 111
f 111 140 141 112
f 112 141 142 113
f 113 142 143 114
f 114 143 144 115
f 115 144 145 116
f 117 146 147 118
f 118 147 148 119
f 119 148 149 120
f 120 149 150 121
f 121 150 151 122
f 122 151 152 123
f 123 152 153 124
f 124 153 154 125
f 125 154 155 126
f 126 155 156 127
f 127 156 157 128
f 128 157 158 129
f 129 158 159 130
f 130 159 160 131
f 131 160 161 132
f 132 161 162 133
f 133 162 163 134
f 134 163 164 135
f 135 164 165 136
f 136 165 166 137
f 137 166 167 138
f 138 167 168 139
f 139 168 169 140
f 140 169 170 141
f 141 170 171 142
f 142 171 172 143
f 143 172 173 144
f 144 173 174 145
f 146 175 176 147
f 147 176 177 148
f 148 177 178 149
f 149 178 179 150
f 150 179 180 151
f 151 180 181 152
f 152 181 182 153
f 153 182 183 154
f 154 183 184 155
f 155 184 185 156
f 156 185 186 157
f 157 186 187 158
f 158 187 188 159
f 159 188 189 160
f 160 189 190 161
f 161 190 191 162
f 162 191 192 163
f 163 192 193 164
f 164 193 194 165
f 165 194 195 166
f 166 195 196 167
f 167 196 197 168
f 168 197 198 169
f 169 198 199 170
f 170 199 200 171
f 171 200 201 172
f 172 201 202 173
f 173 202 203 174
f 175 204 205 176
f 176 205 206 177
f 177 206 207 178
f 178 207 208 179
f 179 208 209 180
f 180 209 210 181
f 181 210 211 182
f 182 211 212 183
f 183 212 213 184
f 184 213 214 185
f 185 214 215 186
f 186 215 216 187
f 187 216 217 188
f 188 217 218 189
f 189 218 219 190
f 190 219 220 191
f 191 220 221 192
f 192 221 222 193
f 193 222 223 194
f 194 223 224 195
f 195 224 225 196
f 196 225 226 197
f 197 226 227 198
f 198 227 228 199
f 199 228 229 200
f 200 229 230 201
f 201 230 231 202
f 202 231 232 203
f 204 233 234 205
f 205 234 235 206
f 206 235 236 207
f 207 236 237 208
f 208 237 238 209
f 209 238 239 210
f 210 239 240 211
f 211 240 241 212
f 212 241 242 213
f 213 242 243 214
f 214 243 244 215
f 215 244 245 216
f 216 245 246 217
f 217 246 247 218
f 218 247 248 219
f 219 248 249 220
f 220 249 250 221
f 221 250 251 222
f 222 251 252 223
f 223 252 253 224
f 224 253 254 225
f 225 254 255 226
f 226 255 256 227
f 227 256 257 228
f 228 257 258 229
f 229 258 259 230
f 230 259 260 231
f 231 260 261 232
f 233 262 263 234
f 234 263 264 235
f 235 264 265 236
f 236 265 266 237
f 237 266 267 238
f 238 267 268 239
f 239 268 269 240
f 240 269 270 241
f 241 270 271 242
f 242 271 272 243
f 243 272 273 244
f 244 273 274 245
f 245 274 275 246
f 246 275 276 247
f 247 276 277 248
f 248 277 278 249
f 249 278 279 250
f 250 279 280 251
f 251 280 281 252
f 252 281 282 253
f 253 282 283 254
f 254 283 284 255
f 255 284 285 256
f 256 285 286 257
f 257 286 287 258
f 258 287 288 259
f 259 288 289 260
f 260 289 290 261
f 262 291 292 263
f 263 292 293 264
f 264 293 294 265
f 265 294 295 266
f 266 295 296 267
f 267 296 297 268
f 268 297 298 269
f 269 298 299 270
f 270 299 300 271
f 271 300 301 272
f 272 301 302 273
f 273 302 303 274
f 274 303 304 275
f 275 304 305 276
f 276 305 306 277
f 277 306 307 278
f 278 307 308 279
f 279 308 309 280
f 280 309 310 281
f 281 310 311 282
f 282 311 312 283
f 283 312 313 284
f 284 313 314 285
f 285 314 315 286
f 286 315 316 287
f 287 316 317 288
f 288 317 318 289
f 289 318 319 290
f 291 320 321 292
f 292 321 322 293
f 293 322 323 294
f 294 323 324 295
f 295 324 325 296
f 296 325 326 297
f 297 326 327 298
f 298 327 328 299
f 299 328 329 300
f 300 329 330 301
f 301 330 331 302
f 302 331 332 303
f 303 332 333 304
f 304 333 334 305
f 305 334 335 306
f 306 335 336 307
f 307 336 337 308
f 308 337 338 309
f 309 338 339 310
f 310 339 340 311
f 311 340 341 312
f 312 341 342 313
f 313 342 343 314
f 314 343 344 315
f 315 344 345 316
f 316 345 346 317
f 317 346 347 318
f 318 347 348 319
f 320 349 350 321
f 321 350 351 322
f 322 351 352 323
f 323 352 353 324
f 324 353 354 325
f 325 354 355 326
f 326 355 356 327
f 327 356 357 328
f 328 357 358 329
f 329 358 359 330
f 330 359 360 331
f 331 360 361 332
f 332 361 362 333
f 333 362 363 334
f 334 363 364 335
f 335 364 365 336
f 336 365 366 337
f 337 366 367 338
f 338 367 368 339
f 339 368 369 340
f 340 369 370 341
f 341 370 371 342
f 342 371 372 343
f 343 372 373 344
f 344 373 374 345
f 345 374 375 346
f 346 375 376 347
f 347 376 377 348
f 349 378 379 350
f 350 379 380 351
f 351 380 381 352
f 352 381 382 353
f 353 382 383 354
f 354 383 384 355
f 355 384 385 356
f 356 385 386 357
f 357 386 387 358
f 358 387 388 359
f 359 388 389 360
f 360 389 390 361
f 361 390 391 362
f 362 391 392 363
f 363 392 393 364
f 364 393 394 365
f 365 394 395 366
f 366 395 396 367
f 367 396 397 368
f 368 397 398 369
f 369 398 399 370
f 370 399 400 371
f 371 400 401 372
f 372 401 402 373
f 373 402 403 374
f 374 403 404 375
f 375 404 405 376
f 376 405 406 377
f 378 407 408 379
f 379 408 409 380
f 380 409 410 381
f 381 410 411 382
f 382 411 412 383
f 383 412 413 384
f 384 413 414 385
f 385 414 415 386
f 386 415 416 387
f 387 416 417 388
f 388 417 418 389
f 389 418 419 390
f 390 419 420 391
f 391 420 421 392
f 392 421 422 393
f 393 422 423 394
f 394 423 424 395
f 395 424 425 396
f 396 425 426 397
f 397 426 427 398
f 398 427 428 399
f 399 428 429 400
f 400 429 430 401
f 401 430 431 402
f 402 431 432 403
f 403 432 433 404
f 404 433 434 405
f 405 434 435 406
f 407 436 437 408
f 408 437 438 409
f 409 438 439 410
f 410 439 440 411
f 411 440 441 412
f 412 441 442 413
f 413 442 443 414
f 414 443 444 415
f 415 444 445 416
f 416 445 446 417
f 417 446 447 418
f 418 447 448 419
f 419 448 449 420
f 420 449 450 421
f 421 450 451 422
f 422 451 452 423
f 423 452 453 424
f 424 453 454 425
f 425 454 455 426
f 426 455 456 427
f 427 456 457 428
f 428 457 458 429
f 429 458 459 430
f 430 459 460 431
f 431 460 461 432
f 432 461 462 433
f 433 462 463 434
f 434 463 464 435
f 436 465 466 437
f 437 466 467 438
f 438 467 468 439
f 439 468 469 440
f 440 469 470 441
f 441 470 471 442
f 442 471 472 443
f 443 472 473 444
f 444 473 474 445
f 445 474 475 446
f 446 475 476 447
f 447 476 477 448
f 448 477 478 449
f 449 478 479 450
f 450 479 480 451
f 451 480 481 452
f 452 481 482 453
f 453 482 483 454
f 454 483 484 455
f 455 484 485 456
f 456 485 486 457
f 457 486 487 458
f 458 487 488 459
f 459 488 489 460
f 460 489 490 461
f 461 490 491 462
f 462 491 492 463
f 463 492 493 464
o ear_left_huge_membrane
g ear_left_huge_membrane
v -0.24000 1.88000 -0.04000
v -0.25111 1.88000 -0.01611
v -0.26222 1.88000 0.00736
v -0.27333 1.88000 0.03000
v -0.28444 1.88000 0.05142
v -0.29556 1.88000 0.07128
v -0.30667 1.88000 0.08928
v -0.31778 1.88000 0.10518
v -0.32889 1.88000 0.11878
v -0.34000 1.88000 0.13000
v -0.35111 1.88000 0.11878
v -0.36222 1.88000 0.10518
v -0.37333 1.88000 0.08928
v -0.38444 1.88000 0.07128
v -0.39556 1.88000 0.05142
v -0.40667 1.88000 0.03000
v -0.41778 1.88000 0.00736
v -0.42889 1.88000 -0.01611
v -0.44000 1.88000 -0.04000
v -0.42811 1.98222 -0.04000
v -0.41832 1.98222 -0.01611
v -0.40853 1.98222 0.00736
v -0.39874 1.98222 0.03000
v -0.38895 1.98222 0.05142
v -0.37916 1.98222 0.07128
v -0.36937 1.98222 0.08928
v -0.35958 1.98222 0.10518
v -0.34979 1.98222 0.11878
v -0.34000 1.98222 0.13000
v -0.37201 1.98222 0.11878
v -0.40402 1.98222 0.10518
v -0.43604 1.98222 0.08928
v -0.46805 1.98222 0.07128
v -0.50006 1.98222 0.05142
v -0.53207 1.98222 0.03000
v -0.56409 1.98222 0.00736
v -0.59610 1.98222 -0.01611
v -0.62811 1.98222 -0.04000
v -0.59353 2.08444 -0.04000
v -0.56536 2.08444 -0.01611
v -0.53719 2.08444 0.00736
v -0.50902 2.08444 0.03000
v -0.48085 2.08444 0.05142
v -0.45268 2.08444 0.07128
v -0.42451 2.08444 0.08928
v -0.39634 2.08444 0.10518
v -0.36817 2.08444 0.11878
v -0.34000 2.08444 0.13000
v -0.39039 2.08444 0.11878
v -0.44079 2.08444 0.10518
v -0.49118 2.08444 0.08928
v -0.54157 2.08444 0.07128
v -0.59196 2.08444 0.05142
v -0.64236 2.08444 0.03000
v -0.69275 2.08444 0.00736
v -0.74314 2.08444 -0.01611
v -0.79353 2.08444 -0.04000
v -0.71631 2.18667 -0.04000
v -0.67450 2.18667 -0.01611
v -0.63269 2.18667 0.00736
v -0.59088 2.18667 0.03000
v -0.54906 2.18667 0.05142
v -0.50725 2.18667 0.07128
v -0.46544 2.18667 0.08928
v -0.42363 2.18667 0.10518
v -0.38181 2.18667 0.11878
v -0.34000 2.18667 0.13000
v -0.40403 2.18667 0.11878
v -0.46807 2.18667 0.10518
v -0.53210 2.18667 0.08928
v -0.59614 2.18667 0.07128
v -0.66017 2.18667 0.05142
v -0.72421 2.18667 0.03000
v -0.78824 2.18667 0.00736
v -0.85228 2.18667 -0.01611
v -0.91631 2.18667 -0.04000
v -0.78164 2.28889 -0.04000
v -0.73257 2.28889 -0.01611
v -0.68350 2.28889 0.00736
v -0.63443 2.28889 0.03000
v -0.58536 2.28889 0.05142
v -0.53629 2.28889 0.07128
v -0.48721 2.28889 0.08928
v -0.43814 2.28889 0.10518
v -0.38907 2.28889 0.11878
v -0.34000 2.28889 0.13000
v -0.41129 2.28889 0.11878
v -0.48259 2.28889 0.10518
v -0.55388 2.28889 0.08928
v -0.62518 2.28889 0.07128
v -0.69647 2.28889 0.05142
v -0.76776 2.28889 0.03000
v -0.83906 2.28889 0.00736
v -0.91035 2.28889 -0.01611
v -0.98164 2.28889 -0.04000
v -0.78164 2.39111 -0.04000
v -0.73257 2.39111 -0.01611
v -0.68350 2.39111 0.00736
v -0.63443 2.39111 0.03000
v -0.58536 2.39111 0.05142
v -0.53629 2.39111 0.07128
v -0.48721 2.39111 0.08928
v -0.43814 2.39111 0.10518
v -0.38907 2.39111 0.11878
v -0.34000 2.39111 0.13000
v -0.41129 2.39111 0.11878
v -0.48259 2.39111 0.10518
v -0.55388 2.39111 0.08928
v -0.62518 2.39111 0.07128
v -0.69647 2.39111 0.05142
v -0.76776 2.39111 0.03000
v -0.83906 2.39111 0.00736
v -0.91035 2.39111 -0.01611
v -0.98164 2.39111 -0.04000
v -0.71631 2.49333 -0.04000
v -0.67450 2.49333 -0.01611
v -0.63269 2.49333 0.00736
v -0.59088 2.49333 0.03000
v -0.54906 2.49333 0.05142
v -0.50725 2.49333 0.07128
v -0.46544 2.49333 0.08928
v -0.42363 2.49333 0.10518
v -0.38181 2.49333 0.11878
v -0.34000 2.49333 0.13000
v -0.40403 2.49333 0.11878
v -0.46807 2.49333 0.10518
v -0.53210 2.49333 0.08928
v -0.59614 2.49333 0.07128
v -0.66017 2.49333 0.05142
v -0.72421 2.49333 0.03000
v -0.78824 2.49333 0.00736
v -0.85228 2.49333 -0.01611
v -0.91631 2.49333 -0.04000
v -0.59353 2.59556 -0.04000
v -0.56536 2.59556 -0.01611
v -0.53719 2.59556 0.00736
v -0.50902 2.59556 0.03000
v -0.48085 2.59556 0.05142
v -0.45268 2.59556 0.07128
v -0.42451 2.59556 0.08928
v -0.39634 2.59556 0.10518
v -0.36817 2.59556 0.11878
v -0.34000 2.59556 0.13000
v -0.39039 2.59556 0.11878
v -0.44079 2.59556 0.10518
v -0.49118 2.59556 0.08928
v -0.54157 2.59556 0.07128
v -0.59196 2.59556 0.05142
v -0.64236 2.59556 0.03000
v -0.69275 2.59556 0.00736
v -0.74314 2.59556 -0.01611
v -0.79353 2.59556 -0.04000
v -0.42811 2.69778 -0.04000
v -0.41832 2.69778 -0.01611
v -0.40853 2.69778 0.00736
v -0.39874 2.69778 0.03000
v -0.38895 2.69778 0.05142
v -0.37916 2.69778 0.07128
v -0.36937 2.69778 0.08928
v -0.35958 2.69778 0.10518
v -0.34979 2.69778 0.11878
v -0.34000 2.69778 0.13000
v -0.37201 2.69778 0.11878
v -0.40402 2.69778 0.10518
v -0.43604 2.69778 0.08928
v -0.46805 2.69778 0.07128
v -0.50006 2.69778 0.05142
v -0.53207 2.69778 0.03000
v -0.56409 2.69778 0.00736
v -0.59610 2.69778 -0.01611
v -0.62811 2.69778 -0.04000
v -0.24000 2.80000 -0.04000
v -0.25111 2.80000 -0.01611
v -0.26222 2.80000 0.00736
v -0.27333 2.80000 0.03000
v -0.28444 2.80000 0.05142
v -0.29556 2.80000 0.07128
v -0.30667 2.80000 0.08928
v -0.31778 2.80000 0.10518
v -0.32889 2.80000 0.11878
v -0.34000 2.80000 0.13000
v -0.35111 2.80000 0.11878
v -0.36222 2.80000 0.10518
v -0.37333 2.80000 0.08928
v -0.38444 2.80000 0.07128
v -0.39556 2.80000 0.05142
v -0.40667 2.80000 0.03000
v -0.41778 2.80000 0.00736
v -0.42889 2.80000 -0.01611
v -0.44000 2.80000 -0.04000
f 1 20 21 2
f 2 21 22 3
f 3 22 23 4
f 4 23 24 5
f 5 24 25 6
f 6 25 26 7
f 7 26 27 8
f 8 27 28 9
f 9 28 29 10
f 10 29 30 11
f 11 30 31 12
f 12 31 32 13
f 13 32 33 14
f 14 33 34 15
f 15 34 35 16
f 16 35 36 17
f 17 36 37 18
f 18 37 38 19
f 20 39 40 21
f 21 40 41 22
f 22 41 42 23
f 23 42 43 24
f 24 43 44 25
f 25 44 45 26
f 26 45 46 27
f 27 46 47 28
f 28 47 48 29
f 29 48 49 30
f 30 49 50 31
f 31 50 51 32
f 32 51 52 33
f 33 52 53 34
f 34 53 54 35
f 35 54 55 36
f 36 55 56 37
f 37 56 57 38
f 39 58 59 40
f 40 59 60 41
f 41 60 61 42
f 42 61 62 43
f 43 62 63 44
f 44 63 64 45
f 45 64 65 46
f 46 65 66 47
f 47 66 67 48
f 48 67 68 49
f 49 68 69 50
f 50 69 70 51
f 51 70 71 52
f 52 71 72 53
f 53 72 73 54
f 54 73 74 55
f 55 74 75 56
f 56 75 76 57
f 58 77 78 59
f 59 78 79 60
f 60 79 80 61
f 61 80 81 62
f 62 81 82 63
f 63 82 83 64
f 64 83 84 65
f 65 84 85 66
f 66 85 86 67
f 67 86 87 68
f 68 87 88 69
f 69 88 89 70
f 70 89 90 71
f 71 90 91 72
f 72 91 92 73
f 73 92 93 74
f 74 93 94 75
f 75 94 95 76
f 77 96 97 78
f 78 97 98 79
f 79 98 99 80
f 80 99 100 81
f 81 100 101 82
f 82 101 102 83
f 83 102 103 84
f 84 103 104 85
f 85 104 105 86
f 86 105 106 87
f 87 106 107 88
f 88 107 108 89
f 89 108 109 90
f 90 109 110 91
f 91 110 111 92
f 92 111 112 93
f 93 112 113 94
f 94 113 114 95
f 96 115 116 97
f 97 116 117 98
f 98 117 118 99
f 99 118 119 100
f 100 119 120 101
f 101 120 121 102
f 102 121 122 103
f 103 122 123 104
f 104 123 124 105
f 105 124 125 106
f 106 125 126 107
f 107 126 127 108
f 108 127 128 109
f 109 128 129 110
f 110 129 130 111
f 111 130 131 112
f 112 131 132 113
f 113 132 133 114
f 115 134 135 116
f 116 135 136 117
f 117 136 137 118
f 118 137 138 119
f 119 138 139 120
f 120 139 140 121
f 121 140 141 122
f 122 141 142 123
f 123 142 143 124
f 124 143 144 125
f 125 144 145 126
f 126 145 146 127
f 127 146 147 128
f 128 147 148 129
f 129 148 149 130
f 130 149 150 131
f 131 150 151 132
f 132 151 152 133
f 134 153 154 135
f 135 154 155 136
f 136 155 156 137
f 137 156 157 138
f 138 157 158 139
f 139 158 159 140
f 140 159 160 141
f 141 160 161 142
f 142 161 162 143
f 143 162 163 144
f 144 163 164 145
f 145 164 165 146
f 146 165 166 147
f 147 166 167 148
f 148 167 168 149
f 149 168 169 150
f 150 169 170 151
f 151 170 171 152
f 153 172 173 154
f 154 173 174 155
f 155 174 175 156
f 156 175 176 157
f 157 176 177 158
f 158 177 178 159
f 159 178 179 160
f 160 179 180 161
f 161 180 181 162
f 162 181 182 163
f 163 182 183 164
f 164 183 184 165
f 165 184 185 166
f 166 185 186 167
f 167 186 187 168
f 168 187 188 169
f 169 188 189 170
f 170 189 190 171
o ear_right_huge_membrane
g ear_right_huge_membrane
v 0.24000 1.88000 -0.04000
v 0.25111 1.88000 -0.01611
v 0.26222 1.88000 0.00736
v 0.27333 1.88000 0.03000
v 0.28444 1.88000 0.05142
v 0.29556 1.88000 0.07128
v 0.30667 1.88000 0.08928
v 0.31778 1.88000 0.10518
v 0.32889 1.88000 0.11878
v 0.34000 1.88000 0.13000
v 0.35111 1.88000 0.11878
v 0.36222 1.88000 0.10518
v 0.37333 1.88000 0.08928
v 0.38444 1.88000 0.07128
v 0.39556 1.88000 0.05142
v 0.40667 1.88000 0.03000
v 0.41778 1.88000 0.00736
v 0.42889 1.88000 -0.01611
v 0.44000 1.88000 -0.04000
v 0.42811 1.98222 -0.04000
v 0.41832 1.98222 -0.01611
v 0.40853 1.98222 0.00736
v 0.39874 1.98222 0.03000
v 0.38895 1.98222 0.05142
v 0.37916 1.98222 0.07128
v 0.36937 1.98222 0.08928
v 0.35958 1.98222 0.10518
v 0.34979 1.98222 0.11878
v 0.34000 1.98222 0.13000
v 0.37201 1.98222 0.11878
v 0.40402 1.98222 0.10518
v 0.43604 1.98222 0.08928
v 0.46805 1.98222 0.07128
v 0.50006 1.98222 0.05142
v 0.53207 1.98222 0.03000
v 0.56409 1.98222 0.00736
v 0.59610 1.98222 -0.01611
v 0.62811 1.98222 -0.04000
v 0.59353 2.08444 -0.04000
v 0.56536 2.08444 -0.01611
v 0.53719 2.08444 0.00736
v 0.50902 2.08444 0.03000
v 0.48085 2.08444 0.05142
v 0.45268 2.08444 0.07128
v 0.42451 2.08444 0.08928
v 0.39634 2.08444 0.10518
v 0.36817 2.08444 0.11878
v 0.34000 2.08444 0.13000
v 0.39039 2.08444 0.11878
v 0.44079 2.08444 0.10518
v 0.49118 2.08444 0.08928
v 0.54157 2.08444 0.07128
v 0.59196 2.08444 0.05142
v 0.64236 2.08444 0.03000
v 0.69275 2.08444 0.00736
v 0.74314 2.08444 -0.01611
v 0.79353 2.08444 -0.04000
v 0.71631 2.18667 -0.04000
v 0.67450 2.18667 -0.01611
v 0.63269 2.18667 0.00736
v 0.59088 2.18667 0.03000
v 0.54906 2.18667 0.05142
v 0.50725 2.18667 0.07128
v 0.46544 2.18667 0.08928
v 0.42363 2.18667 0.10518
v 0.38181 2.18667 0.11878
v 0.34000 2.18667 0.13000
v 0.40403 2.18667 0.11878
v 0.46807 2.18667 0.10518
v 0.53210 2.18667 0.08928
v 0.59614 2.18667 0.07128
v 0.66017 2.18667 0.05142
v 0.72421 2.18667 0.03000
v 0.78824 2.18667 0.00736
v 0.85228 2.18667 -0.01611
v 0.91631 2.18667 -0.04000
v 0.78164 2.28889 -0.04000
v 0.73257 2.28889 -0.01611
v 0.68350 2.28889 0.00736
v 0.63443 2.28889 0.03000
v 0.58536 2.28889 0.05142
v 0.53629 2.28889 0.07128
v 0.48721 2.28889 0.08928
v 0.43814 2.28889 0.10518
v 0.38907 2.28889 0.11878
v 0.34000 2.28889 0.13000
v 0.41129 2.28889 0.11878
v 0.48259 2.28889 0.10518
v 0.55388 2.28889 0.08928
v 0.62518 2.28889 0.07128
v 0.69647 2.28889 0.05142
v 0.76776 2.28889 0.03000
v 0.83906 2.28889 0.00736
v 0.91035 2.28889 -0.01611
v 0.98164 2.28889 -0.04000
v 0.78164 2.39111 -0.04000
v 0.73257 2.39111 -0.01611
v 0.68350 2.39111 0.00736
v 0.63443 2.39111 0.03000
v 0.58536 2.39111 0.05142
v 0.53629 2.39111 0.07128
v 0.48721 2.39111 0.08928
v 0.43814 2.39111 0.10518
v 0.38907 2.39111 0.11878
v 0.34000 2.39111 0.13000
v 0.41129 2.39111 0.11878
v 0.48259 2.39111 0.10518
v 0.55388 2.39111 0.08928
v 0.62518 2.39111 0.07128
v 0.69647 2.39111 0.05142
v 0.76776 2.39111 0.03000
v 0.83906 2.39111 0.00736
v 0.91035 2.39111 -0.01611
v 0.98164 2.39111 -0.04000
v 0.71631 2.49333 -0.04000
v 0.67450 2.49333 -0.01611
v 0.63269 2.49333 0.00736
v 0.59088 2.49333 0.03000
v 0.54906 2.49333 0.05142
v 0.50725 2.49333 0.07128
v 0.46544 2.49333 0.08928
v 0.42363 2.49333 0.10518
v 0.38181 2.49333 0.11878
v 0.34000 2.49333 0.13000
v 0.40403 2.49333 0.11878
v 0.46807 2.49333 0.10518
v 0.53210 2.49333 0.08928
v 0.59614 2.49333 0.07128
v 0.66017 2.49333 0.05142
v 0.72421 2.49333 0.03000
v 0.78824 2.49333 0.00736
v 0.85228 2.49333 -0.01611
v 0.91631 2.49333 -0.04000
v 0.59353 2.59556 -0.04000
v 0.56536 2.59556 -0.01611
v 0.53719 2.59556 0.00736
v 0.50902 2.59556 0.03000
v 0.48085 2.59556 0.05142
v 0.45268 2.59556 0.07128
v 0.42451 2.59556 0.08928
v 0.39634 2.59556 0.10518
v 0.36817 2.59556 0.11878
v 0.34000 2.59556 0.13000
v 0.39039 2.59556 0.11878
v 0.44079 2.59556 0.10518
v 0.49118 2.59556 0.08928
v 0.54157 2.59556 0.07128
v 0.59196 2.59556 0.05142
v 0.64236 2.59556 0.03000
v 0.69275 2.59556 0.00736
v 0.74314 2.59556 -0.01611
v 0.79353 2.59556 -0.04000
v 0.42811 2.69778 -0.04000
v 0.41832 2.69778 -0.01611
v 0.40853 2.69778 0.00736
v 0.39874 2.69778 0.03000
v 0.38895 2.69778 0.05142
v 0.37916 2.69778 0.07128
v 0.36937 2.69778 0.08928
v 0.35958 2.69778 0.10518
v 0.34979 2.69778 0.11878
v 0.34000 2.69778 0.13000
v 0.37201 2.69778 0.11878
v 0.40402 2.69778 0.10518
v 0.43604 2.69778 0.08928
v 0.46805 2.69778 0.07128
v 0.50006 2.69778 0.05142
v 0.53207 2.69778 0.03000
v 0.56409 2.69778 0.00736
v 0.59610 2.69778 -0.01611
v 0.62811 2.69778 -0.04000
v 0.24000 2.80000 -0.04000
v 0.25111 2.80000 -0.01611
v 0.26222 2.80000 0.00736
v 0.27333 2.80000 0.03000
v 0.28444 2.80000 0.05142
v 0.29556 2.80000 0.07128
v 0.30667 2.80000 0.08928
v 0.31778 2.80000 0.10518
v 0.32889 2.80000 0.11878
v 0.34000 2.80000 0.13000
v 0.35111 2.80000 0.11878
v 0.36222 2.80000 0.10518
v 0.37333 2.80000 0.08928
v 0.38444 2.80000 0.07128
v 0.39556 2.80000 0.05142
v 0.40667 2.80000 0.03000
v 0.41778 2.80000 0.00736
v 0.42889 2.80000 -0.01611
v 0.44000 2.80000 -0.04000
f 1 20 21 2
f 2 21 22 3
f 3 22 23 4
f 4 23 24 5
f 5 24 25 6
f 6 25 26 7
f 7 26 27 8
f 8 27 28 9
f 9 28 29 10
f 10 29 30 11
f 11 30 31 12
f 12 31 32 13
f 13 32 33 14
f 14 33 34 15
f 15 34 35 16
f 16 35 36 17
f 17 36 37 18
f 18 37 38 19
f 20 39 40 21
f 21 40 41 22
f 22 41 42 23
f 23 42 43 24
f 24 43 44 25
f 25 44 45 26
f 26 45 46 27
f 27 46 47 28
f 28 47 48 29
f 29 48 49 30
f 30 49 50 31
f 31 50 51 32
f 32 51 52 33
f 33 52 53 34
f 34 53 54 35
f 35 54 55 36
f 36 55 56 37
f 37 56 57 38
f 39 58 59 40
f 40 59 60 41
f 41 60 61 42
f 42 61 62 43
f 43 62 63 44
f 44 63 64 45
f 45 64 65 46
f 46 65 66 47
f 47 66 67 48
f 48 67 68 49
f 49 68 69 50
f 50 69 70 51
f 51 70 71 52
f 52 71 72 53
f 53 72 73 54
f 54 73 74 55
f 55 74 75 56
f 56 75 76 57
f 58 77 78 59
f 59 78 79 60
f 60 79 80 61
f 61 80 81 62
f 62 81 82 63
f 63 82 83 64
f 64 83 84 65
f 65 84 85 66
f 66 85 86 67
f 67 86 87 68
f 68 87 88 69
f 69 88 89 70
f 70 89 90 71
f 71 90 91 72
f 72 91 92 73
f 73 92 93 74
f 74 93 94 75
f 75 94 95 76
f 77 96 97 78
f 78 97 98 79
f 79 98 99 80
f 80 99 100 81
f 81 100 101 82
f 82 101 102 83
f 83 102 103 84
f 84 103 104 85
f 85 104 105 86
f 86 105 106 87
f 87 106 107 88
f 88 107 108 89
f 89 108 109 90
f 90 109 110 91
f 91 110 111 92
f 92 111 112 93
f 93 112 113 94
f 94 113 114 95
f 96 115 116 97
f 97 116 117 98
f 98 117 118 99
f 99 118 119 100
f 100 119 120 101
f 101 120 121 102
f 102 121 122 103
f 103 122 123 104
f 104 123 124 105
f 105 124 125 106
f 106 125 126 107
f 107 126 127 108
f 108 127 128 109
f 109 128 129 110
f 110 129 130 111
f 111 130 131 112
f 112 131 132 113
f 113 132 133 114
f 115 134 135 116
f 116 135 136 117
f 117 136 137 118
f 118 137 138 119
f 119 138 139 120
f 120 139 140 121
f 121 140 141 122
f 122 141 142 123
f 123 142 143 124
f 124 143 144 125
f 125 144 145 126
f 126 145 146 127
f 127 146 147 128
f 128 147 148 129
f 129 148 149 130
f 130 149 150 131
f 131 150 151 132
f 132 151 152 133
f 134 153 154 135
f 135 154 155 136
f 136 155 156 137
f 137 156 157 138
f 138 157 158 139
f 139 158 159 140
f 140 159 160 141
f 141 160 161 142
f 142 161 162 143
f 143 162 163 144
f 144 163 164 145
f 145 164 165 146
f 146 165 166 147
f 147 166 167 148
f 148 167 168 149
f 149 168 169 150
f 150 169 170 151
f 151 170 171 152
f 153 172 173 154
f 154 173 174 155
f 155 174 175 156
f 156 175 176 157
f 157 176 177 158
f 158 177 178 159
f 159 178 179 160
f 160 179 180 161
f 161 180 181 162
f 162 181 182 163
f 163 182 183 164
f 164 183 184 165
f 165 184 185 166
f 166 185 186 167
f 167 186 187 168
f 168 187 188 169
f 169 188 189 170
f 170 189 190 171
o mouth_left_wet_rim
g mouth_left_wet_rim
v -0.06000 2.10057 0.25501
v -0.04894 2.10035 0.25704
v -0.04029 2.10006 0.26427
v -0.03601 2.09976 0.27452
v -0.03601 2.09951 0.28547
v -0.04029 2.09934 0.29571
v -0.04894 2.09931 0.30295
v -0.06000 2.09943 0.30499
v -0.07063 2.09966 0.30208
v -0.07937 2.09994 0.29545
v -0.08475 2.10025 0.28566
v -0.08475 2.10050 0.27436
v -0.07937 2.10064 0.26456
v -0.07063 2.10066 0.25792
v -0.06000 2.10057 0.25501
v -0.06286 1.91198 0.25126
v -0.05234 1.91177 0.25388
v -0.04437 1.91148 0.26097
v -0.03984 1.91120 0.27045
v -0.03928 1.91095 0.28109
v -0.04373 1.91079 0.29096
v -0.05243 1.91078 0.29735
v -0.06286 1.91089 0.29925
v -0.07317 1.91110 0.29712
v -0.08190 1.91137 0.29090
v -0.08664 1.91167 0.28115
v -0.08608 1.91190 0.27042
v -0.08125 1.91204 0.26106
v -0.07326 1.91208 0.25413
v -0.06286 1.91198 0.25126
v -0.06571 1.72339 0.24819
v -0.05588 1.72317 0.25100
v -0.04804 1.72291 0.25733
v -0.04315 1.72263 0.26627
v -0.04285 1.72239 0.27664
v -0.04769 1.72226 0.28579
v -0.05592 1.72225 0.29175
v -0.06571 1.72234 0.29417
v -0.07583 1.72253 0.29244
v -0.08400 1.72280 0.28602
v -0.08799 1.72308 0.27652
v -0.08769 1.72330 0.26642
v -0.08365 1.72345 0.25713
v -0.07588 1.72349 0.25033
v -0.06571 1.72339 0.24819
v -0.06857 1.53478 0.24544
v -0.05920 1.53459 0.24767
v -0.05128 1.53434 0.25335
v -0.04670 1.53407 0.26214
v -0.04705 1.53385 0.27205
v -0.05169 1.53372 0.28060
v -0.05914 1.53370 0.28672
v -0.06857 1.53378 0.28943
v -0.07828 1.53397 0.28731
v -0.08568 1.53423 0.28079
v -0.08959 1.53449 0.27195
v -0.08994 1.53472 0.26227
v -0.08609 1.53487 0.25318
v -0.07823 1.53489 0.24710
v -0.06857 1.53478 0.24544
v -0.07143 1.34618 0.24224
v -0.06228 1.34601 0.24386
v -0.05468 1.34576 0.24950
v -0.05086 1.34551 0.25816
v -0.05132 1.34531 0.26744
v -0.05522 1.34518 0.27577
v -0.06221 1.34514 0.28200
v -0.07143 1.34523 0.28423
v -0.08050 1.34542 0.28170
v -0.08752 1.34567 0.27569
v -0.09180 1.34592 0.26751
v -0.09227 1.34614 0.25811
v -0.08805 1.34627 0.24961
v -0.08043 1.34628 0.24418
v -0.07143 1.34618 0.24224
v -0.07429 1.15760 0.23852
v -0.06544 1.15743 0.24019
v -0.05856 1.15719 0.24602
v -0.05513 1.15695 0.25419
v -0.05506 1.15675 0.26295
v -0.05848 1.15662 0.27117
v -0.06545 1.15659 0.27692
v -0.07429 1.15669 0.27851
v -0.08279 1.15687 0.27623
v -0.08983 1.15710 0.27097
v -0.09412 1.15734 0.26310
v -0.09405 1.15754 0.25407
v -0.08975 1.15766 0.24625
v -0.08280 1.15767 0.24090
v -0.07429 1.15760 0.23852
v -0.07714 0.96901 0.23491
v -0.06884 0.96884 0.23705
v -0.06254 0.96861 0.24263
v -0.05889 0.96839 0.25011
v -0.05843 0.96819 0.25855
v -0.06201 0.96807 0.26635
v -0.06891 0.96806 0.27137
v -0.07714 0.96815 0.27290
v -0.08533 0.96831 0.27128
v -0.09224 0.96853 0.26633
v -0.09593 0.96876 0.25858
v -0.09548 0.96894 0.25011
v -0.09171 0.96906 0.24267
v -0.08540 0.96909 0.23715
v -0.07714 0.96901 0.23491
v -0.08000 0.78041 0.23186
v -0.07232 0.78025 0.23404
v -0.06614 0.78004 0.23895
v -0.06229 0.77982 0.24595
v -0.06211 0.77964 0.25408
v -0.06594 0.77953 0.26121
v -0.07234 0.77952 0.26589
v -0.08000 0.77959 0.26785
v -0.08793 0.77975 0.26647
v -0.09429 0.77996 0.26140
v -0.09739 0.78017 0.25397
v -0.09721 0.78035 0.24608
v -0.09408 0.78047 0.23878
v -0.08796 0.78050 0.23347
v -0.08000 0.78041 0.23186
f 1 16 17 2
f 2 17 18 3
f 3 18 19 4
f 4 19 20 5
f 5 20 21 6
f 6 21 22 7
f 7 22 23 8
f 8 23 24 9
f 9 24 25 10
f 10 25 26 11
f 11 26 27 12
f 12 27 28 13
f 13 28 29 14
f 14 29 30 15
f 16 31 32 17
f 17 32 33 18
f 18 33 34 19
f 19 34 35 20
f 20 35 36 21
f 21 36 37 22
f 22 37 38 23
f 23 38 39 24
f 24 39 40 25
f 25 40 41 26
f 26 41 42 27
f 27 42 43 28
f 28 43 44 29
f 29 44 45 30
f 31 46 47 32
f 32 47 48 33
f 33 48 49 34
f 34 49 50 35
f 35 50 51 36
f 36 51 52 37
f 37 52 53 38
f 38 53 54 39
f 39 54 55 40
f 40 55 56 41
f 41 56 57 42
f 42 57 58 43
f 43 58 59 44
f 44 59 60 45
f 46 61 62 47
f 47 62 63 48
f 48 63 64 49
f 49 64 65 50
f 50 65 66 51
f 51 66 67 52
f 52 67 68 53
f 53 68 69 54
f 54 69 70 55
f 55 70 71 56
f 56 71 72 57
f 57 72 73 58
f 58 73 74 59
f 59 74 75 60
f 61 76 77 62
f 62 77 78 63
f 63 78 79 64
f 64 79 80 65
f 65 80 81 66
f 66 81 82 67
f 67 82 83 68
f 68 83 84 69
f 69 84 85 70
f 70 85 86 71
f 71 86 87 72
f 72 87 88 73
f 73 88 89 74
f 74 89 90 75
f 76 91 92 77
f 77 92 93 78
f 78 93 94 79
f 79 94 95 80
f 80 95 96 81
f 81 96 97 82
f 82 97 98 83
f 83 98 99 84
f 84 99 100 85
f 85 100 101 86
f 86 101 102 87
f 87 102 103 88
f 88 103 104 89
f 89 104 105 90
f 91 106 107 92
f 92 107 108 93
f 93 108 109 94
f 94 109 110 95
f 95 110 111 96
f 96 111 112 97
f 97 112 113 98
f 98 113 114 99
f 99 114 115 100
f 100 115 116 101
f 101 116 117 102
f 102 117 118 103
f 103 118 119 104
f 104 119 120 105
o mouth_right_wet_rim
g mouth_right_wet_rim
v 0.06000 2.10057 0.25501
v 0.07106 2.10069 0.25705
v 0.07971 2.10066 0.26429
v 0.08399 2.10049 0.27453
v 0.08399 2.10024 0.28548
v 0.07971 2.09994 0.29573
v 0.07106 2.09965 0.30296
v 0.06000 2.09943 0.30499
v 0.04937 2.09934 0.30208
v 0.04063 2.09936 0.29544
v 0.03525 2.09950 0.28564
v 0.03525 2.09975 0.27434
v 0.04063 2.10006 0.26455
v 0.04937 2.10034 0.25792
v 0.06000 2.10057 0.25501
v 0.06286 1.91198 0.25126
v 0.07337 1.91208 0.25389
v 0.08134 1.91204 0.26098
v 0.08587 1.91190 0.27047
v 0.08643 1.91166 0.28110
v 0.08199 1.91137 0.29098
v 0.07328 1.91109 0.29736
v 0.06286 1.91089 0.29925
v 0.05255 1.91079 0.29712
v 0.04382 1.91080 0.29089
v 0.03908 1.91095 0.28113
v 0.03964 1.91120 0.27041
v 0.04447 1.91148 0.26104
v 0.05246 1.91176 0.25412
v 0.06286 1.91198 0.25126
v 0.06571 1.72339 0.24819
v 0.07555 1.72347 0.25101
v 0.08339 1.72345 0.25734
v 0.08828 1.72332 0.26629
v 0.08858 1.72308 0.27665
v 0.08374 1.72280 0.28581
v 0.07550 1.72254 0.29176
v 0.06571 1.72234 0.29417
v 0.05560 1.72223 0.29243
v 0.04743 1.72225 0.28600
v 0.04344 1.72240 0.27650
v 0.04374 1.72264 0.26641
v 0.04778 1.72291 0.25712
v 0.05555 1.72318 0.25032
v 0.06571 1.72339 0.24819
v 0.06857 1.53478 0.24544
v 0.07795 1.53487 0.24768
v 0.08586 1.53486 0.25336
v 0.09045 1.53473 0.26216
v 0.09010 1.53450 0.27206
v 0.08545 1.53424 0.28061
v 0.07800 1.53398 0.28673
v 0.06857 1.53378 0.28943
v 0.05886 1.53368 0.28731
v 0.05146 1.53372 0.28078
v 0.04755 1.53386 0.27193
v 0.04720 1.53407 0.26226
v 0.05106 1.53434 0.25317
v 0.05891 1.53460 0.24709
v 0.06857 1.53478 0.24544
v 0.07143 1.34618 0.24224
v 0.08058 1.34628 0.24387
v 0.08817 1.34627 0.24951
v 0.09200 1.34613 0.25817
v 0.09153 1.34591 0.26745
v 0.08764 1.34567 0.27579
v 0.08065 1.34542 0.28201
v 0.07143 1.34523 0.28423
v 0.06236 1.34515 0.28169
v 0.05534 1.34518 0.27568
v 0.05106 1.34530 0.26750
v 0.05059 1.34551 0.25809
v 0.05480 1.34576 0.24959
v 0.06243 1.34600 0.24417
v 0.07143 1.34618 0.24224
v 0.07429 1.15760 0.23852
v 0.08314 1.15769 0.24020
v 0.09001 1.15767 0.24604
v 0.09345 1.15753 0.25421
v 0.09352 1.15733 0.26297
v 0.09010 1.15710 0.27118
v 0.08312 1.15686 0.27693
v 0.07429 1.15669 0.27851
v 0.06578 1.15661 0.27622
v 0.05874 1.15663 0.27096
v 0.05445 1.15674 0.26309
v 0.05452 1.15695 0.25405
v 0.05883 1.15719 0.24624
v 0.06577 1.15742 0.24089
v 0.07429 1.15760 0.23852
v 0.07714 0.96901 0.23491
v 0.08544 0.96909 0.23705
v 0.09175 0.96906 0.24264
v 0.09540 0.96894 0.25013
v 0.09585 0.96876 0.25856
v 0.09228 0.96853 0.26636
v 0.08537 0.96831 0.27137
v 0.07714 0.96815 0.27290
v 0.06896 0.96806 0.27127
v 0.06204 0.96807 0.26632
v 0.05835 0.96819 0.25857
v 0.05881 0.96839 0.25010
v 0.06257 0.96861 0.24266
v 0.06889 0.96884 0.23714
v 0.07714 0.96901 0.23491
v 0.08000 0.78041 0.23186
v 0.08768 0.78048 0.23405
v 0.09386 0.78046 0.23896
v 0.09771 0.78036 0.24597
v 0.09789 0.78018 0.25409
v 0.09406 0.77996 0.26122
v 0.08766 0.77975 0.26590
v 0.08000 0.77959 0.26785
v 0.07207 0.77951 0.26647
v 0.06571 0.77952 0.26139
v 0.06261 0.77965 0.25396
v 0.06279 0.77983 0.24607
v 0.06592 0.78004 0.23877
v 0.07204 0.78026 0.23347
v 0.08000 0.78041 0.23186
f 1 16 17 2
f 2 17 18 3
f 3 18 19 4
f 4 19 20 5
f 5 20 21 6
f 6 21 22 7
f 7 22 23 8
f 8 23 24 9
f 9 24 25 10
f 10 25 26 11
f 11 26 27 12
f 12 27 28 13
f 13 28 29 14
f 14 29 30 15
f 16 31 32 17
f 17 32 33 18
f 18 33 34 19
f 19 34 35 20
f 20 35 36 21
f 21 36 37 22
f 22 37 38 23
f 23 38 39 24
f 24 39 40 25
f 25 40 41 26
f 26 41 42 27
f 27 42 43 28
f 28 43 44 29
f 29 44 45 30
f 31 46 47 32
f 32 47 48 33
f 33 48 49 34
f 34 49 50 35
f 35 50 51 36
f 36 51 52 37
f 37 52 53 38
f 38 53 54 39
f 39 54 55 40
f 40 55 56 41
f 41 56 57 42
f 42 57 58 43
f 43 58 59 44
f 44 59 60 45
f 46 61 62 47
f 47 62 63 48
f 48 63 64 49
f 49 64 65 50
f 50 65 66 51
f 51 66 67 52
f 52 67 68 53
f 53 68 69 54
f 54 69 70 55
f 55 70 71 56
f 56 71 72 57
f 57 72 73 58
f 58 73 74 59
f 59 74 75 60
f 61 76 77 62
f 62 77 78 63
f 63 78 79 64
f 64 79 80 65
f 65 80 81 66
f 66 81 82 67
f 67 82 83 68
f 68 83 84 69
f 69 84 85 70
f 70 85 86 71
f 71 86 87 72
f 72 87 88 73
f 73 88 89 74
f 74 89 90 75
f 76 91 92 77
f 77 92 93 78
f 78 93 94 79
f 79 94 95 80
f 80 95 96 81
f 81 96 97 82
f 82 97 98 83
f 83 98 99 84
f 84 99 100 85
f 85 100 101 86
f 86 101 102 87
f 87 102 103 88
f 88 103 104 89
f 89 104 105 90
f 91 106 107 92
f 92 107 108 93
f 93 108 109 94
f 94 109 110 95
f 95 110 111 96
f 96 111 112 97
f 97 112 113 98
f 98 113 114 99
f 99 114 115 100
f 100 115 116 101
f 101 116 117 102
f 102 117 118 103
f 103 118 119 104
f 104 119 120 105
o mouth_dark_split_core
g mouth_dark_split_core
v 0.00000 2.08017 0.25000
v 0.01754 2.08016 0.25266
v 0.03227 2.08012 0.26273
v 0.04126 2.08006 0.27791
v 0.04410 2.08000 0.29500
v 0.04126 2.07994 0.31209
v 0.03227 2.07988 0.32727
v 0.01754 2.07984 0.33734
v 0.00000 2.07983 0.34000
v -0.01690 2.07985 0.33581
v -0.03137 2.07988 0.32637
v -0.04189 2.07994 0.31235
v -0.04590 2.08000 0.29500
v -0.04189 2.08006 0.27765
v -0.03137 2.08012 0.26363
v -0.01690 2.08015 0.25419
v -0.00000 2.08017 0.25000
v 0.00000 1.88587 0.25061
v 0.01661 1.88586 0.25419
v 0.03001 1.88582 0.26427
v 0.03881 1.88577 0.27821
v 0.04262 1.88571 0.29429
v 0.04021 1.88565 0.31094
v 0.03084 1.88560 0.32512
v 0.01637 1.88557 0.33380
v 0.00000 1.88556 0.33632
v -0.01620 1.88557 0.33338
v -0.03060 1.88560 0.32488
v -0.04038 1.88565 0.31101
v -0.04310 1.88571 0.29429
v -0.03898 1.88577 0.27814
v -0.02977 1.88582 0.26451
v -0.01644 1.88586 0.25461
v -0.00000 1.88587 0.25061
v 0.00000 1.69158 0.25242
v 0.01540 1.69157 0.25639
v 0.02823 1.69153 0.26534
v 0.03748 1.69149 0.27805
v 0.04140 1.69143 0.29357
v 0.03823 1.69137 0.30941
v 0.02867 1.69132 0.32224
v 0.01527 1.69129 0.33045
v 0.00000 1.69128 0.33385
v -0.01576 1.69129 0.33162
v -0.02935 1.69132 0.32292
v -0.03775 1.69137 0.30921
v -0.04003 1.69143 0.29357
v -0.03700 1.69148 0.27825
v -0.02891 1.69153 0.26466
v -0.01589 1.69157 0.25522
v -0.00000 1.69158 0.25242
v 0.00000 1.49728 0.25479
v 0.01448 1.49727 0.25790
v 0.02724 1.49724 0.26562
v 0.03627 1.49720 0.27783
v 0.03915 1.49714 0.29286
v 0.03541 1.49709 0.30752
v 0.02673 1.49704 0.31959
v 0.01463 1.49701 0.32817
v 0.00000 1.49700 0.33193
v -0.01504 1.49701 0.32917
v -0.02731 1.49704 0.32017
v -0.03500 1.49709 0.30735
v -0.03799 1.49714 0.29286
v -0.03586 1.49720 0.27800
v -0.02782 1.49725 0.26504
v -0.01489 1.49728 0.25690
v -0.00000 1.49728 0.25479
v 0.00000 1.30299 0.25638
v 0.01395 1.30298 0.25846
v 0.02624 1.30295 0.26590
v 0.03411 1.30291 0.27801
v 0.03612 1.30286 0.29214
v 0.03298 1.30281 0.30580
v 0.02558 1.30276 0.31772
v 0.01415 1.30273 0.32629
v 0.00000 1.30272 0.32923
v -0.01393 1.30273 0.32577
v -0.02528 1.30276 0.31742
v -0.03320 1.30281 0.30589
v -0.03673 1.30286 0.29214
v -0.03433 1.30291 0.27792
v -0.02594 1.30295 0.26621
v -0.01374 1.30298 0.25898
v -0.00000 1.30299 0.25638
v 0.00000 1.10870 0.25704
v 0.01338 1.10869 0.25914
v 0.02453 1.10866 0.26690
v 0.03135 1.10862 0.27844
v 0.03361 1.10857 0.29143
v 0.03152 1.10852 0.30448
v 0.02463 1.10848 0.31606
v 0.01335 1.10845 0.32365
v 0.00000 1.10845 0.32561
v -0.01287 1.10846 0.32249
v -0.02395 1.10848 0.31538
v -0.03200 1.10852 0.30468
v -0.03496 1.10857 0.29143
v -0.03183 1.10862 0.27824
v -0.02385 1.10866 0.26757
v -0.01290 1.10869 0.26030
v -0.00000 1.10870 0.25704
v 0.00000 0.91441 0.25794
v 0.01243 0.91440 0.26072
v 0.02245 0.91437 0.26826
v 0.02912 0.91433 0.27865
v 0.03205 0.91429 0.29071
v 0.03021 0.91424 0.30323
v 0.02309 0.91420 0.31381
v 0.01224 0.91418 0.32026
v 0.00000 0.91417 0.32222
v -0.01218 0.91418 0.32011
v -0.02300 0.91420 0.31372
v -0.03027 0.91424 0.30325
v -0.03223 0.91429 0.29071
v -0.02918 0.91433 0.27863
v -0.02237 0.91437 0.26835
v -0.01236 0.91440 0.26087
v -0.00000 0.91441 0.25794
v 0.00000 0.72011 0.25975
v 0.01132 0.72010 0.26266
v 0.02082 0.72008 0.26918
v 0.02770 0.72004 0.27853
v 0.03055 0.72000 0.29000
v 0.02812 0.71996 0.30165
v 0.02106 0.71992 0.31106
v 0.01125 0.71990 0.31716
v 0.00000 0.71989 0.31975
v -0.01164 0.71990 0.31810
v -0.02161 0.71992 0.31161
v -0.02773 0.71996 0.30149
v -0.02945 0.72000 0.29000
v -0.02731 0.72004 0.27869
v -0.02136 0.72008 0.26864
v -0.01171 0.72010 0.26173
v -0.00000 0.72011 0.25975
f 1 18 19 2
f 2 19 20 3
f 3 20 21 4
f 4 21 22 5
f 5 22 23 6
f 6 23 24 7
f 7 24 25 8
f 8 25 26 9
f 9 26 27 10
f 10 27 28 11
f 11 28 29 12
f 12 29 30 13
f 13 30 31 14
f 14 31 32 15
f 15 32 33 16
f 16 33 34 17
f 18 35 36 19
f 19 36 37 20
f 20 37 38 21
f 21 38 39 22
f 22 39 40 23
f 23 40 41 24
f 24 41 42 25
f 25 42 43 26
f 26 43 44 27
f 27 44 45 28
f 28 45 46 29
f 29 46 47 30
f 30 47 48 31
f 31 48 49 32
f 32 49 50 33
f 33 50 51 34
f 35 52 53 36
f 36 53 54 37
f 37 54 55 38
f 38 55 56 39
f 39 56 57 40
f 40 57 58 41
f 41 58 59 42
f 42 59 60 43
f 43 60 61 44
f 44 61 62 45
f 45 62 63 46
f 46 63 64 47
f 47 64 65 48
f 48 65 66 49
f 49 66 67 50
f 50 67 68 51
f 52 69 70 53
f 53 70 71 54
f 54 71 72 55
f 55 72 73 56
f 56 73 74 57
f 57 74 75 58
f 58 75 76 59
f 59 76 77 60
f 60 77 78 61
f 61 78 79 62
f 62 79 80 63
f 63 80 81 64
f 64 81 82 65
f 65 82 83 66
f 66 83 84 67
f 67 84 85 68
f 69 86 87 70
f 70 87 88 71
f 71 88 89 72
f 72 89 90 73
f 73 90 91 74
f 74 91 92 75
f 75 92 93 76
f 76 93 94 77
f 77 94 95 78
f 78 95 96 79
f 79 96 97 80
f 80 97 98 81
f 81 98 99 82
f 82 99 100 83
f 83 100 101 84
f 84 101 102 85
f 86 103 104 87
f 87 104 105 88
f 88 105 106 89
f 89 106 107 90
f 90 107 108 91
f 91 108 109 92
f 92 109 110 93
f 93 110 111 94
f 94 111 112 95
f 95 112 113 96
f 96 113 114 97
f 97 114 115 98
f 98 115 116 99
f 99 116 117 100
f 100 117 118 101
f 101 118 119 102
f 103 120 121 104
f 104 121 122 105
f 105 122 123 106
f 106 123 124 107
f 107 124 125 108
f 108 125 126 109
f 109 126 127 110
f 110 127 128 111
f 111 128 129 112
f 112 129 130 113
f 113 130 131 114
f 114 131 132 115
f 115 132 133 116
f 116 133 134 117
f 117 134 135 118
f 118 135 136 119
o tooth_maw_0
g tooth_maw_0
v 0.00000 1.90000 0.30500
v 0.05500 1.95000 0.34000
v 0.06700 1.95000 0.34000
v 0.06349 1.95000 0.34849
v 0.05500 1.95000 0.35200
v 0.04651 1.95000 0.34849
v 0.04300 1.95000 0.34000
v 0.04651 1.95000 0.33151
v 0.05500 1.95000 0.32800
v 0.06349 1.95000 0.33151
v 0.06700 1.95000 0.34000
f 1 3 4
f 2 4 3
f 1 4 5
f 2 5 4
f 1 5 6
f 2 6 5
f 1 6 7
f 2 7 6
f 1 7 8
f 2 8 7
f 1 8 9
f 2 9 8
f 1 9 10
f 2 10 9
f 1 10 11
f 2 11 10
o tooth_maw_1
g tooth_maw_1
v 0.00000 1.81500 0.30500
v -0.05500 1.86500 0.34000
v -0.04300 1.86500 0.34000
v -0.04651 1.86500 0.34849
v -0.05500 1.86500 0.35200
v -0.06349 1.86500 0.34849
v -0.06700 1.86500 0.34000
v -0.06349 1.86500 0.33151
v -0.05500 1.86500 0.32800
v -0.04651 1.86500 0.33151
v -0.04300 1.86500 0.34000
f 1 3 4
f 2 4 3
f 1 4 5
f 2 5 4
f 1 5 6
f 2 6 5
f 1 6 7
f 2 7 6
f 1 7 8
f 2 8 7
f 1 8 9
f 2 9 8
f 1 9 10
f 2 10 9
f 1 10 11
f 2 11 10
o tooth_maw_2
g tooth_maw_2
v 0.00000 1.73000 0.30500
v 0.05500 1.78000 0.34000
v 0.06700 1.78000 0.34000
v 0.06349 1.78000 0.34849
v 0.05500 1.78000 0.35200
v 0.04651 1.78000 0.34849
v 0.04300 1.78000 0.34000
v 0.04651 1.78000 0.33151
v 0.05500 1.78000 0.32800
v 0.06349 1.78000 0.33151
v 0.06700 1.78000 0.34000
f 1 3 4
f 2 4 3
f 1 4 5
f 2 5 4
f 1 5 6
f 2 6 5
f 1 6 7
f 2 7 6
f 1 7 8
f 2 8 7
f 1 8 9
f 2 9 8
f 1 9 10
f 2 10 9
f 1 10 11
f 2 11 10
o tooth_maw_3
g tooth_maw_3
v 0.00000 1.64500 0.30500
v -0.05500 1.69500 0.34000
v -0.04300 1.69500 0.34000
v -0.04651 1.69500 0.34849
v -0.05500 1.69500 0.35200
v -0.06349 1.69500 0.34849
v -0.06700 1.69500 0.34000
v -0.06349 1.69500 0.33151
v -0.05500 1.69500 0.32800
v -0.04651 1.69500 0.33151
v -0.04300 1.69500 0.34000
f 1 3 4
f 2 4 3
f 1 4 5
f 2 5 4
f 1 5 6
f 2 6 5
f 1 6 7
f 2 7 6
f 1 7 8
f 2 8 7
f 1 8 9
f 2 9 8
f 1 9 10
f 2 10 9
f 1 10 11
f 2 11 10
o tooth_maw_4
g tooth_maw_4
v 0.00000 1.56000 0.30500
v 0.05500 1.61000 0.34000
v 0.06700 1.61000 0.34000
v 0.06349 1.61000 0.34849
v 0.05500 1.61000 0.35200
v 0.04651 1.61000 0.34849
v 0.04300 1.61000 0.34000
v 0.04651 1.61000 0.33151
v 0.05500 1.61000 0.32800
v 0.06349 1.61000 0.33151
v 0.06700 1.61000 0.34000
f 1 3 4
f 2 4 3
f 1 4 5
f 2 5 4
f 1 5 6
f 2 6 5
f 1 6 7
f 2 7 6
f 1 7 8
f 2 8 7
f 1 8 9
f 2 9 8
f 1 9 10
f 2 10 9
f 1 10 11
f 2 11 10
o tooth_maw_5
g tooth_maw_5
v 0.00000 1.47500 0.30500
v -0.05500 1.52500 0.34000
v -0.04300 1.52500 0.34000
v -0.04651 1.52500 0.34849
v -0.05500 1.52500 0.35200
v -0.06349 1.52500 0.34849
v -0.06700 1.52500 0.34000
v -0.06349 1.52500 0.33151
v -0.05500 1.52500 0.32800
v -0.04651 1.52500 0.33151
v -0.04300 1.52500 0.34000
f 1 3 4
f 2 4 3
f 1 4 5
f 2 5 4
f 1 5 6
f 2 6 5
f 1 6 7
f 2 7 6
f 1 7 8
f 2 8 7
f 1 8 9
f 2 9 8
f 1 9 10
f 2 10 9
f 1 10 11
f 2 11 10
o tooth_maw_6
g tooth_maw_6
v 0.00000 1.39000 0.30500
v 0.05500 1.44000 0.34000
v 0.06700 1.44000 0.34000
v 0.06349 1.44000 0.34849
v 0.05500 1.44000 0.35200
v 0.04651 1.44000 0.34849
v 0.04300 1.44000 0.34000
v 0.04651 1.44000 0.33151
v 0.05500 1.44000 0.32800
v 0.06349 1.44000 0.33151
v 0.06700 1.44000 0.34000
f 1 3 4
f 2 4 3
f 1 4 5
f 2 5 4
f 1 5 6
f 2 6 5
f 1 6 7
f 2 7 6
f 1 7 8
f 2 8 7
f 1 8 9
f 2 9 8
f 1 9 10
f 2 10 9
f 1 10 11
f 2 11 10
o tooth_maw_7
g tooth_maw_7
v 0.00000 1.30500 0.30500
v -0.05500 1.35500 0.34000
v -0.04300 1.35500 0.34000
v -0.04651 1.35500 0.34849
v -0.05500 1.35500 0.35200
v -0.06349 1.35500 0.34849
v -0.06700 1.35500 0.34000
v -0.06349 1.35500 0.33151
v -0.05500 1.35500 0.32800
v -0.04651 1.35500 0.33151
v -0.04300 1.35500 0.34000
f 1 3 4
f 2 4 3
f 1 4 5
f 2 5 4
f 1 5 6
f 2 6 5
f 1 6 7
f 2 7 6
f 1 7 8
f 2 8 7
f 1 8 9
f 2 9 8
f 1 9 10
f 2 10 9
f 1 10 11
f 2 11 10
o tooth_maw_8
g tooth_maw_8
v 0.00000 1.22000 0.30500
v 0.05500 1.27000 0.34000
v 0.06700 1.27000 0.34000
v 0.06349 1.27000 0.34849
v 0.05500 1.27000 0.35200
v 0.04651 1.27000 0.34849
v 0.04300 1.27000 0.34000
v 0.04651 1.27000 0.33151
v 0.05500 1.27000 0.32800
v 0.06349 1.27000 0.33151
v 0.06700 1.27000 0.34000
f 1 3 4
f 2 4 3
f 1 4 5
f 2 5 4
f 1 5 6
f 2 6 5
f 1 6 7
f 2 7 6
f 1 7 8
f 2 8 7
f 1 8 9
f 2 9 8
f 1 9 10
f 2 10 9
f 1 10 11
f 2 11 10
o tooth_maw_9
g tooth_maw_9
v 0.00000 1.13500 0.30500
v -0.05500 1.18500 0.34000
v -0.04300 1.18500 0.34000
v -0.04651 1.18500 0.34849
v -0.05500 1.18500 0.35200
v -0.06349 1.18500 0.34849
v -0.06700 1.18500 0.34000
v -0.06349 1.18500 0.33151
v -0.05500 1.18500 0.32800
v -0.04651 1.18500 0.33151
v -0.04300 1.18500 0.34000
f 1 3 4
f 2 4 3
f 1 4 5
f 2 5 4
f 1 5 6
f 2 6 5
f 1 6 7
f 2 7 6
f 1 7 8
f 2 8 7
f 1 8 9
f 2 9 8
f 1 9 10
f 2 10 9
f 1 10 11
f 2 11 10
o tooth_maw_10
g tooth_maw_10
v 0.00000 1.05000 0.30500
v 0.05500 1.10000 0.34000
v 0.06700 1.10000 0.34000
v 0.06349 1.10000 0.34849
v 0.05500 1.10000 0.35200
v 0.04651 1.10000 0.34849
v 0.04300 1.10000 0.34000
v 0.04651 1.10000 0.33151
v 0.05500 1.10000 0.32800
v 0.06349 1.10000 0.33151
v 0.06700 1.10000 0.34000
f 1 3 4
f 2 4 3
f 1 4 5
f 2 5 4
f 1 5 6
f 2 6 5
f 1 6 7
f 2 7 6
f 1 7 8
f 2 8 7
f 1 8 9
f 2 9 8
f 1 9 10
f 2 10 9
f 1 10 11
f 2 11 10
o tooth_maw_11
g tooth_maw_11
v 0.00000 0.96500 0.30500
v -0.05500 1.01500 0.34000
v -0.04300 1.01500 0.34000
v -0.04651 1.01500 0.34849
v -0.05500 1.01500 0.35200
v -0.06349 1.01500 0.34849
v -0.06700 1.01500 0.34000
v -0.06349 1.01500 0.33151
v -0.05500 1.01500 0.32800
v -0.04651 1.01500 0.33151
v -0.04300 1.01500 0.34000
f 1 3 4
f 2 4 3
f 1 4 5
f 2 5 4
f 1 5 6
f 2 6 5
f 1 6 7
f 2 7 6
f 1 7 8
f 2 8 7
f 1 8 9
f 2 9 8
f 1 9 10
f 2 10 9
f 1 10 11
f 2 11 10
o tooth_maw_12
g tooth_maw_12
v 0.00000 0.88000 0.30500
v 0.05500 0.93000 0.34000
v 0.06700 0.93000 0.34000
v 0.06349 0.93000 0.34849
v 0.05500 0.93000 0.35200
v 0.04651 0.93000 0.34849
v 0.04300 0.93000 0.34000
v 0.04651 0.93000 0.33151
v 0.05500 0.93000 0.32800
v 0.06349 0.93000 0.33151
v 0.06700 0.93000 0.34000
f 1 3 4
f 2 4 3
f 1 4 5
f 2 5 4
f 1 5 6
f 2 6 5
f 1 6 7
f 2 7 6
f 1 7 8
f 2 8 7
f 1 8 9
f 2 9 8
f 1 9 10
f 2 10 9
f 1 10 11
f 2 11 10
o tooth_maw_13
g tooth_maw_13
v 0.00000 0.79500 0.30500
v -0.05500 0.84500 0.34000
v -0.04300 0.84500 0.34000
v -0.04651 0.84500 0.34849
v -0.05500 0.84500 0.35200
v -0.06349 0.84500 0.34849
v -0.06700 0.84500 0.34000
v -0.06349 0.84500 0.33151
v -0.05500 0.84500 0.32800
v -0.04651 0.84500 0.33151
v -0.04300 0.84500 0.34000
f 1 3 4
f 2 4 3
f 1 4 5
f 2 5 4
f 1 5 6
f 2 6 5
f 1 6 7
f 2 7 6
f 1 7 8
f 2 8 7
f 1 8 9
f 2 9 8
f 1 9 10
f 2 10 9
f 1 10 11
f 2 11 10
o spine_exposed_back
g spine_exposed_back
v 0.00000 2.05095 -0.27499
v 0.01548 2.05087 -0.27214
v 0.02760 2.05060 -0.26200
v 0.03359 2.05021 -0.24766
v 0.03359 2.04979 -0.23234
v 0.02760 2.04940 -0.21800
v 0.01548 2.04913 -0.20786
v 0.00000 2.04905 -0.20501
v -0.01489 2.04916 -0.20909
v -0.02713 2.04941 -0.21838
v -0.03466 2.04978 -0.23209
v -0.03466 2.05022 -0.24791
v -0.02713 2.05059 -0.26162
v -0.01489 2.05084 -0.27091
v -0.00000 2.05095 -0.27499
v 0.00000 1.84093 -0.27977
v 0.01465 1.84083 -0.27611
v 0.02575 1.84056 -0.26624
v 0.03206 1.84020 -0.25303
v 0.03284 1.83980 -0.23822
v 0.02665 1.83942 -0.22447
v 0.01452 1.83918 -0.21557
v 0.00000 1.83911 -0.21294
v -0.01436 1.83919 -0.21590
v -0.02652 1.83942 -0.22457
v -0.03312 1.83979 -0.23816
v -0.03234 1.84020 -0.25309
v -0.02562 1.84056 -0.26614
v -0.01449 1.84082 -0.27578
v -0.00000 1.84093 -0.27977
v 0.00000 1.63088 -0.28362
v 0.01363 1.63077 -0.27972
v 0.02448 1.63053 -0.27095
v 0.03126 1.63019 -0.25856
v 0.03168 1.62980 -0.24420
v 0.02497 1.62946 -0.23153
v 0.01356 1.62923 -0.22328
v 0.00000 1.62914 -0.21993
v -0.01402 1.62921 -0.22233
v -0.02533 1.62945 -0.23124
v -0.03086 1.62981 -0.24439
v -0.03044 1.63019 -0.25837
v -0.02485 1.63054 -0.27124
v -0.01408 1.63080 -0.28066
v -0.00000 1.63088 -0.28362
v 0.00000 1.42081 -0.28702
v 0.01291 1.42073 -0.28394
v 0.02380 1.42052 -0.27612
v 0.03012 1.42019 -0.26401
v 0.02963 1.41982 -0.25038
v 0.02324 1.41950 -0.23861
v 0.01299 1.41927 -0.23019
v 0.00000 1.41917 -0.22647
v -0.01337 1.41924 -0.22939
v -0.02355 1.41949 -0.23837
v -0.02894 1.41982 -0.25054
v -0.02942 1.42018 -0.26386
v -0.02411 1.42052 -0.27637
v -0.01330 1.42075 -0.28474
v -0.00000 1.42081 -0.28702
v 0.00000 1.21077 -0.29104
v 0.01251 1.21071 -0.28882
v 0.02290 1.21050 -0.28111
v 0.02813 1.21017 -0.26928
v 0.02749 1.20983 -0.25658
v 0.02216 1.20952 -0.24519
v 0.01261 1.20929 -0.23668
v 0.00000 1.20920 -0.23363
v -0.01241 1.20930 -0.23710
v -0.02200 1.20952 -0.24532
v -0.02786 1.20983 -0.25650
v -0.02849 1.21018 -0.26936
v -0.02274 1.21049 -0.28098
v -0.01231 1.21070 -0.28840
v -0.00000 1.21077 -0.29104
v 0.00000 1.00074 -0.29578
v 0.01201 1.00068 -0.29350
v 0.02135 1.00046 -0.28559
v 0.02601 1.00016 -0.27450
v 0.02610 0.99984 -0.26262
v 0.02146 0.99953 -0.25146
v 0.01200 0.99932 -0.24367
v 0.00000 0.99926 -0.24152
v -0.01154 0.99935 -0.24461
v -0.02109 0.99954 -0.25176
v -0.02692 0.99983 -0.26243
v -0.02682 1.00017 -0.27469
v -0.02098 1.00046 -0.28530
v -0.01156 1.00065 -0.29256
v -0.00000 1.00074 -0.29578
v 0.00000 0.79071 -0.30035
v 0.01117 0.79063 -0.29748
v 0.01966 0.79043 -0.28996
v 0.02457 0.79015 -0.27989
v 0.02518 0.78984 -0.26854
v 0.02037 0.78956 -0.25804
v 0.01108 0.78937 -0.25129
v 0.00000 0.78932 -0.24923
v -0.01102 0.78938 -0.25142
v -0.02033 0.78956 -0.25808
v -0.02529 0.78984 -0.26852
v -0.02468 0.79015 -0.27992
v -0.01961 0.79043 -0.28992
v -0.01111 0.79063 -0.29736
v -0.00000 0.79071 -0.30035
v 0.00000 0.58066 -0.30419
v 0.01025 0.58058 -0.30127
v 0.01848 0.58040 -0.29473
v 0.02361 0.58015 -0.28539
v 0.02385 0.57985 -0.27456
v 0.01875 0.57959 -0.26505
v 0.01021 0.57942 -0.25881
v 0.00000 0.57935 -0.25621
v -0.01058 0.57940 -0.25804
v -0.01905 0.57959 -0.26481
v -0.02319 0.57986 -0.27471
v -0.02294 0.58014 -0.28524
v -0.01877 0.58041 -0.29497
v -0.01062 0.58060 -0.30204
v -0.00000 0.58066 -0.30419
f 1 16 17 2
f 2 17 18 3
f 3 18 19 4
f 4 19 20 5
f 5 20 21 6
f 6 21 22 7
f 7 22 23 8
f 8 23 24 9
f 9 24 25 10
f 10 25 26 11
f 11 26 27 12
f 12 27 28 13
f 13 28 29 14
f 14 29 30 15
f 16 31 32 17
f 17 32 33 18
f 18 33 34 19
f 19 34 35 20
f 20 35 36 21
f 21 36 37 22
f 22 37 38 23
f 23 38 39 24
f 24 39 40 25
f 25 40 41 26
f 26 41 42 27
f 27 42 43 28
f 28 43 44 29
f 29 44 45 30
f 31 46 47 32
f 32 47 48 33
f 33 48 49 34
f 34 49 50 35
f 35 50 51 36
f 36 51 52 37
f 37 52 53 38
f 38 53 54 39
f 39 54 55 40
f 40 55 56 41
f 41 56 57 42
f 42 57 58 43
f 43 58 59 44
f 44 59 60 45
f 46 61 62 47
f 47 62 63 48
f 48 63 64 49
f 49 64 65 50
f 50 65 66 51
f 51 66 67 52
f 52 67 68 53
f 53 68 69 54
f 54 69 70 55
f 55 70 71 56
f 56 71 72 57
f 57 72 73 58
f 58 73 74 59
f 59 74 75 60
f 61 76 77 62
f 62 77 78 63
f 63 78 79 64
f 64 79 80 65
f 65 80 81 66
f 66 81 82 67
f 67 82 83 68
f 68 83 84 69
f 69 84 85 70
f 70 85 86 71
f 71 86 87 72
f 72 87 88 73
f 73 88 89 74
f 74 89 90 75
f 76 91 92 77
f 77 92 93 78
f 78 93 94 79
f 79 94 95 80
f 80 95 96 81
f 81 96 97 82
f 82 97 98 83
f 83 98 99 84
f 84 99 100 85
f 85 100 101 86
f 86 101 102 87
f 87 102 103 88
f 88 103 104 89
f 89 104 105 90
f 91 106 107 92
f 92 107 108 93
f 93 108 109 94
f 94 109 110 95
f 95 110 111 96
f 96 111 112 97
f 97 112 113 98
f 98 113 114 99
f 99 114 115 100
f 100 115 116 101
f 101 116 117 102
f 102 117 118 103
f 103 118 119 104
f 104 119 120 105
o skin_back_vertebra_0
g skin_back_vertebra_0
v 0.00000 0.64588 -0.34000
v 0.00000 0.64517 -0.34000
v 0.00000 0.64665 -0.34000
v 0.00000 0.64533 -0.34000
v -0.00000 0.64520 -0.34000
v -0.00000 0.64629 -0.34000
v -0.00000 0.64458 -0.34000
v -0.00000 0.64509 -0.34000
v -0.00000 0.64559 -0.34000
v -0.00000 0.64387 -0.34000
v -0.00000 0.64494 -0.34000
v 0.00000 0.64479 -0.34000
v 0.00000 0.64344 -0.34000
v 0.00000 0.64488 -0.34000
v 0.00000 0.64414 -0.34000
v 0.01988 0.64640 -0.34000
v 0.01768 0.64684 -0.33574
v 0.01187 0.64783 -0.33256
v 0.00441 0.64651 -0.33034
v -0.00427 0.64760 -0.33065
v -0.01179 0.64805 -0.33261
v -0.01763 0.64692 -0.33575
v -0.01869 0.64842 -0.34000
v -0.01695 0.64821 -0.34408
v -0.01200 0.64747 -0.34752
v -0.00408 0.64905 -0.34893
v 0.00419 0.64820 -0.34917
v 0.01182 0.64796 -0.34741
v 0.01638 0.64928 -0.34394
v 0.01897 0.64794 -0.34000
v 0.03560 0.65508 -0.34000
v 0.03104 0.65589 -0.33253
v 0.02163 0.65571 -0.32644
v 0.00803 0.65475 -0.32242
v -0.00772 0.65572 -0.32309
v -0.02222 0.65506 -0.32607
v -0.03281 0.65451 -0.33210
v -0.03504 0.65547 -0.34000
v -0.03286 0.65447 -0.34791
v -0.02275 0.65446 -0.35426
v -0.00787 0.65525 -0.35724
v 0.00822 0.65413 -0.35802
v 0.02256 0.65467 -0.35414
v 0.03200 0.65514 -0.34771
v 0.03696 0.65413 -0.34000
v 0.04763 0.66619 -0.34000
v 0.04084 0.66686 -0.33017
v 0.02900 0.66651 -0.32182
v 0.01036 0.66650 -0.31730
v -0.00991 0.66708 -0.31829
v -0.02885 0.66658 -0.32191
v -0.04098 0.66681 -0.33013
v -0.04418 0.66719 -0.34000
v -0.04159 0.66662 -0.35001
v -0.02787 0.66704 -0.35747
v -0.00988 0.66712 -0.36165
v 0.01029 0.66659 -0.36255
v 0.02770 0.66712 -0.35737
v 0.04072 0.66690 -0.34980
v 0.04654 0.66650 -0.34000
v 0.05042 0.68000 -0.34000
v 0.04422 0.68000 -0.32935
v 0.03215 0.68000 -0.31984
v 0.01126 0.68000 -0.31533
v -0.01114 0.68000 -0.31561
v -0.03262 0.68000 -0.31955
v -0.04553 0.68000 -0.32904
v -0.05082 0.68000 -0.34000
v -0.04723 0.68000 -0.35137
v -0.03126 0.68000 -0.35960
v -0.01140 0.68000 -0.36496
v 0.01153 0.68000 -0.36526
v 0.03085 0.68000 -0.35935
v 0.04609 0.68000 -0.35110
v 0.05067 0.68000 -0.34000
v 0.04535 0.69315 -0.34000
v 0.04050 0.69303 -0.33025
v 0.02899 0.69348 -0.32182
v 0.00987 0.69287 -0.31837
v -0.01001 0.69305 -0.31806
v -0.02869 0.69334 -0.32201
v -0.03959 0.69274 -0.33047
v -0.04549 0.69319 -0.34000
v -0.04124 0.69327 -0.34993
v -0.02754 0.69281 -0.35727
v -0.01031 0.69343 -0.36258
v 0.01019 0.69328 -0.36233
v 0.02804 0.69304 -0.35758
v 0.04259 0.69371 -0.35025
v 0.04601 0.69334 -0.34000
v 0.03521 0.70465 -0.34000
v 0.03265 0.70537 -0.33214
v 0.02293 0.70574 -0.32562
v 0.00787 0.70474 -0.32277
v -0.00818 0.70572 -0.32209
v -0.02273 0.70552 -0.32575
v -0.03182 0.70473 -0.33234
v -0.03681 0.70577 -0.34000
v -0.03222 0.70504 -0.34776
v -0.02192 0.70461 -0.35374
v -0.00811 0.70552 -0.35777
v 0.00776 0.70442 -0.35701
v 0.02180 0.70447 -0.35367
v 0.03230 0.70510 -0.34778
v 0.03410 0.70387 -0.34000
v 0.01822 0.71079 -0.34000
v 0.01714 0.71215 -0.33587
v 0.01164 0.71156 -0.33270
v 0.00407 0.71090 -0.33109
v -0.00426 0.71239 -0.33066
v -0.01157 0.71137 -0.33274
v -0.01676 0.71144 -0.33596
v -0.01938 0.71275 -0.34000
v -0.01679 0.71150 -0.34404
v -0.01190 0.71225 -0.34746
v -0.00436 0.71310 -0.34955
v 0.00419 0.71183 -0.34918
v 0.01221 0.71309 -0.34765
v 0.01774 0.71327 -0.34427
v 0.01906 0.71221 -0.34000
v 0.00000 0.71532 -0.34000
v 0.00000 0.71673 -0.34000
v 0.00000 0.71526 -0.34000
v 0.00000 0.71550 -0.34000
v -0.00000 0.71638 -0.34000
v -0.00000 0.71465 -0.34000
v -0.00000 0.71545 -0.34000
v -0.00000 0.71564 -0.34000
v -0.00000 0.71403 -0.34000
v -0.00000 0.71526 -0.34000
v -0.00000 0.71476 -0.34000
v 0.00000 0.71362 -0.34000
v 0.00000 0.71507 -0.34000
v 0.00000 0.71401 -0.34000
v 0.00000 0.71359 -0.34000
f 1 16 17 2
f 2 17 18 3
f 3 18 19 4
f 4 19 20 5
f 5 20 21 6
f 6 21 22 7
f 7 22 23 8
f 8 23 24 9
f 9 24 25 10
f 10 25 26 11
f 11 26 27 12
f 12 27 28 13
f 13 28 29 14
f 14 29 30 15
f 16 31 32 17
f 17 32 33 18
f 18 33 34 19
f 19 34 35 20
f 20 35 36 21
f 21 36 37 22
f 22 37 38 23
f 23 38 39 24
f 24 39 40 25
f 25 40 41 26
f 26 41 42 27
f 27 42 43 28
f 28 43 44 29
f 29 44 45 30
f 31 46 47 32
f 32 47 48 33
f 33 48 49 34
f 34 49 50 35
f 35 50 51 36
f 36 51 52 37
f 37 52 53 38
f 38 53 54 39
f 39 54 55 40
f 40 55 56 41
f 41 56 57 42
f 42 57 58 43
f 43 58 59 44
f 44 59 60 45
f 46 61 62 47
f 47 62 63 48
f 48 63 64 49
f 49 64 65 50
f 50 65 66 51
f 51 66 67 52
f 52 67 68 53
f 53 68 69 54
f 54 69 70 55
f 55 70 71 56
f 56 71 72 57
f 57 72 73 58
f 58 73 74 59
f 59 74 75 60
f 61 76 77 62
f 62 77 78 63
f 63 78 79 64
f 64 79 80 65
f 65 80 81 66
f 66 81 82 67
f 67 82 83 68
f 68 83 84 69
f 69 84 85 70
f 70 85 86 71
f 71 86 87 72
f 72 87 88 73
f 73 88 89 74
f 74 89 90 75
f 76 91 92 77
f 77 92 93 78
f 78 93 94 79
f 79 94 95 80
f 80 95 96 81
f 81 96 97 82
f 82 97 98 83
f 83 98 99 84
f 84 99 100 85
f 85 100 101 86
f 86 101 102 87
f 87 102 103 88
f 88 103 104 89
f 89 104 105 90
f 91 106 107 92
f 92 107 108 93
f 93 108 109 94
f 94 109 110 95
f 95 110 111 96
f 96 111 112 97
f 97 112 113 98
f 98 113 114 99
f 99 114 115 100
f 100 115 116 101
f 101 116 117 102
f 102 117 118 103
f 103 118 119 104
f 104 119 120 105
f 106 121 122 107
f 107 122 123 108
f 108 123 124 109
f 109 124 125 110
f 110 125 126 111
f 111 126 127 112
f 112 127 128 113
f 113 128 129 114
f 114 129 130 115
f 115 130 131 116
f 116 131 132 117
f 117 132 133 118
f 118 133 134 119
f 119 134 135 120
o skin_back_vertebra_1
g skin_back_vertebra_1
v 0.00000 0.78588 -0.34000
v 0.00000 0.78517 -0.34000
v 0.00000 0.78665 -0.34000
v 0.00000 0.78533 -0.34000
v -0.00000 0.78520 -0.34000
v -0.00000 0.78629 -0.34000
v -0.00000 0.78458 -0.34000
v -0.00000 0.78509 -0.34000
v -0.00000 0.78559 -0.34000
v -0.00000 0.78387 -0.34000
v -0.00000 0.78494 -0.34000
v 0.00000 0.78479 -0.34000
v 0.00000 0.78344 -0.34000
v 0.00000 0.78488 -0.34000
v 0.00000 0.78414 -0.34000
v 0.01988 0.78640 -0.34000
v 0.01768 0.78684 -0.33574
v 0.01187 0.78783 -0.33256
v 0.00441 0.78651 -0.33034
v -0.00427 0.78760 -0.33065
v -0.01179 0.78805 -0.33261
v -0.01763 0.78692 -0.33575
v -0.01869 0.78842 -0.34000
v -0.01695 0.78821 -0.34408
v -0.01200 0.78747 -0.34752
v -0.00408 0.78905 -0.34893
v 0.00419 0.78820 -0.34917
v 0.01182 0.78796 -0.34741
v 0.01638 0.78928 -0.34394
v 0.01897 0.78794 -0.34000
v 0.03560 0.79508 -0.34000
v 0.03104 0.79589 -0.33253
v 0.02163 0.79571 -0.32644
v 0.00803 0.79475 -0.32242
v -0.00772 0.79572 -0.32309
v -0.02222 0.79506 -0.32607
v -0.03281 0.79451 -0.33210
v -0.03504 0.79547 -0.34000
v -0.03286 0.79447 -0.34791
v -0.02275 0.79446 -0.35426
v -0.00787 0.79525 -0.35724
v 0.00822 0.79413 -0.35802
v 0.02256 0.79467 -0.35414
v 0.03200 0.79514 -0.34771
v 0.03696 0.79413 -0.34000
v 0.04763 0.80619 -0.34000
v 0.04084 0.80686 -0.33017
v 0.02900 0.80651 -0.32182
v 0.01036 0.80650 -0.31730
v -0.00991 0.80708 -0.31829
v -0.02885 0.80658 -0.32191
v -0.04098 0.80681 -0.33013
v -0.04418 0.80719 -0.34000
v -0.04159 0.80662 -0.35001
v -0.02787 0.80704 -0.35747
v -0.00988 0.80712 -0.36165
v 0.01029 0.80659 -0.36255
v 0.02770 0.80712 -0.35737
v 0.04072 0.80690 -0.34980
v 0.04654 0.80650 -0.34000
v 0.05042 0.82000 -0.34000
v 0.04422 0.82000 -0.32935
v 0.03215 0.82000 -0.31984
v 0.01126 0.82000 -0.31533
v -0.01114 0.82000 -0.31561
v -0.03262 0.82000 -0.31955
v -0.04553 0.82000 -0.32904
v -0.05082 0.82000 -0.34000
v -0.04723 0.82000 -0.35137
v -0.03126 0.82000 -0.35960
v -0.01140 0.82000 -0.36496
v 0.01153 0.82000 -0.36526
v 0.03085 0.82000 -0.35935
v 0.04609 0.82000 -0.35110
v 0.05067 0.82000 -0.34000
v 0.04535 0.83315 -0.34000
v 0.04050 0.83303 -0.33025
v 0.02899 0.83348 -0.32182
v 0.00987 0.83287 -0.31837
v -0.01001 0.83305 -0.31806
v -0.02869 0.83334 -0.32201
v -0.03959 0.83274 -0.33047
v -0.04549 0.83319 -0.34000
v -0.04124 0.83327 -0.34993
v -0.02754 0.83281 -0.35727
v -0.01031 0.83343 -0.36258
v 0.01019 0.83328 -0.36233
v 0.02804 0.83304 -0.35758
v 0.04259 0.83371 -0.35025
v 0.04601 0.83334 -0.34000
v 0.03521 0.84465 -0.34000
v 0.03265 0.84537 -0.33214
v 0.02293 0.84574 -0.32562
v 0.00787 0.84474 -0.32277
v -0.00818 0.84572 -0.32209
v -0.02273 0.84552 -0.32575
v -0.03182 0.84473 -0.33234
v -0.03681 0.84577 -0.34000
v -0.03222 0.84504 -0.34776
v -0.02192 0.84461 -0.35374
v -0.00811 0.84552 -0.35777
v 0.00776 0.84442 -0.35701
v 0.02180 0.84447 -0.35367
v 0.03230 0.84510 -0.34778
v 0.03410 0.84387 -0.34000
v 0.01822 0.85079 -0.34000
v 0.01714 0.85215 -0.33587
v 0.01164 0.85156 -0.33270
v 0.00407 0.85090 -0.33109
v -0.00426 0.85239 -0.33066
v -0.01157 0.85137 -0.33274
v -0.01676 0.85144 -0.33596
v -0.01938 0.85275 -0.34000
v -0.01679 0.85150 -0.34404
v -0.01190 0.85225 -0.34746
v -0.00436 0.85310 -0.34955
v 0.00419 0.85183 -0.34918
v 0.01221 0.85309 -0.34765
v 0.01774 0.85327 -0.34427
v 0.01906 0.85221 -0.34000
v 0.00000 0.85532 -0.34000
v 0.00000 0.85673 -0.34000
v 0.00000 0.85526 -0.34000
v 0.00000 0.85550 -0.34000
v -0.00000 0.85638 -0.34000
v -0.00000 0.85465 -0.34000
v -0.00000 0.85545 -0.34000
v -0.00000 0.85564 -0.34000
v -0.00000 0.85403 -0.34000
v -0.00000 0.85526 -0.34000
v -0.00000 0.85476 -0.34000
v 0.00000 0.85362 -0.34000
v 0.00000 0.85507 -0.34000
v 0.00000 0.85401 -0.34000
v 0.00000 0.85359 -0.34000
f 1 16 17 2
f 2 17 18 3
f 3 18 19 4
f 4 19 20 5
f 5 20 21 6
f 6 21 22 7
f 7 22 23 8
f 8 23 24 9
f 9 24 25 10
f 10 25 26 11
f 11 26 27 12
f 12 27 28 13
f 13 28 29 14
f 14 29 30 15
f 16 31 32 17
f 17 32 33 18
f 18 33 34 19
f 19 34 35 20
f 20 35 36 21
f 21 36 37 22
f 22 37 38 23
f 23 38 39 24
f 24 39 40 25
f 25 40 41 26
f 26 41 42 27
f 27 42 43 28
f 28 43 44 29
f 29 44 45 30
f 31 46 47 32
f 32 47 48 33
f 33 48 49 34
f 34 49 50 35
f 35 50 51 36
f 36 51 52 37
f 37 52 53 38
f 38 53 54 39
f 39 54 55 40
f 40 55 56 41
f 41 56 57 42
f 42 57 58 43
f 43 58 59 44
f 44 59 60 45
f 46 61 62 47
f 47 62 63 48
f 48 63 64 49
f 49 64 65 50
f 50 65 66 51
f 51 66 67 52
f 52 67 68 53
f 53 68 69 54
f 54 69 70 55
f 55 70 71 56
f 56 71 72 57
f 57 72 73 58
f 58 73 74 59
f 59 74 75 60
f 61 76 77 62
f 62 77 78 63
f 63 78 79 64
f 64 79 80 65
f 65 80 81 66
f 66 81 82 67
f 67 82 83 68
f 68 83 84 69
f 69 84 85 70
f 70 85 86 71
f 71 86 87 72
f 72 87 88 73
f 73 88 89 74
f 74 89 90 75
f 76 91 92 77
f 77 92 93 78
f 78 93 94 79
f 79 94 95 80
f 80 95 96 81
f 81 96 97 82
f 82 97 98 83
f 83 98 99 84
f 84 99 100 85
f 85 100 101 86
f 86 101 102 87
f 87 102 103 88
f 88 103 104 89
f 89 104 105 90
f 91 106 107 92
f 92 107 108 93
f 93 108 109 94
f 94 109 110 95
f 95 110 111 96
f 96 111 112 97
f 97 112 113 98
f 98 113 114 99
f 99 114 115 100
f 100 115 116 101
f 101 116 117 102
f 102 117 118 103
f 103 118 119 104
f 104 119 120 105
f 106 121 122 107
f 107 122 123 108
f 108 123 124 109
f 109 124 125 110
f 110 125 126 111
f 111 126 127 112
f 112 127 128 113
f 113 128 129 114
f 114 129 130 115
f 115 130 131 116
f 116 131 132 117
f 117 132 133 118
f 118 133 134 119
f 119 134 135 120
o skin_back_vertebra_2
g skin_back_vertebra_2
v 0.00000 0.92588 -0.34000
v 0.00000 0.92517 -0.34000
v 0.00000 0.92665 -0.34000
v 0.00000 0.92533 -0.34000
v -0.00000 0.92520 -0.34000
v -0.00000 0.92629 -0.34000
v -0.00000 0.92458 -0.34000
v -0.00000 0.92509 -0.34000
v -0.00000 0.92559 -0.34000
v -0.00000 0.92387 -0.34000
v -0.00000 0.92494 -0.34000
v 0.00000 0.92479 -0.34000
v 0.00000 0.92344 -0.34000
v 0.00000 0.92488 -0.34000
v 0.00000 0.92414 -0.34000
v 0.01988 0.92640 -0.34000
v 0.01768 0.92684 -0.33574
v 0.01187 0.92783 -0.33256
v 0.00441 0.92651 -0.33034
v -0.00427 0.92760 -0.33065
v -0.01179 0.92805 -0.33261
v -0.01763 0.92692 -0.33575
v -0.01869 0.92842 -0.34000
v -0.01695 0.92821 -0.34408
v -0.01200 0.92747 -0.34752
v -0.00408 0.92905 -0.34893
v 0.00419 0.92820 -0.34917
v 0.01182 0.92796 -0.34741
v 0.01638 0.92928 -0.34394
v 0.01897 0.92794 -0.34000
v 0.03560 0.93508 -0.34000
v 0.03104 0.93589 -0.33253
v 0.02163 0.93571 -0.32644
v 0.00803 0.93475 -0.32242
v -0.00772 0.93572 -0.32309
v -0.02222 0.93506 -0.32607
v -0.03281 0.93451 -0.33210
v -0.03504 0.93547 -0.34000
v -0.03286 0.93447 -0.34791
v -0.02275 0.93446 -0.35426
v -0.00787 0.93525 -0.35724
v 0.00822 0.93413 -0.35802
v 0.02256 0.93467 -0.35414
v 0.03200 0.93514 -0.34771
v 0.03696 0.93413 -0.34000
v 0.04763 0.94619 -0.34000
v 0.04084 0.94686 -0.33017
v 0.02900 0.94651 -0.32182
v 0.01036 0.94650 -0.31730
v -0.00991 0.94708 -0.31829
v -0.02885 0.94658 -0.32191
v -0.04098 0.94681 -0.33013
v -0.04418 0.94719 -0.34000
v -0.04159 0.94662 -0.35001
v -0.02787 0.94704 -0.35747
v -0.00988 0.94712 -0.36165
v 0.01029 0.94659 -0.36255
v 0.02770 0.94712 -0.35737
v 0.04072 0.94690 -0.34980
v 0.04654 0.94650 -0.34000
v 0.05042 0.96000 -0.34000
v 0.04422 0.96000 -0.32935
v 0.03215 0.96000 -0.31984
v 0.01126 0.96000 -0.31533
v -0.01114 0.96000 -0.31561
v -0.03262 0.96000 -0.31955
v -0.04553 0.96000 -0.32904
v -0.05082 0.96000 -0.34000
v -0.04723 0.96000 -0.35137
v -0.03126 0.96000 -0.35960
v -0.01140 0.96000 -0.36496
v 0.01153 0.96000 -0.36526
v 0.03085 0.96000 -0.35935
v 0.04609 0.96000 -0.35110
v 0.05067 0.96000 -0.34000
v 0.04535 0.97315 -0.34000
v 0.04050 0.97303 -0.33025
v 0.02899 0.97348 -0.32182
v 0.00987 0.97287 -0.31837
v -0.01001 0.97305 -0.31806
v -0.02869 0.97334 -0.32201
v -0.03959 0.97274 -0.33047
v -0.04549 0.97319 -0.34000
v -0.04124 0.97327 -0.34993
v -0.02754 0.97281 -0.35727
v -0.01031 0.97343 -0.36258
v 0.01019 0.97328 -0.36233
v 0.02804 0.97304 -0.35758
v 0.04259 0.97371 -0.35025
v 0.04601 0.97334 -0.34000
v 0.03521 0.98465 -0.34000
v 0.03265 0.98537 -0.33214
v 0.02293 0.98574 -0.32562
v 0.00787 0.98474 -0.32277
v -0.00818 0.98572 -0.32209
v -0.02273 0.98552 -0.32575
v -0.03182 0.98473 -0.33234
v -0.03681 0.98577 -0.34000
v -0.03222 0.98504 -0.34776
v -0.02192 0.98461 -0.35374
v -0.00811 0.98552 -0.35777
v 0.00776 0.98442 -0.35701
v 0.02180 0.98447 -0.35367
v 0.03230 0.98510 -0.34778
v 0.03410 0.98387 -0.34000
v 0.01822 0.99079 -0.34000
v 0.01714 0.99215 -0.33587
v 0.01164 0.99156 -0.33270
v 0.00407 0.99090 -0.33109
v -0.00426 0.99239 -0.33066
v -0.01157 0.99137 -0.33274
v -0.01676 0.99144 -0.33596
v -0.01938 0.99275 -0.34000
v -0.01679 0.99150 -0.34404
v -0.01190 0.99225 -0.34746
v -0.00436 0.99310 -0.34955
v 0.00419 0.99183 -0.34918
v 0.01221 0.99309 -0.34765
v 0.01774 0.99327 -0.34427
v 0.01906 0.99221 -0.34000
v 0.00000 0.99532 -0.34000
v 0.00000 0.99673 -0.34000
v 0.00000 0.99526 -0.34000
v 0.00000 0.99550 -0.34000
v -0.00000 0.99638 -0.34000
v -0.00000 0.99465 -0.34000
v -0.00000 0.99545 -0.34000
v -0.00000 0.99564 -0.34000
v -0.00000 0.99403 -0.34000
v -0.00000 0.99526 -0.34000
v -0.00000 0.99476 -0.34000
v 0.00000 0.99362 -0.34000
v 0.00000 0.99507 -0.34000
v 0.00000 0.99401 -0.34000
v 0.00000 0.99359 -0.34000
f 1 16 17 2
f 2 17 18 3
f 3 18 19 4
f 4 19 20 5
f 5 20 21 6
f 6 21 22 7
f 7 22 23 8
f 8 23 24 9
f 9 24 25 10
f 10 25 26 11
f 11 26 27 12
f 12 27 28 13
f 13 28 29 14
f 14 29 30 15
f 16 31 32 17
f 17 32 33 18
f 18 33 34 19
f 19 34 35 20
f 20 35 36 21
f 21 36 37 22
f 22 37 38 23
f 23 38 39 24
f 24 39 40 25
f 25 40 41 26
f 26 41 42 27
f 27 42 43 28
f 28 43 44 29
f 29 44 45 30
f 31 46 47 32
f 32 47 48 33
f 33 48 49 34
f 34 49 50 35
f 35 50 51 36
f 36 51 52 37
f 37 52 53 38
f 38 53 54 39
f 39 54 55 40
f 40 55 56 41
f 41 56 57 42
f 42 57 58 43
f 43 58 59 44
f 44 59 60 45
f 46 61 62 47
f 47 62 63 48
f 48 63 64 49
f 49 64 65 50
f 50 65 66 51
f 51 66 67 52
f 52 67 68 53
f 53 68 69 54
f 54 69 70 55
f 55 70 71 56
f 56 71 72 57
f 57 72 73 58
f 58 73 74 59
f 59 74 75 60
f 61 76 77 62
f 62 77 78 63
f 63 78 79 64
f 64 79 80 65
f 65 80 81 66
f 66 81 82 67
f 67 82 83 68
f 68 83 84 69
f 69 84 85 70
f 70 85 86 71
f 71 86 87 72
f 72 87 88 73
f 73 88 89 74
f 74 89 90 75
f 76 91 92 77
f 77 92 93 78
f 78 93 94 79
f 79 94 95 80
f 80 95 96 81
f 81 96 97 82
f 82 97 98 83
f 83 98 99 84
f 84 99 100 85
f 85 100 101 86
f 86 101 102 87
f 87 102 103 88
f 88 103 104 89
f 89 104 105 90
f 91 106 107 92
f 92 107 108 93
f 93 108 109 94
f 94 109 110 95
f 95 110 111 96
f 96 111 112 97
f 97 112 113 98
f 98 113 114 99
f 99 114 115 100
f 100 115 116 101
f 101 116 117 102
f 102 117 118 103
f 103 118 119 104
f 104 119 120 105
f 106 121 122 107
f 107 122 123 108
f 108 123 124 109
f 109 124 125 110
f 110 125 126 111
f 111 126 127 112
f 112 127 128 113
f 113 128 129 114
f 114 129 130 115
f 115 130 131 116
f 116 131 132 117
f 117 132 133 118
f 118 133 134 119
f 119 134 135 120
o skin_back_vertebra_3
g skin_back_vertebra_3
v 0.00000 1.06588 -0.34000
v 0.00000 1.06517 -0.34000
v 0.00000 1.06665 -0.34000
v 0.00000 1.06533 -0.34000
v -0.00000 1.06520 -0.34000
v -0.00000 1.06629 -0.34000
v -0.00000 1.06458 -0.34000
v -0.00000 1.06509 -0.34000
v -0.00000 1.06559 -0.34000
v -0.00000 1.06387 -0.34000
v -0.00000 1.06494 -0.34000
v 0.00000 1.06479 -0.34000
v 0.00000 1.06344 -0.34000
v 0.00000 1.06488 -0.34000
v 0.00000 1.06414 -0.34000
v 0.01988 1.06640 -0.34000
v 0.01768 1.06684 -0.33574
v 0.01187 1.06783 -0.33256
v 0.00441 1.06651 -0.33034
v -0.00427 1.06760 -0.33065
v -0.01179 1.06805 -0.33261
v -0.01763 1.06692 -0.33575
v -0.01869 1.06842 -0.34000
v -0.01695 1.06821 -0.34408
v -0.01200 1.06747 -0.34752
v -0.00408 1.06905 -0.34893
v 0.00419 1.06820 -0.34917
v 0.01182 1.06796 -0.34741
v 0.01638 1.06928 -0.34394
v 0.01897 1.06794 -0.34000
v 0.03560 1.07508 -0.34000
v 0.03104 1.07589 -0.33253
v 0.02163 1.07571 -0.32644
v 0.00803 1.07475 -0.32242
v -0.00772 1.07572 -0.32309
v -0.02222 1.07506 -0.32607
v -0.03281 1.07451 -0.33210
v -0.03504 1.07547 -0.34000
v -0.03286 1.07447 -0.34791
v -0.02275 1.07446 -0.35426
v -0.00787 1.07525 -0.35724
v 0.00822 1.07413 -0.35802
v 0.02256 1.07467 -0.35414
v 0.03200 1.07514 -0.34771
v 0.03696 1.07413 -0.34000
v 0.04763 1.08619 -0.34000
v 0.04084 1.08686 -0.33017
v 0.02900 1.08651 -0.32182
v 0.01036 1.08650 -0.31730
v -0.00991 1.08708 -0.31829
v -0.02885 1.08658 -0.32191
v -0.04098 1.08681 -0.33013
v -0.04418 1.08719 -0.34000
v -0.04159 1.08662 -0.35001
v -0.02787 1.08704 -0.35747
v -0.00988 1.08712 -0.36165
v 0.01029 1.08659 -0.36255
v 0.02770 1.08712 -0.35737
v 0.04072 1.08690 -0.34980
v 0.04654 1.08650 -0.34000
v 0.05042 1.10000 -0.34000
v 0.04422 1.10000 -0.32935
v 0.03215 1.10000 -0.31984
v 0.01126 1.10000 -0.31533
v -0.01114 1.10000 -0.31561
v -0.03262 1.10000 -0.31955
v -0.04553 1.10000 -0.32904
v -0.05082 1.10000 -0.34000
v -0.04723 1.10000 -0.35137
v -0.03126 1.10000 -0.35960
v -0.01140 1.10000 -0.36496
v 0.01153 1.10000 -0.36526
v 0.03085 1.10000 -0.35935
v 0.04609 1.10000 -0.35110
v 0.05067 1.10000 -0.34000
v 0.04535 1.11315 -0.34000
v 0.04050 1.11303 -0.33025
v 0.02899 1.11348 -0.32182
v 0.00987 1.11287 -0.31837
v -0.01001 1.11305 -0.31806
v -0.02869 1.11334 -0.32201
v -0.03959 1.11274 -0.33047
v -0.04549 1.11319 -0.34000
v -0.04124 1.11327 -0.34993
v -0.02754 1.11281 -0.35727
v -0.01031 1.11343 -0.36258
v 0.01019 1.11328 -0.36233
v 0.02804 1.11304 -0.35758
v 0.04259 1.11371 -0.35025
v 0.04601 1.11334 -0.34000
v 0.03521 1.12465 -0.34000
v 0.03265 1.12537 -0.33214
v 0.02293 1.12574 -0.32562
v 0.00787 1.12474 -0.32277
v -0.00818 1.12572 -0.32209
v -0.02273 1.12552 -0.32575
v -0.03182 1.12473 -0.33234
v -0.03681 1.12577 -0.34000
v -0.03222 1.12504 -0.34776
v -0.02192 1.12461 -0.35374
v -0.00811 1.12552 -0.35777
v 0.00776 1.12442 -0.35701
v 0.02180 1.12447 -0.35367
v 0.03230 1.12510 -0.34778
v 0.03410 1.12387 -0.34000
v 0.01822 1.13079 -0.34000
v 0.01714 1.13215 -0.33587
v 0.01164 1.13156 -0.33270
v 0.00407 1.13090 -0.33109
v -0.00426 1.13239 -0.33066
v -0.01157 1.13137 -0.33274
v -0.01676 1.13144 -0.33596
v -0.01938 1.13275 -0.34000
v -0.01679 1.13150 -0.34404
v -0.01190 1.13225 -0.34746
v -0.00436 1.13310 -0.34955
v 0.00419 1.13183 -0.34918
v 0.01221 1.13309 -0.34765
v 0.01774 1.13327 -0.34427
v 0.01906 1.13221 -0.34000
v 0.00000 1.13532 -0.34000
v 0.00000 1.13673 -0.34000
v 0.00000 1.13526 -0.34000
v 0.00000 1.13550 -0.34000
v -0.00000 1.13638 -0.34000
v -0.00000 1.13465 -0.34000
v -0.00000 1.13545 -0.34000
v -0.00000 1.13564 -0.34000
v -0.00000 1.13403 -0.34000
v -0.00000 1.13526 -0.34000
v -0.00000 1.13476 -0.34000
v 0.00000 1.13362 -0.34000
v 0.00000 1.13507 -0.34000
v 0.00000 1.13401 -0.34000
v 0.00000 1.13359 -0.34000
f 1 16 17 2
f 2 17 18 3
f 3 18 19 4
f 4 19 20 5
f 5 20 21 6
f 6 21 22 7
f 7 22 23 8
f 8 23 24 9
f 9 24 25 10
f 10 25 26 11
f 11 26 27 12
f 12 27 28 13
f 13 28 29 14
f 14 29 30 15
f 16 31 32 17
f 17 32 33 18
f 18 33 34 19
f 19 34 35 20
f 20 35 36 21
f 21 36 37 22
f 22 37 38 23
f 23 38 39 24
f 24 39 40 25
f 25 40 41 26
f 26 41 42 27
f 27 42 43 28
f 28 43 44 29
f 29 44 45 30
f 31 46 47 32
f 32 47 48 33
f 33 48 49 34
f 34 49 50 35
f 35 50 51 36
f 36 51 52 37
f 37 52 53 38
f 38 53 54 39
f 39 54 55 40
f 40 55 56 41
f 41 56 57 42
f 42 57 58 43
f 43 58 59 44
f 44 59 60 45
f 46 61 62 47
f 47 62 63 48
f 48 63 64 49
f 49 64 65 50
f 50 65 66 51
f 51 66 67 52
f 52 67 68 53
f 53 68 69 54
f 54 69 70 55
f 55 70 71 56
f 56 71 72 57
f 57 72 73 58
f 58 73 74 59
f 59 74 75 60
f 61 76 77 62
f 62 77 78 63
f 63 78 79 64
f 64 79 80 65
f 65 80 81 66
f 66 81 82 67
f 67 82 83 68
f 68 83 84 69
f 69 84 85 70
f 70 85 86 71
f 71 86 87 72
f 72 87 88 73
f 73 88 89 74
f 74 89 90 75
f 76 91 92 77
f 77 92 93 78
f 78 93 94 79
f 79 94 95 80
f 80 95 96 81
f 81 96 97 82
f 82 97 98 83
f 83 98 99 84
f 84 99 100 85
f 85 100 101 86
f 86 101 102 87
f 87 102 103 88
f 88 103 104 89
f 89 104 105 90
f 91 106 107 92
f 92 107 108 93
f 93 108 109 94
f 94 109 110 95
f 95 110 111 96
f 96 111 112 97
f 97 112 113 98
f 98 113 114 99
f 99 114 115 100
f 100 115 116 101
f 101 116 117 102
f 102 117 118 103
f 103 118 119 104
f 104 119 120 105
f 106 121 122 107
f 107 122 123 108
f 108 123 124 109
f 109 124 125 110
f 110 125 126 111
f 111 126 127 112
f 112 127 128 113
f 113 128 129 114
f 114 129 130 115
f 115 130 131 116
f 116 131 132 117
f 117 132 133 118
f 118 133 134 119
f 119 134 135 120
o skin_back_vertebra_4
g skin_back_vertebra_4
v 0.00000 1.20588 -0.34000
v 0.00000 1.20517 -0.34000
v 0.00000 1.20665 -0.34000
v 0.00000 1.20533 -0.34000
v -0.00000 1.20520 -0.34000
v -0.00000 1.20629 -0.34000
v -0.00000 1.20458 -0.34000
v -0.00000 1.20509 -0.34000
v -0.00000 1.20559 -0.34000
v -0.00000 1.20387 -0.34000
v -0.00000 1.20494 -0.34000
v 0.00000 1.20479 -0.34000
v 0.00000 1.20344 -0.34000
v 0.00000 1.20488 -0.34000
v 0.00000 1.20414 -0.34000
v 0.01988 1.20640 -0.34000
v 0.01768 1.20684 -0.33574
v 0.01187 1.20783 -0.33256
v 0.00441 1.20651 -0.33034
v -0.00427 1.20760 -0.33065
v -0.01179 1.20805 -0.33261
v -0.01763 1.20692 -0.33575
v -0.01869 1.20842 -0.34000
v -0.01695 1.20821 -0.34408
v -0.01200 1.20747 -0.34752
v -0.00408 1.20905 -0.34893
v 0.00419 1.20820 -0.34917
v 0.01182 1.20796 -0.34741
v 0.01638 1.20928 -0.34394
v 0.01897 1.20794 -0.34000
v 0.03560 1.21508 -0.34000
v 0.03104 1.21589 -0.33253
v 0.02163 1.21571 -0.32644
v 0.00803 1.21475 -0.32242
v -0.00772 1.21572 -0.32309
v -0.02222 1.21506 -0.32607
v -0.03281 1.21451 -0.33210
v -0.03504 1.21547 -0.34000
v -0.03286 1.21447 -0.34791
v -0.02275 1.21446 -0.35426
v -0.00787 1.21525 -0.35724
v 0.00822 1.21413 -0.35802
v 0.02256 1.21467 -0.35414
v 0.03200 1.21514 -0.34771
v 0.03696 1.21413 -0.34000
v 0.04763 1.22619 -0.34000
v 0.04084 1.22686 -0.33017
v 0.02900 1.22651 -0.32182
v 0.01036 1.22650 -0.31730
v -0.00991 1.22708 -0.31829
v -0.02885 1.22658 -0.32191
v -0.04098 1.22681 -0.33013
v -0.04418 1.22719 -0.34000
v -0.04159 1.22662 -0.35001
v -0.02787 1.22704 -0.35747
v -0.00988 1.22712 -0.36165
v 0.01029 1.22659 -0.36255
v 0.02770 1.22712 -0.35737
v 0.04072 1.22690 -0.34980
v 0.04654 1.22650 -0.34000
v 0.05042 1.24000 -0.34000
v 0.04422 1.24000 -0.32935
v 0.03215 1.24000 -0.31984
v 0.01126 1.24000 -0.31533
v -0.01114 1.24000 -0.31561
v -0.03262 1.24000 -0.31955
v -0.04553 1.24000 -0.32904
v -0.05082 1.24000 -0.34000
v -0.04723 1.24000 -0.35137
v -0.03126 1.24000 -0.35960
v -0.01140 1.24000 -0.36496
v 0.01153 1.24000 -0.36526
v 0.03085 1.24000 -0.35935
v 0.04609 1.24000 -0.35110
v 0.05067 1.24000 -0.34000
v 0.04535 1.25315 -0.34000
v 0.04050 1.25303 -0.33025
v 0.02899 1.25348 -0.32182
v 0.00987 1.25287 -0.31837
v -0.01001 1.25305 -0.31806
v -0.02869 1.25334 -0.32201
v -0.03959 1.25274 -0.33047
v -0.04549 1.25319 -0.34000
v -0.04124 1.25327 -0.34993
v -0.02754 1.25281 -0.35727
v -0.01031 1.25343 -0.36258
v 0.01019 1.25328 -0.36233
v 0.02804 1.25304 -0.35758
v 0.04259 1.25371 -0.35025
v 0.04601 1.25334 -0.34000
v 0.03521 1.26465 -0.34000
v 0.03265 1.26537 -0.33214
v 0.02293 1.26574 -0.32562
v 0.00787 1.26474 -0.32277
v -0.00818 1.26572 -0.32209
v -0.02273 1.26552 -0.32575
v -0.03182 1.26473 -0.33234
v -0.03681 1.26577 -0.34000
v -0.03222 1.26504 -0.34776
v -0.02192 1.26461 -0.35374
v -0.00811 1.26552 -0.35777
v 0.00776 1.26442 -0.35701
v 0.02180 1.26447 -0.35367
v 0.03230 1.26510 -0.34778
v 0.03410 1.26387 -0.34000
v 0.01822 1.27079 -0.34000
v 0.01714 1.27215 -0.33587
v 0.01164 1.27156 -0.33270
v 0.00407 1.27090 -0.33109
v -0.00426 1.27239 -0.33066
v -0.01157 1.27137 -0.33274
v -0.01676 1.27144 -0.33596
v -0.01938 1.27275 -0.34000
v -0.01679 1.27150 -0.34404
v -0.01190 1.27225 -0.34746
v -0.00436 1.27310 -0.34955
v 0.00419 1.27183 -0.34918
v 0.01221 1.27309 -0.34765
v 0.01774 1.27327 -0.34427
v 0.01906 1.27221 -0.34000
v 0.00000 1.27532 -0.34000
v 0.00000 1.27673 -0.34000
v 0.00000 1.27526 -0.34000
v 0.00000 1.27550 -0.34000
v -0.00000 1.27638 -0.34000
v -0.00000 1.27465 -0.34000
v -0.00000 1.27545 -0.34000
v -0.00000 1.27564 -0.34000
v -0.00000 1.27403 -0.34000
v -0.00000 1.27526 -0.34000
v -0.00000 1.27476 -0.34000
v 0.00000 1.27362 -0.34000
v 0.00000 1.27507 -0.34000
v 0.00000 1.27401 -0.34000
v 0.00000 1.27359 -0.34000
f 1 16 17 2
f 2 17 18 3
f 3 18 19 4
f 4 19 20 5
f 5 20 21 6
f 6 21 22 7
f 7 22 23 8
f 8 23 24 9
f 9 24 25 10
f 10 25 26 11
f 11 26 27 12
f 12 27 28 13
f 13 28 29 14
f 14 29 30 15
f 16 31 32 17
f 17 32 33 18
f 18 33 34 19
f 19 34 35 20
f 20 35 36 21
f 21 36 37 22
f 22 37 38 23
f 23 38 39 24
f 24 39 40 25
f 25 40 41 26
f 26 41 42 27
f 27 42 43 28
f 28 43 44 29
f 29 44 45 30
f 31 46 47 32
f 32 47 48 33
f 33 48 49 34
f 34 49 50 35
f 35 50 51 36
f 36 51 52 37
f 37 52 53 38
f 38 53 54 39
f 39 54 55 40
f 40 55 56 41
f 41 56 57 42
f 42 57 58 43
f 43 58 59 44
f 44 59 60 45
f 46 61 62 47
f 47 62 63 48
f 48 63 64 49
f 49 64 65 50
f 50 65 66 51
f 51 66 67 52
f 52 67 68 53
f 53 68 69 54
f 54 69 70 55
f 55 70 71 56
f 56 71 72 57
f 57 72 73 58
f 58 73 74 59
f 59 74 75 60
f 61 76 77 62
f 62 77 78 63
f 63 78 79 64
f 64 79 80 65
f 65 80 81 66
f 66 81 82 67
f 67 82 83 68
f 68 83 84 69
f 69 84 85 70
f 70 85 86 71
f 71 86 87 72
f 72 87 88 73
f 73 88 89 74
f 74 89 90 75
f 76 91 92 77
f 77 92 93 78
f 78 93 94 79
f 79 94 95 80
f 80 95 96 81
f 81 96 97 82
f 82 97 98 83
f 83 98 99 84
f 84 99 100 85
f 85 100 101 86
f 86 101 102 87
f 87 102 103 88
f 88 103 104 89
f 89 104 105 90
f 91 106 107 92
f 92 107 108 93
f 93 108 109 94
f 94 109 110 95
f 95 110 111 96
f 96 111 112 97
f 97 112 113 98
f 98 113 114 99
f 99 114 115 100
f 100 115 116 101
f 101 116 117 102
f 102 117 118 103
f 103 118 119 104
f 104 119 120 105
f 106 121 122 107
f 107 122 123 108
f 108 123 124 109
f 109 124 125 110
f 110 125 126 111
f 111 126 127 112
f 112 127 128 113
f 113 128 129 114
f 114 129 130 115
f 115 130 131 116
f 116 131 132 117
f 117 132 133 118
f 118 133 134 119
f 119 134 135 120
o skin_back_vertebra_5
g skin_back_vertebra_5
v 0.00000 1.34588 -0.34000
v 0.00000 1.34517 -0.34000
v 0.00000 1.34665 -0.34000
v 0.00000 1.34533 -0.34000
v -0.00000 1.34520 -0.34000
v -0.00000 1.34629 -0.34000
v -0.00000 1.34458 -0.34000
v -0.00000 1.34509 -0.34000
v -0.00000 1.34559 -0.34000
v -0.00000 1.34387 -0.34000
v -0.00000 1.34494 -0.34000
v 0.00000 1.34479 -0.34000
v 0.00000 1.34344 -0.34000
v 0.00000 1.34488 -0.34000
v 0.00000 1.34414 -0.34000
v 0.01988 1.34640 -0.34000
v 0.01768 1.34684 -0.33574
v 0.01187 1.34783 -0.33256
v 0.00441 1.34651 -0.33034
v -0.00427 1.34760 -0.33065
v -0.01179 1.34805 -0.33261
v -0.01763 1.34692 -0.33575
v -0.01869 1.34842 -0.34000
v -0.01695 1.34821 -0.34408
v -0.01200 1.34747 -0.34752
v -0.00408 1.34905 -0.34893
v 0.00419 1.34820 -0.34917
v 0.01182 1.34796 -0.34741
v 0.01638 1.34928 -0.34394
v 0.01897 1.34794 -0.34000
v 0.03560 1.35508 -0.34000
v 0.03104 1.35589 -0.33253
v 0.02163 1.35571 -0.32644
v 0.00803 1.35475 -0.32242
v -0.00772 1.35572 -0.32309
v -0.02222 1.35506 -0.32607
v -0.03281 1.35451 -0.33210
v -0.03504 1.35547 -0.34000
v -0.03286 1.35447 -0.34791
v -0.02275 1.35446 -0.35426
v -0.00787 1.35525 -0.35724
v 0.00822 1.35413 -0.35802
v 0.02256 1.35467 -0.35414
v 0.03200 1.35514 -0.34771
v 0.03696 1.35413 -0.34000
v 0.04763 1.36619 -0.34000
v 0.04084 1.36686 -0.33017
v 0.02900 1.36651 -0.32182
v 0.01036 1.36650 -0.31730
v -0.00991 1.36708 -0.31829
v -0.02885 1.36658 -0.32191
v -0.04098 1.36681 -0.33013
v -0.04418 1.36719 -0.34000
v -0.04159 1.36662 -0.35001
v -0.02787 1.36704 -0.35747
v -0.00988 1.36712 -0.36165
v 0.01029 1.36659 -0.36255
v 0.02770 1.36712 -0.35737
v 0.04072 1.36690 -0.34980
v 0.04654 1.36650 -0.34000
v 0.05042 1.38000 -0.34000
v 0.04422 1.38000 -0.32935
v 0.03215 1.38000 -0.31984
v 0.01126 1.38000 -0.31533
v -0.01114 1.38000 -0.31561
v -0.03262 1.38000 -0.31955
v -0.04553 1.38000 -0.32904
v -0.05082 1.38000 -0.34000
v -0.04723 1.38000 -0.35137
v -0.03126 1.38000 -0.35960
v -0.01140 1.38000 -0.36496
v 0.01153 1.38000 -0.36526
v 0.03085 1.38000 -0.35935
v 0.04609 1.38000 -0.35110
v 0.05067 1.38000 -0.34000
v 0.04535 1.39315 -0.34000
v 0.04050 1.39303 -0.33025
v 0.02899 1.39348 -0.32182
v 0.00987 1.39287 -0.31837
v -0.01001 1.39305 -0.31806
v -0.02869 1.39334 -0.32201
v -0.03959 1.39274 -0.33047
v -0.04549 1.39319 -0.34000
v -0.04124 1.39327 -0.34993
v -0.02754 1.39281 -0.35727
v -0.01031 1.39343 -0.36258
v 0.01019 1.39328 -0.36233
v 0.02804 1.39304 -0.35758
v 0.04259 1.39371 -0.35025
v 0.04601 1.39334 -0.34000
v 0.03521 1.40465 -0.34000
v 0.03265 1.40537 -0.33214
v 0.02293 1.40574 -0.32562
v 0.00787 1.40474 -0.32277
v -0.00818 1.40572 -0.32209
v -0.02273 1.40552 -0.32575
v -0.03182 1.40473 -0.33234
v -0.03681 1.40577 -0.34000
v -0.03222 1.40504 -0.34776
v -0.02192 1.40461 -0.35374
v -0.00811 1.40552 -0.35777
v 0.00776 1.40442 -0.35701
v 0.02180 1.40447 -0.35367
v 0.03230 1.40510 -0.34778
v 0.03410 1.40387 -0.34000
v 0.01822 1.41079 -0.34000
v 0.01714 1.41215 -0.33587
v 0.01164 1.41156 -0.33270
v 0.00407 1.41090 -0.33109
v -0.00426 1.41239 -0.33066
v -0.01157 1.41137 -0.33274
v -0.01676 1.41144 -0.33596
v -0.01938 1.41275 -0.34000
v -0.01679 1.41150 -0.34404
v -0.01190 1.41225 -0.34746
v -0.00436 1.41310 -0.34955
v 0.00419 1.41183 -0.34918
v 0.01221 1.41309 -0.34765
v 0.01774 1.41327 -0.34427
v 0.01906 1.41221 -0.34000
v 0.00000 1.41532 -0.34000
v 0.00000 1.41673 -0.34000
v 0.00000 1.41526 -0.34000
v 0.00000 1.41550 -0.34000
v -0.00000 1.41638 -0.34000
v -0.00000 1.41465 -0.34000
v -0.00000 1.41545 -0.34000
v -0.00000 1.41564 -0.34000
v -0.00000 1.41403 -0.34000
v -0.00000 1.41526 -0.34000
v -0.00000 1.41476 -0.34000
v 0.00000 1.41362 -0.34000
v 0.00000 1.41507 -0.34000
v 0.00000 1.41401 -0.34000
v 0.00000 1.41359 -0.34000
f 1 16 17 2
f 2 17 18 3
f 3 18 19 4
f 4 19 20 5
f 5 20 21 6
f 6 21 22 7
f 7 22 23 8
f 8 23 24 9
f 9 24 25 10
f 10 25 26 11
f 11 26 27 12
f 12 27 28 13
f 13 28 29 14
f 14 29 30 15
f 16 31 32 17
f 17 32 33 18
f 18 33 34 19
f 19 34 35 20
f 20 35 36 21
f 21 36 37 22
f 22 37 38 23
f 23 38 39 24
f 24 39 40 25
f 25 40 41 26
f 26 41 42 27
f 27 42 43 28
f 28 43 44 29
f 29 44 45 30
f 31 46 47 32
f 32 47 48 33
f 33 48 49 34
f 34 49 50 35
f 35 50 51 36
f 36 51 52 37
f 37 52 53 38
f 38 53 54 39
f 39 54 55 40
f 40 55 56 41
f 41 56 57 42
f 42 57 58 43
f 43 58 59 44
f 44 59 60 45
f 46 61 62 47
f 47 62 63 48
f 48 63 64 49
f 49 64 65 50
f 50 65 66 51
f 51 66 67 52
f 52 67 68 53
f 53 68 69 54
f 54 69 70 55
f 55 70 71 56
f 56 71 72 57
f 57 72 73 58
f 58 73 74 59
f 59 74 75 60
f 61 76 77 62
f 62 77 78 63
f 63 78 79 64
f 64 79 80 65
f 65 80 81 66
f 66 81 82 67
f 67 82 83 68
f 68 83 84 69
f 69 84 85 70
f 70 85 86 71
f 71 86 87 72
f 72 87 88 73
f 73 88 89 74
f 74 89 90 75
f 76 91 92 77
f 77 92 93 78
f 78 93 94 79
f 79 94 95 80
f 80 95 96 81
f 81 96 97 82
f 82 97 98 83
f 83 98 99 84
f 84 99 100 85
f 85 100 101 86
f 86 101 102 87
f 87 102 103 88
f 88 103 104 89
f 89 104 105 90
f 91 106 107 92
f 92 107 108 93
f 93 108 109 94
f 94 109 110 95
f 95 110 111 96
f 96 111 112 97
f 97 112 113 98
f 98 113 114 99
f 99 114 115 100
f 100 115 116 101
f 101 116 117 102
f 102 117 118 103
f 103 118 119 104
f 104 119 120 105
f 106 121 122 107
f 107 122 123 108
f 108 123 124 109
f 109 124 125 110
f 110 125 126 111
f 111 126 127 112
f 112 127 128 113
f 113 128 129 114
f 114 129 130 115
f 115 130 131 116
f 116 131 132 117
f 117 132 133 118
f 118 133 134 119
f 119 134 135 120
o skin_back_vertebra_6
g skin_back_vertebra_6
v 0.00000 1.48588 -0.34000
v 0.00000 1.48517 -0.34000
v 0.00000 1.48665 -0.34000
v 0.00000 1.48533 -0.34000
v -0.00000 1.48520 -0.34000
v -0.00000 1.48629 -0.34000
v -0.00000 1.48458 -0.34000
v -0.00000 1.48509 -0.34000
v -0.00000 1.48559 -0.34000
v -0.00000 1.48387 -0.34000
v -0.00000 1.48494 -0.34000
v 0.00000 1.48479 -0.34000
v 0.00000 1.48344 -0.34000
v 0.00000 1.48488 -0.34000
v 0.00000 1.48414 -0.34000
v 0.01988 1.48640 -0.34000
v 0.01768 1.48684 -0.33574
v 0.01187 1.48783 -0.33256
v 0.00441 1.48651 -0.33034
v -0.00427 1.48760 -0.33065
v -0.01179 1.48805 -0.33261
v -0.01763 1.48692 -0.33575
v -0.01869 1.48842 -0.34000
v -0.01695 1.48821 -0.34408
v -0.01200 1.48747 -0.34752
v -0.00408 1.48905 -0.34893
v 0.00419 1.48820 -0.34917
v 0.01182 1.48796 -0.34741
v 0.01638 1.48928 -0.34394
v 0.01897 1.48794 -0.34000
v 0.03560 1.49508 -0.34000
v 0.03104 1.49589 -0.33253
v 0.02163 1.49571 -0.32644
v 0.00803 1.49475 -0.32242
v -0.00772 1.49572 -0.32309
v -0.02222 1.49506 -0.32607
v -0.03281 1.49451 -0.33210
v -0.03504 1.49547 -0.34000
v -0.03286 1.49447 -0.34791
v -0.02275 1.49446 -0.35426
v -0.00787 1.49525 -0.35724
v 0.00822 1.49413 -0.35802
v 0.02256 1.49467 -0.35414
v 0.03200 1.49514 -0.34771
v 0.03696 1.49413 -0.34000
v 0.04763 1.50619 -0.34000
v 0.04084 1.50686 -0.33017
v 0.02900 1.50651 -0.32182
v 0.01036 1.50650 -0.31730
v -0.00991 1.50708 -0.31829
v -0.02885 1.50658 -0.32191
v -0.04098 1.50681 -0.33013
v -0.04418 1.50719 -0.34000
v -0.04159 1.50662 -0.35001
v -0.02787 1.50704 -0.35747
v -0.00988 1.50712 -0.36165
v 0.01029 1.50659 -0.36255
v 0.02770 1.50712 -0.35737
v 0.04072 1.50690 -0.34980
v 0.04654 1.50650 -0.34000
v 0.05042 1.52000 -0.34000
v 0.04422 1.52000 -0.32935
v 0.03215 1.52000 -0.31984
v 0.01126 1.52000 -0.31533
v -0.01114 1.52000 -0.31561
v -0.03262 1.52000 -0.31955
v -0.04553 1.52000 -0.32904
v -0.05082 1.52000 -0.34000
v -0.04723 1.52000 -0.35137
v -0.03126 1.52000 -0.35960
v -0.01140 1.52000 -0.36496
v 0.01153 1.52000 -0.36526
v 0.03085 1.52000 -0.35935
v 0.04609 1.52000 -0.35110
v 0.05067 1.52000 -0.34000
v 0.04535 1.53315 -0.34000
v 0.04050 1.53303 -0.33025
v 0.02899 1.53348 -0.32182
v 0.00987 1.53287 -0.31837
v -0.01001 1.53305 -0.31806
v -0.02869 1.53334 -0.32201
v -0.03959 1.53274 -0.33047
v -0.04549 1.53319 -0.34000
v -0.04124 1.53327 -0.34993
v -0.02754 1.53281 -0.35727
v -0.01031 1.53343 -0.36258
v 0.01019 1.53328 -0.36233
v 0.02804 1.53304 -0.35758
v 0.04259 1.53371 -0.35025
v 0.04601 1.53334 -0.34000
v 0.03521 1.54465 -0.34000
v 0.03265 1.54537 -0.33214
v 0.02293 1.54574 -0.32562
v 0.00787 1.54474 -0.32277
v -0.00818 1.54572 -0.32209
v -0.02273 1.54552 -0.32575
v -0.03182 1.54473 -0.33234
v -0.03681 1.54577 -0.34000
v -0.03222 1.54504 -0.34776
v -0.02192 1.54461 -0.35374
v -0.00811 1.54552 -0.35777
v 0.00776 1.54442 -0.35701
v 0.02180 1.54447 -0.35367
v 0.03230 1.54510 -0.34778
v 0.03410 1.54387 -0.34000
v 0.01822 1.55079 -0.34000
v 0.01714 1.55215 -0.33587
v 0.01164 1.55156 -0.33270
v 0.00407 1.55090 -0.33109
v -0.00426 1.55239 -0.33066
v -0.01157 1.55137 -0.33274
v -0.01676 1.55144 -0.33596
v -0.01938 1.55275 -0.34000
v -0.01679 1.55150 -0.34404
v -0.01190 1.55225 -0.34746
v -0.00436 1.55310 -0.34955
v 0.00419 1.55183 -0.34918
v 0.01221 1.55309 -0.34765
v 0.01774 1.55327 -0.34427
v 0.01906 1.55221 -0.34000
v 0.00000 1.55532 -0.34000
v 0.00000 1.55673 -0.34000
v 0.00000 1.55526 -0.34000
v 0.00000 1.55550 -0.34000
v -0.00000 1.55638 -0.34000
v -0.00000 1.55465 -0.34000
v -0.00000 1.55545 -0.34000
v -0.00000 1.55564 -0.34000
v -0.00000 1.55403 -0.34000
v -0.00000 1.55526 -0.34000
v -0.00000 1.55476 -0.34000
v 0.00000 1.55362 -0.34000
v 0.00000 1.55507 -0.34000
v 0.00000 1.55401 -0.34000
v 0.00000 1.55359 -0.34000
f 1 16 17 2
f 2 17 18 3
f 3 18 19 4
f 4 19 20 5
f 5 20 21 6
f 6 21 22 7
f 7 22 23 8
f 8 23 24 9
f 9 24 25 10
f 10 25 26 11
f 11 26 27 12
f 12 27 28 13
f 13 28 29 14
f 14 29 30 15
f 16 31 32 17
f 17 32 33 18
f 18 33 34 19
f 19 34 35 20
f 20 35 36 21
f 21 36 37 22
f 22 37 38 23
f 23 38 39 24
f 24 39 40 25
f 25 40 41 26
f 26 41 42 27
f 27 42 43 28
f 28 43 44 29
f 29 44 45 30
f 31 46 47 32
f 32 47 48 33
f 33 48 49 34
f 34 49 50 35
f 35 50 51 36
f 36 51 52 37
f 37 52 53 38
f 38 53 54 39
f 39 54 55 40
f 40 55 56 41
f 41 56 57 42
f 42 57 58 43
f 43 58 59 44
f 44 59 60 45
f 46 61 62 47
f 47 62 63 48
f 48 63 64 49
f 49 64 65 50
f 50 65 66 51
f 51 66 67 52
f 52 67 68 53
f 53 68 69 54
f 54 69 70 55
f 55 70 71 56
f 56 71 72 57
f 57 72 73 58
f 58 73 74 59
f 59 74 75 60
f 61 76 77 62
f 62 77 78 63
f 63 78 79 64
f 64 79 80 65
f 65 80 81 66
f 66 81 82 67
f 67 82 83 68
f 68 83 84 69
f 69 84 85 70
f 70 85 86 71
f 71 86 87 72
f 72 87 88 73
f 73 88 89 74
f 74 89 90 75
f 76 91 92 77
f 77 92 93 78
f 78 93 94 79
f 79 94 95 80
f 80 95 96 81
f 81 96 97 82
f 82 97 98 83
f 83 98 99 84
f 84 99 100 85
f 85 100 101 86
f 86 101 102 87
f 87 102 103 88
f 88 103 104 89
f 89 104 105 90
f 91 106 107 92
f 92 107 108 93
f 93 108 109 94
f 94 109 110 95
f 95 110 111 96
f 96 111 112 97
f 97 112 113 98
f 98 113 114 99
f 99 114 115 100
f 100 115 116 101
f 101 116 117 102
f 102 117 118 103
f 103 118 119 104
f 104 119 120 105
f 106 121 122 107
f 107 122 123 108
f 108 123 124 109
f 109 124 125 110
f 110 125 126 111
f 111 126 127 112
f 112 127 128 113
f 113 128 129 114
f 114 129 130 115
f 115 130 131 116
f 116 131 132 117
f 117 132 133 118
f 118 133 134 119
f 119 134 135 120
o skin_back_vertebra_7
g skin_back_vertebra_7
v 0.00000 1.62588 -0.34000
v 0.00000 1.62517 -0.34000
v 0.00000 1.62665 -0.34000
v 0.00000 1.62533 -0.34000
v -0.00000 1.62520 -0.34000
v -0.00000 1.62629 -0.34000
v -0.00000 1.62458 -0.34000
v -0.00000 1.62509 -0.34000
v -0.00000 1.62559 -0.34000
v -0.00000 1.62387 -0.34000
v -0.00000 1.62494 -0.34000
v 0.00000 1.62479 -0.34000
v 0.00000 1.62344 -0.34000
v 0.00000 1.62488 -0.34000
v 0.00000 1.62414 -0.34000
v 0.01988 1.62640 -0.34000
v 0.01768 1.62684 -0.33574
v 0.01187 1.62783 -0.33256
v 0.00441 1.62651 -0.33034
v -0.00427 1.62760 -0.33065
v -0.01179 1.62805 -0.33261
v -0.01763 1.62692 -0.33575
v -0.01869 1.62842 -0.34000
v -0.01695 1.62821 -0.34408
v -0.01200 1.62747 -0.34752
v -0.00408 1.62905 -0.34893
v 0.00419 1.62820 -0.34917
v 0.01182 1.62796 -0.34741
v 0.01638 1.62928 -0.34394
v 0.01897 1.62794 -0.34000
v 0.03560 1.63508 -0.34000
v 0.03104 1.63589 -0.33253
v 0.02163 1.63571 -0.32644
v 0.00803 1.63475 -0.32242
v -0.00772 1.63572 -0.32309
v -0.02222 1.63506 -0.32607
v -0.03281 1.63451 -0.33210
v -0.03504 1.63547 -0.34000
v -0.03286 1.63447 -0.34791
v -0.02275 1.63446 -0.35426
v -0.00787 1.63525 -0.35724
v 0.00822 1.63413 -0.35802
v 0.02256 1.63467 -0.35414
v 0.03200 1.63514 -0.34771
v 0.03696 1.63413 -0.34000
v 0.04763 1.64619 -0.34000
v 0.04084 1.64686 -0.33017
v 0.02900 1.64651 -0.32182
v 0.01036 1.64650 -0.31730
v -0.00991 1.64708 -0.31829
v -0.02885 1.64658 -0.32191
v -0.04098 1.64681 -0.33013
v -0.04418 1.64719 -0.34000
v -0.04159 1.64662 -0.35001
v -0.02787 1.64704 -0.35747
v -0.00988 1.64712 -0.36165
v 0.01029 1.64659 -0.36255
v 0.02770 1.64712 -0.35737
v 0.04072 1.64690 -0.34980
v 0.04654 1.64650 -0.34000
v 0.05042 1.66000 -0.34000
v 0.04422 1.66000 -0.32935
v 0.03215 1.66000 -0.31984
v 0.01126 1.66000 -0.31533
v -0.01114 1.66000 -0.31561
v -0.03262 1.66000 -0.31955
v -0.04553 1.66000 -0.32904
v -0.05082 1.66000 -0.34000
v -0.04723 1.66000 -0.35137
v -0.03126 1.66000 -0.35960
v -0.01140 1.66000 -0.36496
v 0.01153 1.66000 -0.36526
v 0.03085 1.66000 -0.35935
v 0.04609 1.66000 -0.35110
v 0.05067 1.66000 -0.34000
v 0.04535 1.67315 -0.34000
v 0.04050 1.67303 -0.33025
v 0.02899 1.67348 -0.32182
v 0.00987 1.67287 -0.31837
v -0.01001 1.67305 -0.31806
v -0.02869 1.67334 -0.32201
v -0.03959 1.67274 -0.33047
v -0.04549 1.67319 -0.34000
v -0.04124 1.67327 -0.34993
v -0.02754 1.67281 -0.35727
v -0.01031 1.67343 -0.36258
v 0.01019 1.67328 -0.36233
v 0.02804 1.67304 -0.35758
v 0.04259 1.67371 -0.35025
v 0.04601 1.67334 -0.34000
v 0.03521 1.68465 -0.34000
v 0.03265 1.68537 -0.33214
v 0.02293 1.68574 -0.32562
v 0.00787 1.68474 -0.32277
v -0.00818 1.68572 -0.32209
v -0.02273 1.68552 -0.32575
v -0.03182 1.68473 -0.33234
v -0.03681 1.68577 -0.34000
v -0.03222 1.68504 -0.34776
v -0.02192 1.68461 -0.35374
v -0.00811 1.68552 -0.35777
v 0.00776 1.68442 -0.35701
v 0.02180 1.68447 -0.35367
v 0.03230 1.68510 -0.34778
v 0.03410 1.68387 -0.34000
v 0.01822 1.69079 -0.34000
v 0.01714 1.69215 -0.33587
v 0.01164 1.69156 -0.33270
v 0.00407 1.69090 -0.33109
v -0.00426 1.69239 -0.33066
v -0.01157 1.69137 -0.33274
v -0.01676 1.69144 -0.33596
v -0.01938 1.69275 -0.34000
v -0.01679 1.69150 -0.34404
v -0.01190 1.69225 -0.34746
v -0.00436 1.69310 -0.34955
v 0.00419 1.69183 -0.34918
v 0.01221 1.69309 -0.34765
v 0.01774 1.69327 -0.34427
v 0.01906 1.69221 -0.34000
v 0.00000 1.69532 -0.34000
v 0.00000 1.69673 -0.34000
v 0.00000 1.69526 -0.34000
v 0.00000 1.69550 -0.34000
v -0.00000 1.69638 -0.34000
v -0.00000 1.69465 -0.34000
v -0.00000 1.69545 -0.34000
v -0.00000 1.69564 -0.34000
v -0.00000 1.69403 -0.34000
v -0.00000 1.69526 -0.34000
v -0.00000 1.69476 -0.34000
v 0.00000 1.69362 -0.34000
v 0.00000 1.69507 -0.34000
v 0.00000 1.69401 -0.34000
v 0.00000 1.69359 -0.34000
f 1 16 17 2
f 2 17 18 3
f 3 18 19 4
f 4 19 20 5
f 5 20 21 6
f 6 21 22 7
f 7 22 23 8
f 8 23 24 9
f 9 24 25 10
f 10 25 26 11
f 11 26 27 12
f 12 27 28 13
f 13 28 29 14
f 14 29 30 15
f 16 31 32 17
f 17 32 33 18
f 18 33 34 19
f 19 34 35 20
f 20 35 36 21
f 21 36 37 22
f 22 37 38 23
f 23 38 39 24
f 24 39 40 25
f 25 40 41 26
f 26 41 42 27
f 27 42 43 28
f 28 43 44 29
f 29 44 45 30
f 31 46 47 32
f 32 47 48 33
f 33 48 49 34
f 34 49 50 35
f 35 50 51 36
f 36 51 52 37
f 37 52 53 38
f 38 53 54 39
f 39 54 55 40
f 40 55 56 41
f 41 56 57 42
f 42 57 58 43
f 43 58 59 44
f 44 59 60 45
f 46 61 62 47
f 47 62 63 48
f 48 63 64 49
f 49 64 65 50
f 50 65 66 51
f 51 66 67 52
f 52 67 68 53
f 53 68 69 54
f 54 69 70 55
f 55 70 71 56
f 56 71 72 57
f 57 72 73 58
f 58 73 74 59
f 59 74 75 60
f 61 76 77 62
f 62 77 78 63
f 63 78 79 64
f 64 79 80 65
f 65 80 81 66
f 66 81 82 67
f 67 82 83 68
f 68 83 84 69
f 69 84 85 70
f 70 85 86 71
f 71 86 87 72
f 72 87 88 73
f 73 88 89 74
f 74 89 90 75
f 76 91 92 77
f 77 92 93 78
f 78 93 94 79
f 79 94 95 80
f 80 95 96 81
f 81 96 97 82
f 82 97 98 83
f 83 98 99 84
f 84 99 100 85
f 85 100 101 86
f 86 101 102 87
f 87 102 103 88
f 88 103 104 89
f 89 104 105 90
f 91 106 107 92
f 92 107 108 93
f 93 108 109 94
f 94 109 110 95
f 95 110 111 96
f 96 111 112 97
f 97 112 113 98
f 98 113 114 99
f 99 114 115 100
f 100 115 116 101
f 101 116 117 102
f 102 117 118 103
f 103 118 119 104
f 104 119 120 105
f 106 121 122 107
f 107 122 123 108
f 108 123 124 109
f 109 124 125 110
f 110 125 126 111
f 111 126 127 112
f 112 127 128 113
f 113 128 129 114
f 114 129 130 115
f 115 130 131 116
f 116 131 132 117
f 117 132 133 118
f 118 133 134 119
f 119 134 135 120
o skin_back_vertebra_8
g skin_back_vertebra_8
v 0.00000 1.76588 -0.34000
v 0.00000 1.76517 -0.34000
v 0.00000 1.76665 -0.34000
v 0.00000 1.76533 -0.34000
v -0.00000 1.76520 -0.34000
v -0.00000 1.76629 -0.34000
v -0.00000 1.76458 -0.34000
v -0.00000 1.76509 -0.34000
v -0.00000 1.76559 -0.34000
v -0.00000 1.76387 -0.34000
v -0.00000 1.76494 -0.34000
v 0.00000 1.76479 -0.34000
v 0.00000 1.76344 -0.34000
v 0.00000 1.76488 -0.34000
v 0.00000 1.76414 -0.34000
v 0.01988 1.76640 -0.34000
v 0.01768 1.76684 -0.33574
v 0.01187 1.76783 -0.33256
v 0.00441 1.76651 -0.33034
v -0.00427 1.76760 -0.33065
v -0.01179 1.76805 -0.33261
v -0.01763 1.76692 -0.33575
v -0.01869 1.76842 -0.34000
v -0.01695 1.76821 -0.34408
v -0.01200 1.76747 -0.34752
v -0.00408 1.76905 -0.34893
v 0.00419 1.76820 -0.34917
v 0.01182 1.76796 -0.34741
v 0.01638 1.76928 -0.34394
v 0.01897 1.76794 -0.34000
v 0.03560 1.77508 -0.34000
v 0.03104 1.77589 -0.33253
v 0.02163 1.77571 -0.32644
v 0.00803 1.77475 -0.32242
v -0.00772 1.77572 -0.32309
v -0.02222 1.77506 -0.32607
v -0.03281 1.77451 -0.33210
v -0.03504 1.77547 -0.34000
v -0.03286 1.77447 -0.34791
v -0.02275 1.77446 -0.35426
v -0.00787 1.77525 -0.35724
v 0.00822 1.77413 -0.35802
v 0.02256 1.77467 -0.35414
v 0.03200 1.77514 -0.34771
v 0.03696 1.77413 -0.34000
v 0.04763 1.78619 -0.34000
v 0.04084 1.78686 -0.33017
v 0.02900 1.78651 -0.32182
v 0.01036 1.78650 -0.31730
v -0.00991 1.78708 -0.31829
v -0.02885 1.78658 -0.32191
v -0.04098 1.78681 -0.33013
v -0.04418 1.78719 -0.34000
v -0.04159 1.78662 -0.35001
v -0.02787 1.78704 -0.35747
v -0.00988 1.78712 -0.36165
v 0.01029 1.78659 -0.36255
v 0.02770 1.78712 -0.35737
v 0.04072 1.78690 -0.34980
v 0.04654 1.78650 -0.34000
v 0.05042 1.80000 -0.34000
v 0.04422 1.80000 -0.32935
v 0.03215 1.80000 -0.31984
v 0.01126 1.80000 -0.31533
v -0.01114 1.80000 -0.31561
v -0.03262 1.80000 -0.31955
v -0.04553 1.80000 -0.32904
v -0.05082 1.80000 -0.34000
v -0.04723 1.80000 -0.35137
v -0.03126 1.80000 -0.35960
v -0.01140 1.80000 -0.36496
v 0.01153 1.80000 -0.36526
v 0.03085 1.80000 -0.35935
v 0.04609 1.80000 -0.35110
v 0.05067 1.80000 -0.34000
v 0.04535 1.81315 -0.34000
v 0.04050 1.81303 -0.33025
v 0.02899 1.81348 -0.32182
v 0.00987 1.81287 -0.31837
v -0.01001 1.81305 -0.31806
v -0.02869 1.81334 -0.32201
v -0.03959 1.81274 -0.33047
v -0.04549 1.81319 -0.34000
v -0.04124 1.81327 -0.34993
v -0.02754 1.81281 -0.35727
v -0.01031 1.81343 -0.36258
v 0.01019 1.81328 -0.36233
v 0.02804 1.81304 -0.35758
v 0.04259 1.81371 -0.35025
v 0.04601 1.81334 -0.34000
v 0.03521 1.82465 -0.34000
v 0.03265 1.82537 -0.33214
v 0.02293 1.82574 -0.32562
v 0.00787 1.82474 -0.32277
v -0.00818 1.82572 -0.32209
v -0.02273 1.82552 -0.32575
v -0.03182 1.82473 -0.33234
v -0.03681 1.82577 -0.34000
v -0.03222 1.82504 -0.34776
v -0.02192 1.82461 -0.35374
v -0.00811 1.82552 -0.35777
v 0.00776 1.82442 -0.35701
v 0.02180 1.82447 -0.35367
v 0.03230 1.82510 -0.34778
v 0.03410 1.82387 -0.34000
v 0.01822 1.83079 -0.34000
v 0.01714 1.83215 -0.33587
v 0.01164 1.83156 -0.33270
v 0.00407 1.83090 -0.33109
v -0.00426 1.83239 -0.33066
v -0.01157 1.83137 -0.33274
v -0.01676 1.83144 -0.33596
v -0.01938 1.83275 -0.34000
v -0.01679 1.83150 -0.34404
v -0.01190 1.83225 -0.34746
v -0.00436 1.83310 -0.34955
v 0.00419 1.83183 -0.34918
v 0.01221 1.83309 -0.34765
v 0.01774 1.83327 -0.34427
v 0.01906 1.83221 -0.34000
v 0.00000 1.83532 -0.34000
v 0.00000 1.83673 -0.34000
v 0.00000 1.83526 -0.34000
v 0.00000 1.83550 -0.34000
v -0.00000 1.83638 -0.34000
v -0.00000 1.83465 -0.34000
v -0.00000 1.83545 -0.34000
v -0.00000 1.83564 -0.34000
v -0.00000 1.83403 -0.34000
v -0.00000 1.83526 -0.34000
v -0.00000 1.83476 -0.34000
v 0.00000 1.83362 -0.34000
v 0.00000 1.83507 -0.34000
v 0.00000 1.83401 -0.34000
v 0.00000 1.83359 -0.34000
f 1 16 17 2
f 2 17 18 3
f 3 18 19 4
f 4 19 20 5
f 5 20 21 6
f 6 21 22 7
f 7 22 23 8
f 8 23 24 9
f 9 24 25 10
f 10 25 26 11
f 11 26 27 12
f 12 27 28 13
f 13 28 29 14
f 14 29 30 15
f 16 31 32 17
f 17 32 33 18
f 18 33 34 19
f 19 34 35 20
f 20 35 36 21
f 21 36 37 22
f 22 37 38 23
f 23 38 39 24
f 24 39 40 25
f 25 40 41 26
f 26 41 42 27
f 27 42 43 28
f 28 43 44 29
f 29 44 45 30
f 31 46 47 32
f 32 47 48 33
f 33 48 49 34
f 34 49 50 35
f 35 50 51 36
f 36 51 52 37
f 37 52 53 38
f 38 53 54 39
f 39 54 55 40
f 40 55 56 41
f 41 56 57 42
f 42 57 58 43
f 43 58 59 44
f 44 59 60 45
f 46 61 62 47
f 47 62 63 48
f 48 63 64 49
f 49 64 65 50
f 50 65 66 51
f 51 66 67 52
f 52 67 68 53
f 53 68 69 54
f 54 69 70 55
f 55 70 71 56
f 56 71 72 57
f 57 72 73 58
f 58 73 74 59
f 59 74 75 60
f 61 76 77 62
f 62 77 78 63
f 63 78 79 64
f 64 79 80 65
f 65 80 81 66
f 66 81 82 67
f 67 82 83 68
f 68 83 84 69
f 69 84 85 70
f 70 85 86 71
f 71 86 87 72
f 72 87 88 73
f 73 88 89 74
f 74 89 90 75
f 76 91 92 77
f 77 92 93 78
f 78 93 94 79
f 79 94 95 80
f 80 95 96 81
f 81 96 97 82
f 82 97 98 83
f 83 98 99 84
f 84 99 100 85
f 85 100 101 86
f 86 101 102 87
f 87 102 103 88
f 88 103 104 89
f 89 104 105 90
f 91 106 107 92
f 92 107 108 93
f 93 108 109 94
f 94 109 110 95
f 95 110 111 96
f 96 111 112 97
f 97 112 113 98
f 98 113 114 99
f 99 114 115 100
f 100 115 116 101
f 101 116 117 102
f 102 117 118 103
f 103 118 119 104
f 104 119 120 105
f 106 121 122 107
f 107 122 123 108
f 108 123 124 109
f 109 124 125 110
f 110 125 126 111
f 111 126 127 112
f 112 127 128 113
f 113 128 129 114
f 114 129 130 115
f 115 130 131 116
f 116 131 132 117
f 117 132 133 118
f 118 133 134 119
f 119 134 135 120
o skin_back_vertebra_9
g skin_back_vertebra_9
v 0.00000 1.90588 -0.34000
v 0.00000 1.90517 -0.34000
v 0.00000 1.90665 -0.34000
v 0.00000 1.90533 -0.34000
v -0.00000 1.90520 -0.34000
v -0.00000 1.90629 -0.34000
v -0.00000 1.90458 -0.34000
v -0.00000 1.90509 -0.34000
v -0.00000 1.90559 -0.34000
v -0.00000 1.90387 -0.34000
v -0.00000 1.90494 -0.34000
v 0.00000 1.90479 -0.34000
v 0.00000 1.90344 -0.34000
v 0.00000 1.90488 -0.34000
v 0.00000 1.90414 -0.34000
v 0.01988 1.90640 -0.34000
v 0.01768 1.90684 -0.33574
v 0.01187 1.90783 -0.33256
v 0.00441 1.90651 -0.33034
v -0.00427 1.90760 -0.33065
v -0.01179 1.90805 -0.33261
v -0.01763 1.90692 -0.33575
v -0.01869 1.90842 -0.34000
v -0.01695 1.90821 -0.34408
v -0.01200 1.90747 -0.34752
v -0.00408 1.90905 -0.34893
v 0.00419 1.90820 -0.34917
v 0.01182 1.90796 -0.34741
v 0.01638 1.90928 -0.34394
v 0.01897 1.90794 -0.34000
v 0.03560 1.91508 -0.34000
v 0.03104 1.91589 -0.33253
v 0.02163 1.91571 -0.32644
v 0.00803 1.91475 -0.32242
v -0.00772 1.91572 -0.32309
v -0.02222 1.91506 -0.32607
v -0.03281 1.91451 -0.33210
v -0.03504 1.91547 -0.34000
v -0.03286 1.91447 -0.34791
v -0.02275 1.91446 -0.35426
v -0.00787 1.91525 -0.35724
v 0.00822 1.91413 -0.35802
v 0.02256 1.91467 -0.35414
v 0.03200 1.91514 -0.34771
v 0.03696 1.91413 -0.34000
v 0.04763 1.92619 -0.34000
v 0.04084 1.92686 -0.33017
v 0.02900 1.92651 -0.32182
v 0.01036 1.92650 -0.31730
v -0.00991 1.92708 -0.31829
v -0.02885 1.92658 -0.32191
v -0.04098 1.92681 -0.33013
v -0.04418 1.92719 -0.34000
v -0.04159 1.92662 -0.35001
v -0.02787 1.92704 -0.35747
v -0.00988 1.92712 -0.36165
v 0.01029 1.92659 -0.36255
v 0.02770 1.92712 -0.35737
v 0.04072 1.92690 -0.34980
v 0.04654 1.92650 -0.34000
v 0.05042 1.94000 -0.34000
v 0.04422 1.94000 -0.32935
v 0.03215 1.94000 -0.31984
v 0.01126 1.94000 -0.31533
v -0.01114 1.94000 -0.31561
v -0.03262 1.94000 -0.31955
v -0.04553 1.94000 -0.32904
v -0.05082 1.94000 -0.34000
v -0.04723 1.94000 -0.35137
v -0.03126 1.94000 -0.35960
v -0.01140 1.94000 -0.36496
v 0.01153 1.94000 -0.36526
v 0.03085 1.94000 -0.35935
v 0.04609 1.94000 -0.35110
v 0.05067 1.94000 -0.34000
v 0.04535 1.95315 -0.34000
v 0.04050 1.95303 -0.33025
v 0.02899 1.95348 -0.32182
v 0.00987 1.95287 -0.31837
v -0.01001 1.95305 -0.31806
v -0.02869 1.95334 -0.32201
v -0.03959 1.95274 -0.33047
v -0.04549 1.95319 -0.34000
v -0.04124 1.95327 -0.34993
v -0.02754 1.95281 -0.35727
v -0.01031 1.95343 -0.36258
v 0.01019 1.95328 -0.36233
v 0.02804 1.95304 -0.35758
v 0.04259 1.95371 -0.35025
v 0.04601 1.95334 -0.34000
v 0.03521 1.96465 -0.34000
v 0.03265 1.96537 -0.33214
v 0.02293 1.96574 -0.32562
v 0.00787 1.96474 -0.32277
v -0.00818 1.96572 -0.32209
v -0.02273 1.96552 -0.32575
v -0.03182 1.96473 -0.33234
v -0.03681 1.96577 -0.34000
v -0.03222 1.96504 -0.34776
v -0.02192 1.96461 -0.35374
v -0.00811 1.96552 -0.35777
v 0.00776 1.96442 -0.35701
v 0.02180 1.96447 -0.35367
v 0.03230 1.96510 -0.34778
v 0.03410 1.96387 -0.34000
v 0.01822 1.97079 -0.34000
v 0.01714 1.97215 -0.33587
v 0.01164 1.97156 -0.33270
v 0.00407 1.97090 -0.33109
v -0.00426 1.97239 -0.33066
v -0.01157 1.97137 -0.33274
v -0.01676 1.97144 -0.33596
v -0.01938 1.97275 -0.34000
v -0.01679 1.97150 -0.34404
v -0.01190 1.97225 -0.34746
v -0.00436 1.97310 -0.34955
v 0.00419 1.97183 -0.34918
v 0.01221 1.97309 -0.34765
v 0.01774 1.97327 -0.34427
v 0.01906 1.97221 -0.34000
v 0.00000 1.97532 -0.34000
v 0.00000 1.97673 -0.34000
v 0.00000 1.97526 -0.34000
v 0.00000 1.97550 -0.34000
v -0.00000 1.97638 -0.34000
v -0.00000 1.97465 -0.34000
v -0.00000 1.97545 -0.34000
v -0.00000 1.97564 -0.34000
v -0.00000 1.97403 -0.34000
v -0.00000 1.97526 -0.34000
v -0.00000 1.97476 -0.34000
v 0.00000 1.97362 -0.34000
v 0.00000 1.97507 -0.34000
v 0.00000 1.97401 -0.34000
v 0.00000 1.97359 -0.34000
f 1 16 17 2
f 2 17 18 3
f 3 18 19 4
f 4 19 20 5
f 5 20 21 6
f 6 21 22 7
f 7 22 23 8
f 8 23 24 9
f 9 24 25 10
f 10 25 26 11
f 11 26 27 12
f 12 27 28 13
f 13 28 29 14
f 14 29 30 15
f 16 31 32 17
f 17 32 33 18
f 18 33 34 19
f 19 34 35 20
f 20 35 36 21
f 21 36 37 22
f 22 37 38 23
f 23 38 39 24
f 24 39 40 25
f 25 40 41 26
f 26 41 42 27
f 27 42 43 28
f 28 43 44 29
f 29 44 45 30
f 31 46 47 32
f 32 47 48 33
f 33 48 49 34
f 34 49 50 35
f 35 50 51 36
f 36 51 52 37
f 37 52 53 38
f 38 53 54 39
f 39 54 55 40
f 40 55 56 41
f 41 56 57 42
f 42 57 58 43
f 43 58 59 44
f 44 59 60 45
f 46 61 62 47
f 47 62 63 48
f 48 63 64 49
f 49 64 65 50
f 50 65 66 51
f 51 66 67 52
f 52 67 68 53
f 53 68 69 54
f 54 69 70 55
f 55 70 71 56
f 56 71 72 57
f 57 72 73 58
f 58 73 74 59
f 59 74 75 60
f 61 76 77 62
f 62 77 78 63
f 63 78 79 64
f 64 79 80 65
f 65 80 81 66
f 66 81 82 67
f 67 82 83 68
f 68 83 84 69
f 69 84 85 70
f 70 85 86 71
f 71 86 87 72
f 72 87 88 73
f 73 88 89 74
f 74 89 90 75
f 76 91 92 77
f 77 92 93 78
f 78 93 94 79
f 79 94 95 80
f 80 95 96 81
f 81 96 97 82
f 82 97 98 83
f 83 98 99 84
f 84 99 100 85
f 85 100 101 86
f 86 101 102 87
f 87 102 103 88
f 88 103 104 89
f 89 104 105 90
f 91 106 107 92
f 92 107 108 93
f 93 108 109 94
f 94 109 110 95
f 95 110 111 96
f 96 111 112 97
f 97 112 113 98
f 98 113 114 99
f 99 114 115 100
f 100 115 116 101
f 101 116 117 102
f 102 117 118 103
f 103 118 119 104
f 104 119 120 105
f 106 121 122 107
f 107 122 123 108
f 108 123 124 109
f 109 124 125 110
f 110 125 126 111
f 111 126 127 112
f 112 127 128 113
f 113 128 129 114
f 114 129 130 115
f 115 130 131 116
f 116 131 132 117
f 117 132 133 118
f 118 133 134 119
f 119 134 135 120
o skin_back_vertebra_10
g skin_back_vertebra_10
v 0.00000 2.04588 -0.34000
v 0.00000 2.04517 -0.34000
v 0.00000 2.04665 -0.34000
v 0.00000 2.04533 -0.34000
v -0.00000 2.04520 -0.34000
v -0.00000 2.04629 -0.34000
v -0.00000 2.04458 -0.34000
v -0.00000 2.04509 -0.34000
v -0.00000 2.04559 -0.34000
v -0.00000 2.04387 -0.34000
v -0.00000 2.04494 -0.34000
v 0.00000 2.04479 -0.34000
v 0.00000 2.04344 -0.34000
v 0.00000 2.04488 -0.34000
v 0.00000 2.04414 -0.34000
v 0.01988 2.04640 -0.34000
v 0.01768 2.04684 -0.33574
v 0.01187 2.04783 -0.33256
v 0.00441 2.04651 -0.33034
v -0.00427 2.04760 -0.33065
v -0.01179 2.04805 -0.33261
v -0.01763 2.04692 -0.33575
v -0.01869 2.04842 -0.34000
v -0.01695 2.04821 -0.34408
v -0.01200 2.04747 -0.34752
v -0.00408 2.04905 -0.34893
v 0.00419 2.04820 -0.34917
v 0.01182 2.04796 -0.34741
v 0.01638 2.04928 -0.34394
v 0.01897 2.04794 -0.34000
v 0.03560 2.05508 -0.34000
v 0.03104 2.05589 -0.33253
v 0.02163 2.05571 -0.32644
v 0.00803 2.05475 -0.32242
v -0.00772 2.05572 -0.32309
v -0.02222 2.05506 -0.32607
v -0.03281 2.05451 -0.33210
v -0.03504 2.05547 -0.34000
v -0.03286 2.05447 -0.34791
v -0.02275 2.05446 -0.35426
v -0.00787 2.05525 -0.35724
v 0.00822 2.05413 -0.35802
v 0.02256 2.05467 -0.35414
v 0.03200 2.05514 -0.34771
v 0.03696 2.05413 -0.34000
v 0.04763 2.06619 -0.34000
v 0.04084 2.06686 -0.33017
v 0.02900 2.06651 -0.32182
v 0.01036 2.06650 -0.31730
v -0.00991 2.06708 -0.31829
v -0.02885 2.06658 -0.32191
v -0.04098 2.06681 -0.33013
v -0.04418 2.06719 -0.34000
v -0.04159 2.06662 -0.35001
v -0.02787 2.06704 -0.35747
v -0.00988 2.06712 -0.36165
v 0.01029 2.06659 -0.36255
v 0.02770 2.06712 -0.35737
v 0.04072 2.06690 -0.34980
v 0.04654 2.06650 -0.34000
v 0.05042 2.08000 -0.34000
v 0.04422 2.08000 -0.32935
v 0.03215 2.08000 -0.31984
v 0.01126 2.08000 -0.31533
v -0.01114 2.08000 -0.31561
v -0.03262 2.08000 -0.31955
v -0.04553 2.08000 -0.32904
v -0.05082 2.08000 -0.34000
v -0.04723 2.08000 -0.35137
v -0.03126 2.08000 -0.35960
v -0.01140 2.08000 -0.36496
v 0.01153 2.08000 -0.36526
v 0.03085 2.08000 -0.35935
v 0.04609 2.08000 -0.35110
v 0.05067 2.08000 -0.34000
v 0.04535 2.09315 -0.34000
v 0.04050 2.09303 -0.33025
v 0.02899 2.09348 -0.32182
v 0.00987 2.09287 -0.31837
v -0.01001 2.09305 -0.31806
v -0.02869 2.09334 -0.32201
v -0.03959 2.09274 -0.33047
v -0.04549 2.09319 -0.34000
v -0.04124 2.09327 -0.34993
v -0.02754 2.09281 -0.35727
v -0.01031 2.09343 -0.36258
v 0.01019 2.09328 -0.36233
v 0.02804 2.09304 -0.35758
v 0.04259 2.09371 -0.35025
v 0.04601 2.09334 -0.34000
v 0.03521 2.10465 -0.34000
v 0.03265 2.10537 -0.33214
v 0.02293 2.10574 -0.32562
v 0.00787 2.10474 -0.32277
v -0.00818 2.10572 -0.32209
v -0.02273 2.10552 -0.32575
v -0.03182 2.10473 -0.33234
v -0.03681 2.10577 -0.34000
v -0.03222 2.10504 -0.34776
v -0.02192 2.10461 -0.35374
v -0.00811 2.10552 -0.35777
v 0.00776 2.10442 -0.35701
v 0.02180 2.10447 -0.35367
v 0.03230 2.10510 -0.34778
v 0.03410 2.10387 -0.34000
v 0.01822 2.11079 -0.34000
v 0.01714 2.11215 -0.33587
v 0.01164 2.11156 -0.33270
v 0.00407 2.11090 -0.33109
v -0.00426 2.11239 -0.33066
v -0.01157 2.11137 -0.33274
v -0.01676 2.11144 -0.33596
v -0.01938 2.11275 -0.34000
v -0.01679 2.11150 -0.34404
v -0.01190 2.11225 -0.34746
v -0.00436 2.11310 -0.34955
v 0.00419 2.11183 -0.34918
v 0.01221 2.11309 -0.34765
v 0.01774 2.11327 -0.34427
v 0.01906 2.11221 -0.34000
v 0.00000 2.11532 -0.34000
v 0.00000 2.11673 -0.34000
v 0.00000 2.11526 -0.34000
v 0.00000 2.11550 -0.34000
v -0.00000 2.11638 -0.34000
v -0.00000 2.11465 -0.34000
v -0.00000 2.11545 -0.34000
v -0.00000 2.11564 -0.34000
v -0.00000 2.11403 -0.34000
v -0.00000 2.11526 -0.34000
v -0.00000 2.11476 -0.34000
v 0.00000 2.11362 -0.34000
v 0.00000 2.11507 -0.34000
v 0.00000 2.11401 -0.34000
v 0.00000 2.11359 -0.34000
f 1 16 17 2
f 2 17 18 3
f 3 18 19 4
f 4 19 20 5
f 5 20 21 6
f 6 21 22 7
f 7 22 23 8
f 8 23 24 9
f 9 24 25 10
f 10 25 26 11
f 11 26 27 12
f 12 27 28 13
f 13 28 29 14
f 14 29 30 15
f 16 31 32 17
f 17 32 33 18
f 18 33 34 19
f 19 34 35 20
f 20 35 36 21
f 21 36 37 22
f 22 37 38 23
f 23 38 39 24
f 24 39 40 25
f 25 40 41 26
f 26 41 42 27
f 27 42 43 28
f 28 43 44 29
f 29 44 45 30
f 31 46 47 32
f 32 47 48 33
f 33 48 49 34
f 34 49 50 35
f 35 50 51 36
f 36 51 52 37
f 37 52 53 38
f 38 53 54 39
f 39 54 55 40
f 40 55 56 41
f 41 56 57 42
f 42 57 58 43
f 43 58 59 44
f 44 59 60 45
f 46 61 62 47
f 47 62 63 48
f 48 63 64 49
f 49 64 65 50
f 50 65 66 51
f 51 66 67 52
f 52 67 68 53
f 53 68 69 54
f 54 69 70 55
f 55 70 71 56
f 56 71 72 57
f 57 72 73 58
f 58 73 74 59
f 59 74 75 60
f 61 76 77 62
f 62 77 78 63
f 63 78 79 64
f 64 79 80 65
f 65 80 81 66
f 66 81 82 67
f 67 82 83 68
f 68 83 84 69
f 69 84 85 70
f 70 85 86 71
f 71 86 87 72
f 72 87 88 73
f 73 88 89 74
f 74 89 90 75
f 76 91 92 77
f 77 92 93 78
f 78 93 94 79
f 79 94 95 80
f 80 95 96 81
f 81 96 97 82
f 82 97 98 83
f 83 98 99 84
f 84 99 100 85
f 85 100 101 86
f 86 101 102 87
f 87 102 103 88
f 88 103 104 89
f 89 104 105 90
f 91 106 107 92
f 92 107 108 93
f 93 108 109 94
f 94 109 110 95
f 95 110 111 96
f 96 111 112 97
f 97 112 113 98
f 98 113 114 99
f 99 114 115 100
f 100 115 116 101
f 101 116 117 102
f 102 117 118 103
f 103 118 119 104
f 104 119 120 105
f 106 121 122 107
f 107 122 123 108
f 108 123 124 109
f 109 124 125 110
f 110 125 126 111
f 111 126 127 112
f 112 127 128 113
f 113 128 129 114
f 114 129 130 115
f 115 130 131 116
f 116 131 132 117
f 117 132 133 118
f 118 133 134 119
f 119 134 135 120
o rib_left_0
g rib_left_0
v -0.03143 1.02000 0.06191
v -0.03035 1.02858 0.05863
v -0.02908 1.03172 0.05011
v -0.02830 1.02858 0.04154
v -0.02857 1.02000 0.03809
v -0.02966 1.01166 0.04162
v -0.03096 1.00780 0.04988
v -0.03165 1.01166 0.05823
v -0.03143 1.02000 0.06191
v -0.06712 1.02286 0.05742
v -0.06604 1.03094 0.05384
v -0.06481 1.03433 0.04582
v -0.06407 1.03116 0.03753
v -0.06436 1.02286 0.03445
v -0.06538 1.01462 0.03743
v -0.06663 1.01126 0.04560
v -0.06730 1.01484 0.05362
v -0.06712 1.02286 0.05742
v -0.10277 1.02571 0.05261
v -0.10174 1.03342 0.04917
v -0.10054 1.03701 0.04154
v -0.09988 1.03354 0.03371
v -0.10012 1.02571 0.03048
v -0.10110 1.01771 0.03338
v -0.10229 1.01479 0.04133
v -0.10299 1.01783 0.04921
v -0.10277 1.02571 0.05261
v -0.13840 1.02857 0.04764
v -0.13745 1.03611 0.04473
v -0.13629 1.03941 0.03725
v -0.13567 1.03597 0.02984
v -0.13585 1.02857 0.02637
v -0.13684 1.02101 0.02954
v -0.13797 1.01805 0.03704
v -0.13867 1.02087 0.04474
v -0.13840 1.02857 0.04764
v -0.17406 1.03143 0.04288
v -0.17316 1.03881 0.04028
v -0.17206 1.04160 0.03295
v -0.17143 1.03863 0.02575
v -0.17161 1.03143 0.02246
v -0.17257 1.02431 0.02570
v -0.17367 1.02109 0.03276
v -0.17431 1.02413 0.04006
v -0.17406 1.03143 0.04288
v -0.20975 1.03429 0.03839
v -0.20886 1.04132 0.03564
v -0.20781 1.04392 0.02866
v -0.20717 1.04135 0.02161
v -0.20740 1.03429 0.01881
v -0.20829 1.02742 0.02167
v -0.20936 1.02427 0.02848
v -0.20993 1.02745 0.03532
v -0.20975 1.03429 0.03839
v -0.24543 1.03714 0.03383
v -0.24455 1.04371 0.03089
v -0.24355 1.04652 0.02437
v -0.24295 1.04390 0.01762
v -0.24318 1.03714 0.01511
v -0.24401 1.03042 0.01752
v -0.24503 1.02772 0.02420
v -0.24558 1.03060 0.03074
v -0.24543 1.03714 0.03383
v -0.28108 1.04000 0.02901
v -0.28025 1.04623 0.02626
v -0.27928 1.04914 0.02009
v -0.27875 1.04630 0.01379
v -0.27894 1.04000 0.01114
v -0.27974 1.03354 0.01350
v -0.28069 1.03119 0.01992
v -0.28127 1.03361 0.02630
v -0.28108 1.04000 0.02901
f 1 10 11 2
f 2 11 12 3
f 3 12 13 4
f 4 13 14 5
f 5 14 15 6
f 6 15 16 7
f 7 16 17 8
f 8 17 18 9
f 10 19 20 11
f 11 20 21 12
f 12 21 22 13
f 13 22 23 14
f 14 23 24 15
f 15 24 25 16
f 16 25 26 17
f 17 26 27 18
f 19 28 29 20
f 20 29 30 21
f 21 30 31 22
f 22 31 32 23
f 23 32 33 24
f 24 33 34 25
f 25 34 35 26
f 26 35 36 27
f 28 37 38 29
f 29 38 39 30
f 30 39 40 31
f 31 40 41 32
f 32 41 42 33
f 33 42 43 34
f 34 43 44 35
f 35 44 45 36
f 37 46 47 38
f 38 47 48 39
f 39 48 49 40
f 40 49 50 41
f 41 50 51 42
f 42 51 52 43
f 43 52 53 44
f 44 53 54 45
f 46 55 56 47
f 47 56 57 48
f 48 57 58 49
f 49 58 59 50
f 50 59 60 51
f 51 60 61 52
f 52 61 62 53
f 53 62 63 54
f 55 64 65 56
f 56 65 66 57
f 57 66 67 58
f 58 67 68 59
f 59 68 69 60
f 60 69 70 61
f 61 70 71 62
f 62 71 72 63
o rib_right_0
g rib_right_0
v 0.02857 1.02000 0.03809
v 0.02830 1.02858 0.04154
v 0.02908 1.03172 0.05011
v 0.03035 1.02858 0.05863
v 0.03143 1.02000 0.06191
v 0.03165 1.01166 0.05823
v 0.03096 1.00780 0.04988
v 0.02966 1.01166 0.04162
v 0.02857 1.02000 0.03809
v 0.06431 1.02286 0.03400
v 0.06411 1.03094 0.03774
v 0.06481 1.03433 0.04582
v 0.06605 1.03116 0.05406
v 0.06707 1.02286 0.05698
v 0.06735 1.01462 0.05384
v 0.06663 1.01126 0.04560
v 0.06539 1.01484 0.03766
v 0.06431 1.02286 0.03400
v 0.10009 1.02571 0.03025
v 0.09990 1.03342 0.03383
v 0.10054 1.03701 0.04154
v 0.10175 1.03354 0.04929
v 0.10274 1.02571 0.05237
v 0.10302 1.01771 0.04933
v 0.10229 1.01479 0.04133
v 0.10111 1.01783 0.03350
v 0.10009 1.02571 0.03025
v 0.13588 1.02857 0.02664
v 0.13565 1.03611 0.02970
v 0.13629 1.03941 0.03725
v 0.13744 1.03597 0.04459
v 0.13844 1.02857 0.04792
v 0.13864 1.02101 0.04460
v 0.13797 1.01805 0.03704
v 0.13683 1.02087 0.02940
v 0.13588 1.02857 0.02664
v 0.17165 1.03143 0.02283
v 0.17139 1.03881 0.02557
v 0.17206 1.04160 0.03295
v 0.17315 1.03863 0.04010
v 0.17410 1.03143 0.04326
v 0.17427 1.02431 0.03988
v 0.17367 1.02109 0.03276
v 0.17256 1.02413 0.02552
v 0.17165 1.03143 0.02283
v 0.20739 1.03429 0.01876
v 0.20718 1.04132 0.02163
v 0.20781 1.04392 0.02866
v 0.20886 1.04135 0.03567
v 0.20974 1.03429 0.03833
v 0.20993 1.02742 0.03534
v 0.20936 1.02427 0.02848
v 0.20829 1.02745 0.02170
v 0.20739 1.03429 0.01876
v 0.24314 1.03714 0.01474
v 0.24298 1.04371 0.01781
v 0.24355 1.04652 0.02437
v 0.24456 1.04390 0.03107
v 0.24539 1.03714 0.03346
v 0.24562 1.03042 0.03092
v 0.24503 1.02772 0.02420
v 0.24402 1.03060 0.01771
v 0.24314 1.03714 0.01474
v 0.27892 1.04000 0.01099
v 0.27877 1.04623 0.01386
v 0.27928 1.04914 0.02009
v 0.28026 1.04630 0.02633
v 0.28106 1.04000 0.02886
v 0.28128 1.03354 0.02638
v 0.28069 1.03119 0.01992
v 0.27974 1.03361 0.01358
v 0.27892 1.04000 0.01099
f 1 10 11 2
f 2 11 12 3
f 3 12 13 4
f 4 13 14 5
f 5 14 15 6
f 6 15 16 7
f 7 16 17 8
f 8 17 18 9
f 10 19 20 11
f 11 20 21 12
f 12 21 22 13
f 13 22 23 14
f 14 23 24 15
f 15 24 25 16
f 16 25 26 17
f 17 26 27 18
f 19 28 29 20
f 20 29 30 21
f 21 30 31 22
f 22 31 32 23
f 23 32 33 24
f 24 33 34 25
f 25 34 35 26
f 26 35 36 27
f 28 37 38 29
f 29 38 39 30
f 30 39 40 31
f 31 40 41 32
f 32 41 42 33
f 33 42 43 34
f 34 43 44 35
f 35 44 45 36
f 37 46 47 38
f 38 47 48 39
f 39 48 49 40
f 40 49 50 41
f 41 50 51 42
f 42 51 52 43
f 43 52 53 44
f 44 53 54 45
f 46 55 56 47
f 47 56 57 48
f 48 57 58 49
f 49 58 59 50
f 50 59 60 51
f 51 60 61 52
f 52 61 62 53
f 53 62 63 54
f 55 64 65 56
f 56 65 66 57
f 57 66 67 58
f 58 67 68 59
f 59 68 69 60
f 60 69 70 61
f 61 70 71 62
f 62 71 72 63
o rib_left_1
g rib_left_1
v -0.03149 1.14000 0.06191
v -0.03036 1.14858 0.05863
v -0.02904 1.15172 0.05012
v -0.02823 1.14858 0.04155
v -0.02851 1.14000 0.03809
v -0.02965 1.13166 0.04161
v -0.03100 1.12780 0.04987
v -0.03172 1.13166 0.05822
v -0.03149 1.14000 0.06191
v -0.06575 1.14286 0.05742
v -0.06463 1.15093 0.05384
v -0.06334 1.15432 0.04583
v -0.06257 1.15115 0.03754
v -0.06288 1.14286 0.03445
v -0.06394 1.13462 0.03743
v -0.06524 1.13126 0.04560
v -0.06594 1.13485 0.05361
v -0.06575 1.14286 0.05742
v -0.09997 1.14571 0.05260
v -0.09890 1.15341 0.04917
v -0.09764 1.15701 0.04154
v -0.09696 1.15353 0.03372
v -0.09720 1.14571 0.03049
v -0.09823 1.13771 0.03338
v -0.09947 1.13480 0.04132
v -0.10020 1.13783 0.04920
v -0.09997 1.14571 0.05260
v -0.13417 1.14857 0.04763
v -0.13318 1.15611 0.04473
v -0.13197 1.15941 0.03725
v -0.13133 1.15597 0.02985
v -0.13151 1.14857 0.02637
v -0.13254 1.14101 0.02954
v -0.13372 1.13805 0.03703
v -0.13445 1.14087 0.04473
v -0.13417 1.14857 0.04763
v -0.16840 1.15143 0.04288
v -0.16746 1.15881 0.04029
v -0.16631 1.16159 0.03296
v -0.16566 1.15863 0.02576
v -0.16584 1.15143 0.02247
v -0.16684 1.14432 0.02570
v -0.16799 1.14109 0.03275
v -0.16865 1.14413 0.04005
v -0.16840 1.15143 0.04288
v -0.20265 1.15429 0.03838
v -0.20173 1.16132 0.03564
v -0.20064 1.16391 0.02867
v -0.19997 1.16134 0.02162
v -0.20021 1.15429 0.01882
v -0.20114 1.14742 0.02167
v -0.20225 1.14427 0.02847
v -0.20284 1.14745 0.03531
v -0.20265 1.15429 0.03838
v -0.23691 1.15714 0.03383
v -0.23599 1.16371 0.03089
v -0.23495 1.16651 0.02438
v -0.23432 1.16389 0.01763
v -0.23457 1.15714 0.01512
v -0.23543 1.15042 0.01752
v -0.23649 1.14772 0.02419
v -0.23706 1.15060 0.03073
v -0.23691 1.15714 0.03383
v -0.27113 1.16000 0.02900
v -0.27026 1.16622 0.02626
v -0.26925 1.16913 0.02009
v -0.26870 1.16630 0.01379
v -0.26889 1.16000 0.01114
v -0.26973 1.15354 0.01350
v -0.27072 1.15119 0.01991
v -0.27132 1.15361 0.02629
v -0.27113 1.16000 0.02900
f 1 10 11 2
f 2 11 12 3
f 3 12 13 4
f 4 13 14 5
f 5 14 15 6
f 6 15 16 7
f 7 16 17 8
f 8 17 18 9
f 10 19 20 11
f 11 20 21 12
f 12 21 22 13
f 13 22 23 14
f 14 23 24 15
f 15 24 25 16
f 16 25 26 17
f 17 26 27 18
f 19 28 29 20
f 20 29 30 21
f 21 30 31 22
f 22 31 32 23
f 23 32 33 24
f 24 33 34 25
f 25 34 35 26
f 26 35 36 27
f 28 37 38 29
f 29 38 39 30
f 30 39 40 31
f 31 40 41 32
f 32 41 42 33
f 33 42 43 34
f 34 43 44 35
f 35 44 45 36
f 37 46 47 38
f 38 47 48 39
f 39 48 49 40
f 40 49 50 41
f 41 50 51 42
f 42 51 52 43
f 43 52 53 44
f 44 53 54 45
f 46 55 56 47
f 47 56 57 48
f 48 57 58 49
f 49 58 59 50
f 50 59 60 51
f 51 60 61 52
f 52 61 62 53
f 53 62 63 54
f 55 64 65 56
f 56 65 66 57
f 57 66 67 58
f 58 67 68 59
f 59 68 69 60
f 60 69 70 61
f 61 70 71 62
f 62 71 72 63
o rib_right_1
g rib_right_1
v 0.02851 1.14000 0.03809
v 0.02823 1.14858 0.04155
v 0.02904 1.15172 0.05012
v 0.03036 1.14858 0.05863
v 0.03149 1.14000 0.06191
v 0.03172 1.13166 0.05822
v 0.03100 1.12780 0.04987
v 0.02965 1.13166 0.04161
v 0.02851 1.14000 0.03809
v 0.06282 1.14286 0.03401
v 0.06262 1.15093 0.03776
v 0.06334 1.15432 0.04583
v 0.06464 1.15115 0.05406
v 0.06569 1.14286 0.05698
v 0.06599 1.13462 0.05383
v 0.06524 1.13126 0.04560
v 0.06395 1.13485 0.03766
v 0.06282 1.14286 0.03401
v 0.09717 1.14571 0.03025
v 0.09698 1.15341 0.03384
v 0.09764 1.15701 0.04154
v 0.09890 1.15353 0.04929
v 0.09994 1.14571 0.05237
v 0.10022 1.13771 0.04932
v 0.09947 1.13480 0.04132
v 0.09824 1.13783 0.03350
v 0.09717 1.14571 0.03025
v 0.13155 1.14857 0.02665
v 0.13130 1.15611 0.02971
v 0.13197 1.15941 0.03725
v 0.13317 1.15597 0.04459
v 0.13420 1.14857 0.04791
v 0.13442 1.14101 0.04459
v 0.13372 1.13805 0.03703
v 0.13253 1.14087 0.02940
v 0.13155 1.14857 0.02665
v 0.16589 1.15143 0.02284
v 0.16562 1.15881 0.02558
v 0.16631 1.16159 0.03296
v 0.16745 1.15863 0.04010
v 0.16844 1.15143 0.04325
v 0.16861 1.14432 0.03987
v 0.16799 1.14109 0.03275
v 0.16683 1.14413 0.02552
v 0.16589 1.15143 0.02284
v 0.20020 1.15429 0.01876
v 0.19998 1.16132 0.02164
v 0.20064 1.16391 0.02867
v 0.20173 1.16134 0.03567
v 0.20265 1.15429 0.03832
v 0.20285 1.14742 0.03533
v 0.20225 1.14427 0.02847
v 0.20114 1.14745 0.02170
v 0.20020 1.15429 0.01876
v 0.23452 1.15714 0.01474
v 0.23436 1.16371 0.01782
v 0.23495 1.16651 0.02438
v 0.23600 1.16389 0.03108
v 0.23686 1.15714 0.03346
v 0.23710 1.15042 0.03091
v 0.23649 1.14772 0.02419
v 0.23544 1.15060 0.01771
v 0.23452 1.15714 0.01474
v 0.26887 1.16000 0.01100
v 0.26871 1.16622 0.01387
v 0.26925 1.16913 0.02009
v 0.27027 1.16630 0.02633
v 0.27111 1.16000 0.02886
v 0.27133 1.15354 0.02637
v 0.27072 1.15119 0.01991
v 0.26973 1.15361 0.01358
v 0.26887 1.16000 0.01100
f 1 10 11 2
f 2 11 12 3
f 3 12 13 4
f 4 13 14 5
f 5 14 15 6
f 6 15 16 7
f 7 16 17 8
f 8 17 18 9
f 10 19 20 11
f 11 20 21 12
f 12 21 22 13
f 13 22 23 14
f 14 23 24 15
f 15 24 25 16
f 16 25 26 17
f 17 26 27 18
f 19 28 29 20
f 20 29 30 21
f 21 30 31 22
f 22 31 32 23
f 23 32 33 24
f 24 33 34 25
f 25 34 35 26
f 26 35 36 27
f 28 37 38 29
f 29 38 39 30
f 30 39 40 31
f 31 40 41 32
f 32 41 42 33
f 33 42 43 34
f 34 43 44 35
f 35 44 45 36
f 37 46 47 38
f 38 47 48 39
f 39 48 49 40
f 40 49 50 41
f 41 50 51 42
f 42 51 52 43
f 43 52 53 44
f 44 53 54 45
f 46 55 56 47
f 47 56 57 48
f 48 57 58 49
f 49 58 59 50
f 50 59 60 51
f 51 60 61 52
f 52 61 62 53
f 53 62 63 54
f 55 64 65 56
f 56 65 66 57
f 57 66 67 58
f 58 67 68 59
f 59 68 69 60
f 60 69 70 61
f 61 70 71 62
f 62 71 72 63
o rib_left_2
g rib_left_2
v -0.03155 1.26000 0.06190
v -0.03038 1.26857 0.05863
v -0.02900 1.27172 0.05013
v -0.02815 1.26857 0.04156
v -0.02845 1.26000 0.03810
v -0.02963 1.25167 0.04161
v -0.03104 1.24781 0.04986
v -0.03179 1.25167 0.05820
v -0.03155 1.26000 0.06190
v -0.06438 1.26286 0.05741
v -0.06321 1.27093 0.05384
v -0.06188 1.27432 0.04584
v -0.06107 1.27115 0.03755
v -0.06139 1.26286 0.03446
v -0.06249 1.25463 0.03743
v -0.06385 1.25126 0.04558
v -0.06458 1.25485 0.05360
v -0.06438 1.26286 0.05741
v -0.09717 1.26571 0.05260
v -0.09606 1.27341 0.04917
v -0.09475 1.27700 0.04155
v -0.09403 1.27353 0.03374
v -0.09429 1.26571 0.03050
v -0.09536 1.25771 0.03337
v -0.09665 1.25480 0.04131
v -0.09741 1.25783 0.04919
v -0.09717 1.26571 0.05260
v -0.12994 1.26857 0.04763
v -0.12891 1.27611 0.04473
v -0.12764 1.27941 0.03726
v -0.12698 1.27597 0.02986
v -0.12717 1.26857 0.02638
v -0.12824 1.26101 0.02954
v -0.12947 1.25806 0.03703
v -0.13023 1.26087 0.04472
v -0.12994 1.26857 0.04763
v -0.16273 1.27143 0.04287
v -0.16176 1.27881 0.04029
v -0.16056 1.28159 0.03297
v -0.15988 1.27862 0.02578
v -0.16007 1.27143 0.02247
v -0.16111 1.26432 0.02570
v -0.16231 1.26110 0.03274
v -0.16300 1.26413 0.04004
v -0.16273 1.27143 0.04287
v -0.19556 1.27429 0.03837
v -0.19460 1.28131 0.03564
v -0.19346 1.28391 0.02868
v -0.19277 1.28134 0.02163
v -0.19301 1.27429 0.01883
v -0.19398 1.26742 0.02167
v -0.19514 1.26427 0.02846
v -0.19576 1.26745 0.03530
v -0.19556 1.27429 0.03837
v -0.22839 1.27714 0.03382
v -0.22743 1.28371 0.03089
v -0.22634 1.28651 0.02439
v -0.22569 1.28389 0.01764
v -0.22595 1.27714 0.01512
v -0.22684 1.27042 0.01752
v -0.22795 1.26772 0.02418
v -0.22855 1.27061 0.03072
v -0.22839 1.27714 0.03382
v -0.26117 1.28000 0.02900
v -0.26028 1.28622 0.02626
v -0.25922 1.28913 0.02010
v -0.25864 1.28630 0.01380
v -0.25885 1.28000 0.01115
v -0.25971 1.27354 0.01350
v -0.26075 1.27120 0.01990
v -0.26137 1.27361 0.02628
v -0.26117 1.28000 0.02900
f 1 10 11 2
f 2 11 12 3
f 3 12 13 4
f 4 13 14 5
f 5 14 15 6
f 6 15 16 7
f 7 16 17 8
f 8 17 18 9
f 10 19 20 11
f 11 20 21 12
f 12 21 22 13
f 13 22 23 14
f 14 23 24 15
f 15 24 25 16
f 16 25 26 17
f 17 26 27 18
f 19 28 29 20
f 20 29 30 21
f 21 30 31 22
f 22 31 32 23
f 23 32 33 24
f 24 33 34 25
f 25 34 35 26
f 26 35 36 27
f 28 37 38 29
f 29 38 39 30
f 30 39 40 31
f 31 40 41 32
f 32 41 42 33
f 33 42 43 34
f 34 43 44 35
f 35 44 45 36
f 37 46 47 38
f 38 47 48 39
f 39 48 49 40
f 40 49 50 41
f 41 50 51 42
f 42 51 52 43
f 43 52 53 44
f 44 53 54 45
f 46 55 56 47
f 47 56 57 48
f 48 57 58 49
f 49 58 59 50
f 50 59 60 51
f 51 60 61 52
f 52 61 62 53
f 53 62 63 54
f 55 64 65 56
f 56 65 66 57
f 57 66 67 58
f 58 67 68 59
f 59 68 69 60
f 60 69 70 61
f 61 70 71 62
f 62 71 72 63
o rib_right_2
g rib_right_2
v 0.02845 1.26000 0.03810
v 0.02815 1.26857 0.04156
v 0.02900 1.27172 0.05013
v 0.03038 1.26857 0.05863
v 0.03155 1.26000 0.06190
v 0.03179 1.25167 0.05820
v 0.03104 1.24781 0.04986
v 0.02963 1.25167 0.04161
v 0.02845 1.26000 0.03810
v 0.06133 1.26286 0.03402
v 0.06112 1.27093 0.03777
v 0.06188 1.27432 0.04584
v 0.06322 1.27115 0.05406
v 0.06433 1.26286 0.05697
v 0.06463 1.25463 0.05381
v 0.06385 1.25126 0.04558
v 0.06250 1.25485 0.03765
v 0.06133 1.26286 0.03402
v 0.09426 1.26571 0.03026
v 0.09406 1.27341 0.03385
v 0.09475 1.27700 0.04155
v 0.09606 1.27353 0.04930
v 0.09714 1.26571 0.05236
v 0.09744 1.25771 0.04930
v 0.09665 1.25480 0.04131
v 0.09536 1.25783 0.03349
v 0.09426 1.26571 0.03026
v 0.12720 1.26857 0.02666
v 0.12695 1.27611 0.02972
v 0.12764 1.27941 0.03726
v 0.12890 1.27597 0.04459
v 0.12998 1.26857 0.04791
v 0.13020 1.26101 0.04458
v 0.12947 1.25806 0.03703
v 0.12823 1.26087 0.02939
v 0.12720 1.26857 0.02666
v 0.16012 1.27143 0.02284
v 0.15984 1.27881 0.02559
v 0.16056 1.28159 0.03297
v 0.16175 1.27862 0.04010
v 0.16278 1.27143 0.04324
v 0.16296 1.26432 0.03985
v 0.16231 1.26110 0.03274
v 0.16111 1.26413 0.02551
v 0.16012 1.27143 0.02284
v 0.19301 1.27429 0.01877
v 0.19277 1.28131 0.02166
v 0.19346 1.28391 0.02868
v 0.19460 1.28134 0.03567
v 0.19556 1.27429 0.03832
v 0.19576 1.26742 0.03532
v 0.19514 1.26427 0.02846
v 0.19398 1.26745 0.02169
v 0.19301 1.27429 0.01877
v 0.22590 1.27714 0.01475
v 0.22573 1.28371 0.01783
v 0.22634 1.28651 0.02439
v 0.22744 1.28389 0.03108
v 0.22834 1.27714 0.03345
v 0.22859 1.27042 0.03090
v 0.22795 1.26772 0.02418
v 0.22685 1.27061 0.01771
v 0.22590 1.27714 0.01475
v 0.25883 1.28000 0.01100
v 0.25866 1.28622 0.01388
v 0.25922 1.28913 0.02010
v 0.26028 1.28630 0.02634
v 0.26115 1.28000 0.02885
v 0.26139 1.27354 0.02636
v 0.26075 1.27120 0.01990
v 0.25972 1.27361 0.01357
v 0.25883 1.28000 0.01100
f 1 10 11 2
f 2 11 12 3
f 3 12 13 4
f 4 13 14 5
f 5 14 15 6
f 6 15 16 7
f 7 16 17 8
f 8 17 18 9
f 10 19 20 11
f 11 20 21 12
f 12 21 22 13
f 13 22 23 14
f 14 23 24 15
f 15 24 25 16
f 16 25 26 17
f 17 26 27 18
f 19 28 29 20
f 20 29 30 21
f 21 30 31 22
f 22 31 32 23
f 23 32 33 24
f 24 33 34 25
f 25 34 35 26
f 26 35 36 27
f 28 37 38 29
f 29 38 39 30
f 30 39 40 31
f 31 40 41 32
f 32 41 42 33
f 33 42 43 34
f 34 43 44 35
f 35 44 45 36
f 37 46 47 38
f 38 47 48 39
f 39 48 49 40
f 40 49 50 41
f 41 50 51 42
f 42 51 52 43
f 43 52 53 44
f 44 53 54 45
f 46 55 56 47
f 47 56 57 48
f 48 57 58 49
f 49 58 59 50
f 50 59 60 51
f 51 60 61 52
f 52 61 62 53
f 53 62 63 54
f 55 64 65 56
f 56 65 66 57
f 57 66 67 58
f 58 67 68 59
f 59 68 69 60
f 60 69 70 61
f 61 70 71 62
f 62 71 72 63
o rib_left_3
g rib_left_3
v -0.03162 1.38000 0.06189
v -0.03040 1.38857 0.05863
v -0.02895 1.39171 0.05014
v -0.02807 1.38857 0.04158
v -0.02838 1.38000 0.03811
v -0.02961 1.37167 0.04161
v -0.03109 1.36781 0.04985
v -0.03187 1.37167 0.05819
v -0.03162 1.38000 0.06189
v -0.06302 1.38286 0.05740
v -0.06180 1.39093 0.05384
v -0.06041 1.39432 0.04585
v -0.05956 1.39115 0.03757
v -0.05990 1.38286 0.03447
v -0.06105 1.37463 0.03743
v -0.06246 1.37127 0.04557
v -0.06323 1.37485 0.05358
v -0.06302 1.38286 0.05740
v -0.09438 1.38571 0.05259
v -0.09321 1.39341 0.04918
v -0.09185 1.39700 0.04157
v -0.09110 1.39353 0.03375
v -0.09137 1.38571 0.03051
v -0.09249 1.37771 0.03337
v -0.09383 1.37480 0.04130
v -0.09463 1.37783 0.04917
v -0.09438 1.38571 0.05259
v -0.12571 1.38857 0.04762
v -0.12464 1.39611 0.04473
v -0.12332 1.39940 0.03727
v -0.12262 1.39597 0.02988
v -0.12282 1.38857 0.02639
v -0.12394 1.38102 0.02953
v -0.12522 1.37806 0.03701
v -0.12602 1.38088 0.04471
v -0.12571 1.38857 0.04762
v -0.15708 1.39143 0.04286
v -0.15606 1.39881 0.04029
v -0.15481 1.40159 0.03298
v -0.15410 1.39862 0.02579
v -0.15430 1.39143 0.02248
v -0.15538 1.38432 0.02570
v -0.15664 1.38110 0.03273
v -0.15735 1.38413 0.04002
v -0.15708 1.39143 0.04286
v -0.18848 1.39429 0.03837
v -0.18747 1.40131 0.03565
v -0.18628 1.40391 0.02869
v -0.18556 1.40134 0.02164
v -0.18581 1.39429 0.01883
v -0.18682 1.38743 0.02166
v -0.18804 1.38427 0.02845
v -0.18868 1.38746 0.03528
v -0.18848 1.39429 0.03837
v -0.21987 1.39714 0.03381
v -0.21888 1.40370 0.03089
v -0.21774 1.40651 0.02440
v -0.21705 1.40389 0.01766
v -0.21732 1.39714 0.01513
v -0.21826 1.39042 0.01752
v -0.21941 1.38773 0.02417
v -0.22004 1.39061 0.03071
v -0.21987 1.39714 0.03381
v -0.25123 1.40000 0.02899
v -0.25029 1.40622 0.02626
v -0.24919 1.40913 0.02011
v -0.24858 1.40629 0.01382
v -0.24879 1.40000 0.01116
v -0.24970 1.39354 0.01350
v -0.25079 1.39120 0.01989
v -0.25144 1.39362 0.02627
v -0.25123 1.40000 0.02899
f 1 10 11 2
f 2 11 12 3
f 3 12 13 4
f 4 13 14 5
f 5 14 15 6
f 6 15 16 7
f 7 16 17 8
f 8 17 18 9
f 10 19 20 11
f 11 20 21 12
f 12 21 22 13
f 13 22 23 14
f 14 23 24 15
f 15 24 25 16
f 16 25 26 17
f 17 26 27 18
f 19 28 29 20
f 20 29 30 21
f 21 30 31 22
f 22 31 32 23
f 23 32 33 24
f 24 33 34 25
f 25 34 35 26
f 26 35 36 27
f 28 37 38 29
f 29 38 39 30
f 30 39 40 31
f 31 40 41 32
f 32 41 42 33
f 33 42 43 34
f 34 43 44 35
f 35 44 45 36
f 37 46 47 38
f 38 47 48 39
f 39 48 49 40
f 40 49 50 41
f 41 50 51 42
f 42 51 52 43
f 43 52 53 44
f 44 53 54 45
f 46 55 56 47
f 47 56 57 48
f 48 57 58 49
f 49 58 59 50
f 50 59 60 51
f 51 60 61 52
f 52 61 62 53
f 53 62 63 54
f 55 64 65 56
f 56 65 66 57
f 57 66 67 58
f 58 67 68 59
f 59 68 69 60
f 60 69 70 61
f 61 70 71 62
f 62 71 72 63
o rib_right_3
g rib_right_3
v 0.02838 1.38000 0.03811
v 0.02807 1.38857 0.04158
v 0.02895 1.39171 0.05014
v 0.03040 1.38857 0.05863
v 0.03162 1.38000 0.06189
v 0.03187 1.37167 0.05819
v 0.03109 1.36781 0.04985
v 0.02961 1.37167 0.04161
v 0.02838 1.38000 0.03811
v 0.05984 1.38286 0.03403
v 0.05961 1.39093 0.03778
v 0.06041 1.39432 0.04585
v 0.06181 1.39115 0.05406
v 0.06296 1.38286 0.05696
v 0.06328 1.37463 0.05380
v 0.06246 1.37127 0.04557
v 0.06106 1.37485 0.03765
v 0.05984 1.38286 0.03403
v 0.09134 1.38571 0.03027
v 0.09113 1.39341 0.03387
v 0.09185 1.39700 0.04157
v 0.09322 1.39353 0.04930
v 0.09435 1.38571 0.05235
v 0.09466 1.37771 0.04929
v 0.09383 1.37480 0.04130
v 0.09249 1.37783 0.03349
v 0.09134 1.38571 0.03027
v 0.12286 1.38857 0.02667
v 0.12259 1.39611 0.02974
v 0.12332 1.39940 0.03727
v 0.12463 1.39597 0.04459
v 0.12575 1.38857 0.04790
v 0.12599 1.38102 0.04457
v 0.12522 1.37806 0.03701
v 0.12393 1.38088 0.02939
v 0.12286 1.38857 0.02667
v 0.15435 1.39143 0.02285
v 0.15405 1.39881 0.02561
v 0.15481 1.40159 0.03298
v 0.15605 1.39862 0.04010
v 0.15713 1.39143 0.04323
v 0.15731 1.38432 0.03984
v 0.15664 1.38110 0.03273
v 0.15538 1.38413 0.02551
v 0.15435 1.39143 0.02285
v 0.18581 1.39429 0.01878
v 0.18556 1.40131 0.02167
v 0.18628 1.40391 0.02869
v 0.18747 1.40134 0.03567
v 0.18847 1.39429 0.03831
v 0.18869 1.38743 0.03531
v 0.18804 1.38427 0.02845
v 0.18683 1.38746 0.02169
v 0.18581 1.39429 0.01878
v 0.21727 1.39714 0.01476
v 0.21710 1.40370 0.01784
v 0.21774 1.40651 0.02440
v 0.21888 1.40389 0.03108
v 0.21982 1.39714 0.03344
v 0.22008 1.39042 0.03089
v 0.21941 1.38773 0.02417
v 0.21827 1.39061 0.01771
v 0.21727 1.39714 0.01476
v 0.24877 1.40000 0.01101
v 0.24860 1.40622 0.01389
v 0.24919 1.40913 0.02011
v 0.25029 1.40629 0.02634
v 0.25121 1.40000 0.02884
v 0.25145 1.39354 0.02635
v 0.25079 1.39120 0.01989
v 0.24970 1.39362 0.01357
v 0.24877 1.40000 0.01101
f 1 10 11 2
f 2 11 12 3
f 3 12 13 4
f 4 13 14 5
f 5 14 15 6
f 6 15 16 7
f 7 16 17 8
f 8 17 18 9
f 10 19 20 11
f 11 20 21 12
f 12 21 22 13
f 13 22 23 14
f 14 23 24 15
f 15 24 25 16
f 16 25 26 17
f 17 26 27 18
f 19 28 29 20
f 20 29 30 21
f 21 30 31 22
f 22 31 32 23
f 23 32 33 24
f 24 33 34 25
f 25 34 35 26
f 26 35 36 27
f 28 37 38 29
f 29 38 39 30
f 30 39 40 31
f 31 40 41 32
f 32 41 42 33
f 33 42 43 34
f 34 43 44 35
f 35 44 45 36
f 37 46 47 38
f 38 47 48 39
f 39 48 49 40
f 40 49 50 41
f 41 50 51 42
f 42 51 52 43
f 43 52 53 44
f 44 53 54 45
f 46 55 56 47
f 47 56 57 48
f 48 57 58 49
f 49 58 59 50
f 50 59 60 51
f 51 60 61 52
f 52 61 62 53
f 53 62 63 54
f 55 64 65 56
f 56 65 66 57
f 57 66 67 58
f 58 67 68 59
f 59 68 69 60
f 60 69 70 61
f 61 70 71 62
f 62 71 72 63
o rib_left_4
g rib_left_4
v -0.03170 1.50000 0.06188
v -0.03042 1.50857 0.05863
v -0.02891 1.51171 0.05016
v -0.02798 1.50857 0.04160
v -0.02830 1.50000 0.03812
v -0.02959 1.49167 0.04161
v -0.03114 1.48781 0.04984
v -0.03196 1.49167 0.05817
v -0.03170 1.50000 0.06188
v -0.06167 1.50286 0.05739
v -0.06039 1.51093 0.05384
v -0.05893 1.51431 0.04587
v -0.05805 1.51115 0.03758
v -0.05839 1.50286 0.03448
v -0.05960 1.49463 0.03743
v -0.06108 1.49127 0.04556
v -0.06188 1.49485 0.05357
v -0.06167 1.50286 0.05739
v -0.09159 1.50571 0.05258
v -0.09037 1.51341 0.04918
v -0.08895 1.51699 0.04158
v -0.08816 1.51353 0.03377
v -0.08844 1.50571 0.03052
v -0.08961 1.49772 0.03337
v -0.09102 1.49481 0.04128
v -0.09185 1.49784 0.04916
v -0.09159 1.50571 0.05258
v -0.12150 1.50857 0.04761
v -0.12037 1.51610 0.04473
v -0.11899 1.51940 0.03729
v -0.11826 1.51596 0.02989
v -0.11846 1.50857 0.02640
v -0.11963 1.50102 0.02953
v -0.12098 1.49807 0.03700
v -0.12181 1.50088 0.04469
v -0.12150 1.50857 0.04761
v -0.15143 1.51143 0.04285
v -0.15036 1.51881 0.04029
v -0.14905 1.52158 0.03299
v -0.14831 1.51862 0.02580
v -0.14852 1.51143 0.02249
v -0.14965 1.50432 0.02570
v -0.15096 1.50110 0.03272
v -0.15172 1.50414 0.04001
v -0.15143 1.51143 0.04285
v -0.18140 1.51429 0.03836
v -0.18034 1.52131 0.03565
v -0.17910 1.52391 0.02870
v -0.17834 1.52134 0.02165
v -0.17861 1.51429 0.01884
v -0.17967 1.50743 0.02166
v -0.18093 1.50428 0.02844
v -0.18161 1.50746 0.03527
v -0.18140 1.51429 0.03836
v -0.21136 1.51714 0.03380
v -0.21032 1.52370 0.03089
v -0.20913 1.52650 0.02441
v -0.20841 1.52389 0.01767
v -0.20869 1.51714 0.01514
v -0.20967 1.51043 0.01752
v -0.21088 1.50773 0.02416
v -0.21154 1.51061 0.03069
v -0.21136 1.51714 0.03380
v -0.24128 1.52000 0.02898
v -0.24030 1.52622 0.02627
v -0.23915 1.52912 0.02012
v -0.23852 1.52629 0.01383
v -0.23874 1.52000 0.01116
v -0.23969 1.51355 0.01350
v -0.24082 1.51120 0.01988
v -0.24150 1.51362 0.02626
v -0.24128 1.52000 0.02898
f 1 10 11 2
f 2 11 12 3
f 3 12 13 4
f 4 13 14 5
f 5 14 15 6
f 6 15 16 7
f 7 16 17 8
f 8 17 18 9
f 10 19 20 11
f 11 20 21 12
f 12 21 22 13
f 13 22 23 14
f 14 23 24 15
f 15 24 25 16
f 16 25 26 17
f 17 26 27 18
f 19 28 29 20
f 20 29 30 21
f 21 30 31 22
f 22 31 32 23
f 23 32 33 24
f 24 33 34 25
f 25 34 35 26
f 26 35 36 27
f 28 37 38 29
f 29 38 39 30
f 30 39 40 31
f 31 40 41 32
f 32 41 42 33
f 33 42 43 34
f 34 43 44 35
f 35 44 45 36
f 37 46 47 38
f 38 47 48 39
f 39 48 49 40
f 40 49 50 41
f 41 50 51 42
f 42 51 52 43
f 43 52 53 44
f 44 53 54 45
f 46 55 56 47
f 47 56 57 48
f 48 57 58 49
f 49 58 59 50
f 50 59 60 51
f 51 60 61 52
f 52 61 62 53
f 53 62 63 54
f 55 64 65 56
f 56 65 66 57
f 57 66 67 58
f 58 67 68 59
f 59 68 69 60
f 60 69 70 61
f 61 70 71 62
f 62 71 72 63
o rib_right_4
g rib_right_4
v 0.02830 1.50000 0.03812
v 0.02798 1.50857 0.04160
v 0.02891 1.51171 0.05016
v 0.03042 1.50857 0.05863
v 0.03170 1.50000 0.06188
v 0.03196 1.49167 0.05817
v 0.03114 1.48781 0.04984
v 0.02959 1.49167 0.04161
v 0.02830 1.50000 0.03812
v 0.05833 1.50286 0.03404
v 0.05810 1.51093 0.03780
v 0.05893 1.51431 0.04587
v 0.06040 1.51115 0.05407
v 0.06161 1.50286 0.05695
v 0.06194 1.49463 0.05378
v 0.06108 1.49127 0.04556
v 0.05961 1.49485 0.03765
v 0.05833 1.50286 0.03404
v 0.08841 1.50571 0.03028
v 0.08819 1.51341 0.03388
v 0.08895 1.51699 0.04158
v 0.09038 1.51353 0.04930
v 0.09156 1.50571 0.05234
v 0.09188 1.49772 0.04927
v 0.09102 1.49481 0.04128
v 0.08962 1.49784 0.03349
v 0.08841 1.50571 0.03028
v 0.11850 1.50857 0.02668
v 0.11823 1.51610 0.02975
v 0.11899 1.51940 0.03729
v 0.12036 1.51596 0.04459
v 0.12154 1.50857 0.04789
v 0.12178 1.50102 0.04455
v 0.12098 1.49807 0.03700
v 0.11963 1.50088 0.02939
v 0.11850 1.50857 0.02668
v 0.14857 1.51143 0.02286
v 0.14826 1.51881 0.02562
v 0.14905 1.52158 0.03299
v 0.15035 1.51862 0.04010
v 0.15148 1.51143 0.04322
v 0.15167 1.50432 0.03983
v 0.15096 1.50110 0.03272
v 0.14964 1.50414 0.02551
v 0.14857 1.51143 0.02286
v 0.17860 1.51429 0.01879
v 0.17835 1.52131 0.02168
v 0.17910 1.52391 0.02870
v 0.18034 1.52134 0.03568
v 0.18139 1.51429 0.03830
v 0.18161 1.50743 0.03530
v 0.18093 1.50428 0.02844
v 0.17967 1.50746 0.02169
v 0.17860 1.51429 0.01879
v 0.20864 1.51714 0.01477
v 0.20846 1.52370 0.01785
v 0.20913 1.52650 0.02441
v 0.21033 1.52389 0.03108
v 0.21131 1.51714 0.03343
v 0.21158 1.51043 0.03088
v 0.21088 1.50773 0.02416
v 0.20968 1.51061 0.01770
v 0.20864 1.51714 0.01477
v 0.23872 1.52000 0.01102
v 0.23854 1.52622 0.01390
v 0.23915 1.52912 0.02012
v 0.24031 1.52629 0.02634
v 0.24126 1.52000 0.02884
v 0.24152 1.51355 0.02633
v 0.24082 1.51120 0.01988
v 0.23969 1.51362 0.01357
v 0.23872 1.52000 0.01102
f 1 10 11 2
f 2 11 12 3
f 3 12 13 4
f 4 13 14 5
f 5 14 15 6
f 6 15 16 7
f 7 16 17 8
f 8 17 18 9
f 10 19 20 11
f 11 20 21 12
f 12 21 22 13
f 13 22 23 14
f 14 23 24 15
f 15 24 25 16
f 16 25 26 17
f 17 26 27 18
f 19 28 29 20
f 20 29 30 21
f 21 30 31 22
f 22 31 32 23
f 23 32 33 24
f 24 33 34 25
f 25 34 35 26
f 26 35 36 27
f 28 37 38 29
f 29 38 39 30
f 30 39 40 31
f 31 40 41 32
f 32 41 42 33
f 33 42 43 34
f 34 43 44 35
f 35 44 45 36
f 37 46 47 38
f 38 47 48 39
f 39 48 49 40
f 40 49 50 41
f 41 50 51 42
f 42 51 52 43
f 43 52 53 44
f 44 53 54 45
f 46 55 56 47
f 47 56 57 48
f 48 57 58 49
f 49 58 59 50
f 50 59 60 51
f 51 60 61 52
f 52 61 62 53
f 53 62 63 54
f 55 64 65 56
f 56 65 66 57
f 57 66 67 58
f 58 67 68 59
f 59 68 69 60
f 60 69 70 61
f 61 70 71 62
f 62 71 72 63
o rib_left_5
g rib_left_5
v -0.03178 1.62000 0.06187
v -0.03044 1.62856 0.05864
v -0.02886 1.63170 0.05017
v -0.02789 1.62856 0.04162
v -0.02822 1.62000 0.03813
v -0.02957 1.61168 0.04161
v -0.03119 1.60782 0.04982
v -0.03206 1.61168 0.05815
v -0.03178 1.62000 0.06187
v -0.06032 1.62286 0.05738
v -0.05898 1.63092 0.05385
v -0.05745 1.63431 0.04588
v -0.05653 1.63114 0.03760
v -0.05689 1.62286 0.03449
v -0.05815 1.61464 0.03742
v -0.05970 1.61128 0.04554
v -0.06055 1.61486 0.05355
v -0.06032 1.62286 0.05738
v -0.08881 1.62571 0.05257
v -0.08754 1.63340 0.04918
v -0.08604 1.63699 0.04159
v -0.08522 1.63352 0.03378
v -0.08551 1.62571 0.03053
v -0.08673 1.61772 0.03337
v -0.08821 1.61481 0.04127
v -0.08909 1.61784 0.04914
v -0.08881 1.62571 0.05257
v -0.11728 1.62857 0.04760
v -0.11610 1.63610 0.04474
v -0.11466 1.63939 0.03730
v -0.11389 1.63596 0.02991
v -0.11410 1.62857 0.02641
v -0.11533 1.62102 0.02953
v -0.11674 1.61807 0.03699
v -0.11761 1.62088 0.04467
v -0.11728 1.62857 0.04760
v -0.14578 1.63143 0.04284
v -0.14466 1.63880 0.04029
v -0.14329 1.64158 0.03301
v -0.14251 1.63862 0.02582
v -0.14273 1.63143 0.02250
v -0.14392 1.62433 0.02570
v -0.14530 1.62111 0.03271
v -0.14608 1.62414 0.03999
v -0.14578 1.63143 0.04284
v -0.17432 1.63429 0.03835
v -0.17322 1.64130 0.03565
v -0.17192 1.64390 0.02871
v -0.17112 1.64133 0.02167
v -0.17140 1.63429 0.01885
v -0.17251 1.62743 0.02166
v -0.17384 1.62428 0.02842
v -0.17454 1.62746 0.03525
v -0.17432 1.63429 0.03835
v -0.20285 1.63714 0.03379
v -0.20176 1.64370 0.03090
v -0.20051 1.64650 0.02442
v -0.19976 1.64388 0.01769
v -0.20006 1.63714 0.01515
v -0.20108 1.63043 0.01751
v -0.20235 1.62773 0.02415
v -0.20304 1.63061 0.03068
v -0.20285 1.63714 0.03379
v -0.23135 1.64000 0.02897
v -0.23032 1.64621 0.02627
v -0.22911 1.64912 0.02013
v -0.22845 1.64629 0.01384
v -0.22868 1.64000 0.01117
v -0.22967 1.63355 0.01349
v -0.23086 1.63121 0.01987
v -0.23157 1.63362 0.02624
v -0.23135 1.64000 0.02897
f 1 10 11 2
f 2 11 12 3
f 3 12 13 4
f 4 13 14 5
f 5 14 15 6
f 6 15 16 7
f 7 16 17 8
f 8 17 18 9
f 10 19 20 11
f 11 20 21 12
f 12 21 22 13
f 13 22 23 14
f 14 23 24 15
f 15 24 25 16
f 16 25 26 17
f 17 26 27 18
f 19 28 29 20
f 20 29 30 21
f 21 30 31 22
f 22 31 32 23
f 23 32 33 24
f 24 33 34 25
f 25 34 35 26
f 26 35 36 27
f 28 37 38 29
f 29 38 39 30
f 30 39 40 31
f 31 40 41 32
f 32 41 42 33
f 33 42 43 34
f 34 43 44 35
f 35 44 45 36
f 37 46 47 38
f 38 47 48 39
f 39 48 49 40
f 40 49 50 41
f 41 50 51 42
f 42 51 52 43
f 43 52 53 44
f 44 53 54 45
f 46 55 56 47
f 47 56 57 48
f 48 57 58 49
f 49 58 59 50
f 50 59 60 51
f 51 60 61 52
f 52 61 62 53
f 53 62 63 54
f 55 64 65 56
f 56 65 66 57
f 57 66 67 58
f 58 67 68 59
f 59 68 69 60
f 60 69 70 61
f 61 70 71 62
f 62 71 72 63
o rib_right_5
g rib_right_5
v 0.02822 1.62000 0.03813
v 0.02789 1.62856 0.04162
v 0.02886 1.63170 0.05017
v 0.03044 1.62856 0.05864
v 0.03178 1.62000 0.06187
v 0.03206 1.61168 0.05815
v 0.03119 1.60782 0.04982
v 0.02957 1.61168 0.04161
v 0.02822 1.62000 0.03813
v 0.05682 1.62286 0.03405
v 0.05658 1.63092 0.03782
v 0.05745 1.63431 0.04588
v 0.05900 1.63114 0.05407
v 0.06025 1.62286 0.05694
v 0.06060 1.61464 0.05376
v 0.05970 1.61128 0.04554
v 0.05816 1.61486 0.03765
v 0.05682 1.62286 0.03405
v 0.08547 1.62571 0.03029
v 0.08525 1.63340 0.03390
v 0.08604 1.63699 0.04159
v 0.08754 1.63352 0.04930
v 0.08878 1.62571 0.05233
v 0.08912 1.61772 0.04926
v 0.08821 1.61481 0.04127
v 0.08674 1.61784 0.03349
v 0.08547 1.62571 0.03029
v 0.11415 1.62857 0.02669
v 0.11386 1.63610 0.02977
v 0.11466 1.63939 0.03730
v 0.11609 1.63596 0.04459
v 0.11732 1.62857 0.04788
v 0.11758 1.62102 0.04453
v 0.11674 1.61807 0.03699
v 0.11532 1.62088 0.02939
v 0.11415 1.62857 0.02669
v 0.14279 1.63143 0.02287
v 0.14247 1.63880 0.02564
v 0.14329 1.64158 0.03301
v 0.14465 1.63862 0.04011
v 0.14584 1.63143 0.04321
v 0.14604 1.62433 0.03981
v 0.14530 1.62111 0.03271
v 0.14391 1.62414 0.02551
v 0.14279 1.63143 0.02287
v 0.17139 1.63429 0.01880
v 0.17112 1.64130 0.02170
v 0.17192 1.64390 0.02871
v 0.17322 1.64133 0.03568
v 0.17432 1.63429 0.03829
v 0.17455 1.62743 0.03528
v 0.17384 1.62428 0.02842
v 0.17251 1.62746 0.02169
v 0.17139 1.63429 0.01880
v 0.20000 1.63714 0.01478
v 0.19981 1.64370 0.01787
v 0.20051 1.64650 0.02442
v 0.20177 1.64388 0.03108
v 0.20280 1.63714 0.03343
v 0.20309 1.63043 0.03086
v 0.20235 1.62773 0.02415
v 0.20109 1.63061 0.01770
v 0.20000 1.63714 0.01478
v 0.22865 1.64000 0.01103
v 0.22847 1.64621 0.01392
v 0.22911 1.64912 0.02013
v 0.23032 1.64629 0.02634
v 0.23132 1.64000 0.02883
v 0.23159 1.63355 0.02632
v 0.23086 1.63121 0.01987
v 0.22967 1.63362 0.01357
v 0.22865 1.64000 0.01103
f 1 10 11 2
f 2 11 12 3
f 3 12 13 4
f 4 13 14 5
f 5 14 15 6
f 6 15 16 7
f 7 16 17 8
f 8 17 18 9
f 10 19 20 11
f 11 20 21 12
f 12 21 22 13
f 13 22 23 14
f 14 23 24 15
f 15 24 25 16
f 16 25 26 17
f 17 26 27 18
f 19 28 29 20
f 20 29 30 21
f 21 30 31 22
f 22 31 32 23
f 23 32 33 24
f 24 33 34 25
f 25 34 35 26
f 26 35 36 27
f 28 37 38 29
f 29 38 39 30
f 30 39 40 31
f 31 40 41 32
f 32 41 42 33
f 33 42 43 34
f 34 43 44 35
f 35 44 45 36
f 37 46 47 38
f 38 47 48 39
f 39 48 49 40
f 40 49 50 41
f 41 50 51 42
f 42 51 52 43
f 43 52 53 44
f 44 53 54 45
f 46 55 56 47
f 47 56 57 48
f 48 57 58 49
f 49 58 59 50
f 50 59 60 51
f 51 60 61 52
f 52 61 62 53
f 53 62 63 54
f 55 64 65 56
f 56 65 66 57
f 57 66 67 58
f 58 67 68 59
f 59 68 69 60
f 60 69 70 61
f 61 70 71 62
f 62 71 72 63
o rib_left_6
g rib_left_6
v -0.03187 1.74000 0.06185
v -0.03046 1.74856 0.05864
v -0.02880 1.75170 0.05019
v -0.02778 1.74856 0.04164
v -0.02813 1.74000 0.03815
v -0.02955 1.73168 0.04160
v -0.03125 1.72783 0.04980
v -0.03216 1.73168 0.05813
v -0.03187 1.74000 0.06185
v -0.05898 1.74286 0.05736
v -0.05758 1.75092 0.05385
v -0.05597 1.75430 0.04590
v -0.05499 1.75114 0.03762
v -0.05537 1.74286 0.03450
v -0.05670 1.73464 0.03742
v -0.05833 1.73128 0.04553
v -0.05922 1.73486 0.05352
v -0.05898 1.74286 0.05736
v -0.08604 1.74571 0.05255
v -0.08470 1.75340 0.04918
v -0.08313 1.75698 0.04161
v -0.08226 1.75352 0.03381
v -0.08257 1.74571 0.03054
v -0.08385 1.73772 0.03336
v -0.08540 1.73482 0.04125
v -0.08633 1.73784 0.04912
v -0.08604 1.74571 0.05255
v -0.11308 1.74857 0.04759
v -0.11184 1.75610 0.04474
v -0.11032 1.75939 0.03732
v -0.10951 1.75596 0.02993
v -0.10974 1.74857 0.02642
v -0.11102 1.74103 0.02953
v -0.11251 1.73808 0.03697
v -0.11342 1.74089 0.04465
v -0.11308 1.74857 0.04759
v -0.14015 1.75143 0.04283
v -0.13897 1.75880 0.04030
v -0.13753 1.76157 0.03302
v -0.13671 1.75861 0.02584
v -0.13694 1.75143 0.02251
v -0.13819 1.74433 0.02569
v -0.13963 1.74111 0.03269
v -0.14046 1.74414 0.03997
v -0.14015 1.75143 0.04283
v -0.16726 1.75429 0.03834
v -0.16609 1.76130 0.03565
v -0.16473 1.76390 0.02873
v -0.16389 1.76133 0.02169
v -0.16418 1.75429 0.01886
v -0.16534 1.74744 0.02166
v -0.16674 1.74429 0.02841
v -0.16748 1.74746 0.03524
v -0.16726 1.75429 0.03834
v -0.19436 1.75714 0.03378
v -0.19321 1.76369 0.03090
v -0.19190 1.76649 0.02444
v -0.19111 1.76388 0.01770
v -0.19142 1.75714 0.01516
v -0.19249 1.75043 0.01751
v -0.19382 1.74774 0.02413
v -0.19455 1.75062 0.03066
v -0.19436 1.75714 0.03378
v -0.22142 1.76000 0.02896
v -0.22034 1.76621 0.02627
v -0.21906 1.76911 0.02015
v -0.21837 1.76629 0.01386
v -0.21861 1.76000 0.01118
v -0.21965 1.75355 0.01349
v -0.22090 1.75121 0.01986
v -0.22165 1.75363 0.02623
v -0.22142 1.76000 0.02896
f 1 10 11 2
f 2 11 12 3
f 3 12 13 4
f 4 13 14 5
f 5 14 15 6
f 6 15 16 7
f 7 16 17 8
f 8 17 18 9
f 10 19 20 11
f 11 20 21 12
f 12 21 22 13
f 13 22 23 14
f 14 23 24 15
f 15 24 25 16
f 16 25 26 17
f 17 26 27 18
f 19 28 29 20
f 20 29 30 21
f 21 30 31 22
f 22 31 32 23
f 23 32 33 24
f 24 33 34 25
f 25 34 35 26
f 26 35 36 27
f 28 37 38 29
f 29 38 39 30
f 30 39 40 31
f 31 40 41 32
f 32 41 42 33
f 33 42 43 34
f 34 43 44 35
f 35 44 45 36
f 37 46 47 38
f 38 47 48 39
f 39 48 49 40
f 40 49 50 41
f 41 50 51 42
f 42 51 52 43
f 43 52 53 44
f 44 53 54 45
f 46 55 56 47
f 47 56 57 48
f 48 57 58 49
f 49 58 59 50
f 50 59 60 51
f 51 60 61 52
f 52 61 62 53
f 53 62 63 54
f 55 64 65 56
f 56 65 66 57
f 57 66 67 58
f 58 67 68 59
f 59 68 69 60
f 60 69 70 61
f 61 70 71 62
f 62 71 72 63
o rib_right_6
g rib_right_6
v 0.02813 1.74000 0.03815
v 0.02778 1.74856 0.04164
v 0.02880 1.75170 0.05019
v 0.03046 1.74856 0.05864
v 0.03187 1.74000 0.06185
v 0.03216 1.73168 0.05813
v 0.03125 1.72783 0.04980
v 0.02955 1.73168 0.04160
v 0.02813 1.74000 0.03815
v 0.05530 1.74286 0.03407
v 0.05505 1.75092 0.03784
v 0.05597 1.75430 0.04590
v 0.05759 1.75114 0.05407
v 0.05891 1.74286 0.05692
v 0.05928 1.73464 0.05374
v 0.05833 1.73128 0.04553
v 0.05671 1.73486 0.03764
v 0.05530 1.74286 0.03407
v 0.08253 1.74571 0.03030
v 0.08229 1.75340 0.03392
v 0.08313 1.75698 0.04161
v 0.08471 1.75352 0.04930
v 0.08600 1.74571 0.05232
v 0.08636 1.73772 0.04923
v 0.08540 1.73482 0.04125
v 0.08386 1.73784 0.03348
v 0.08253 1.74571 0.03030
v 0.10978 1.74857 0.02670
v 0.10948 1.75610 0.02979
v 0.11032 1.75939 0.03732
v 0.11183 1.75596 0.04460
v 0.11312 1.74857 0.04786
v 0.11339 1.74103 0.04451
v 0.11251 1.73808 0.03697
v 0.11101 1.74089 0.02939
v 0.10978 1.74857 0.02670
v 0.13700 1.75143 0.02288
v 0.13666 1.75880 0.02566
v 0.13753 1.76157 0.03302
v 0.13896 1.75861 0.04011
v 0.14020 1.75143 0.04320
v 0.14041 1.74433 0.03979
v 0.13963 1.74111 0.03269
v 0.13818 1.74414 0.02550
v 0.13700 1.75143 0.02288
v 0.16417 1.75429 0.01881
v 0.16389 1.76130 0.02172
v 0.16473 1.76390 0.02873
v 0.16610 1.76133 0.03568
v 0.16725 1.75429 0.03828
v 0.16749 1.74744 0.03526
v 0.16674 1.74429 0.02841
v 0.16535 1.74746 0.02169
v 0.16417 1.75429 0.01881
v 0.19136 1.75714 0.01479
v 0.19116 1.76369 0.01789
v 0.19190 1.76649 0.02444
v 0.19322 1.76388 0.03109
v 0.19430 1.75714 0.03341
v 0.19460 1.75043 0.03084
v 0.19382 1.74774 0.02413
v 0.19250 1.75062 0.01770
v 0.19136 1.75714 0.01479
v 0.21858 1.76000 0.01104
v 0.21839 1.76621 0.01393
v 0.21906 1.76911 0.02015
v 0.22034 1.76629 0.02634
v 0.22139 1.76000 0.02882
v 0.22167 1.75355 0.02630
v 0.22090 1.75121 0.01986
v 0.21966 1.75363 0.01357
v 0.21858 1.76000 0.01104
f 1 10 11 2
f 2 11 12 3
f 3 12 13 4
f 4 13 14 5
f 5 14 15 6
f 6 15 16 7
f 7 16 17 8
f 8 17 18 9
f 10 19 20 11
f 11 20 21 12
f 12 21 22 13
f 13 22 23 14
f 14 23 24 15
f 15 24 25 16
f 16 25 26 17
f 17 26 27 18
f 19 28 29 20
f 20 29 30 21
f 21 30 31 22
f 22 31 32 23
f 23 32 33 24
f 24 33 34 25
f 25 34 35 26
f 26 35 36 27
f 28 37 38 29
f 29 38 39 30
f 30 39 40 31
f 31 40 41 32
f 32 41 42 33
f 33 42 43 34
f 34 43 44 35
f 35 44 45 36
f 37 46 47 38
f 38 47 48 39
f 39 48 49 40
f 40 49 50 41
f 41 50 51 42
f 42 51 52 43
f 43 52 53 44
f 44 53 54 45
f 46 55 56 47
f 47 56 57 48
f 48 57 58 49
f 49 58 59 50
f 50 59 60 51
f 51 60 61 52
f 52 61 62 53
f 53 62 63 54
f 55 64 65 56
f 56 65 66 57
f 57 66 67 58
f 58 67 68 59
f 59 68 69 60
f 60 69 70 61
f 61 70 71 62
f 62 71 72 63
o rib_left_7
g rib_left_7
v -0.03197 1.86000 0.06184
v -0.03049 1.86855 0.05864
v -0.02874 1.87169 0.05021
v -0.02766 1.86855 0.04167
v -0.02803 1.86000 0.03816
v -0.02952 1.85168 0.04160
v -0.03132 1.84783 0.04978
v -0.03227 1.85168 0.05810
v -0.03197 1.86000 0.06184
v -0.05765 1.86286 0.05735
v -0.05618 1.87091 0.05385
v -0.05448 1.87429 0.04592
v -0.05345 1.87113 0.03765
v -0.05385 1.86286 0.03452
v -0.05524 1.85465 0.03742
v -0.05696 1.85129 0.04551
v -0.05790 1.85487 0.05350
v -0.05765 1.86286 0.05735
v -0.08328 1.86571 0.05254
v -0.08187 1.87339 0.04919
v -0.08021 1.87698 0.04163
v -0.07930 1.87351 0.03383
v -0.07962 1.86571 0.03056
v -0.08097 1.85773 0.03336
v -0.08261 1.85482 0.04123
v -0.08358 1.85785 0.04909
v -0.08328 1.86571 0.05254
v -0.10888 1.86857 0.04757
v -0.10757 1.87609 0.04474
v -0.10597 1.87938 0.03734
v -0.10512 1.87595 0.02995
v -0.10536 1.86857 0.02644
v -0.10671 1.86103 0.02952
v -0.10828 1.85808 0.03695
v -0.10924 1.86089 0.04463
v -0.10888 1.86857 0.04757
v -0.13452 1.87143 0.04282
v -0.13328 1.87879 0.04030
v -0.13176 1.88157 0.03304
v -0.13089 1.87861 0.02586
v -0.13114 1.87143 0.02253
v -0.13245 1.86433 0.02569
v -0.13397 1.86112 0.03267
v -0.13485 1.86415 0.03995
v -0.13452 1.87143 0.04282
v -0.16020 1.87429 0.03832
v -0.15897 1.88130 0.03566
v -0.15753 1.88389 0.02874
v -0.15665 1.88133 0.02171
v -0.15696 1.87429 0.01888
v -0.15818 1.86744 0.02165
v -0.15965 1.86429 0.02839
v -0.16044 1.86747 0.03521
v -0.16020 1.87429 0.03832
v -0.18587 1.87714 0.03377
v -0.18466 1.88369 0.03090
v -0.18328 1.88649 0.02445
v -0.18244 1.88388 0.01773
v -0.18277 1.87714 0.01517
v -0.18390 1.87044 0.01751
v -0.18530 1.86774 0.02412
v -0.18607 1.87062 0.03064
v -0.18587 1.87714 0.03377
v -0.21149 1.88000 0.02895
v -0.21036 1.88621 0.02627
v -0.20902 1.88911 0.02016
v -0.20828 1.88628 0.01388
v -0.20853 1.88000 0.01120
v -0.20963 1.87356 0.01349
v -0.21095 1.87122 0.01984
v -0.21174 1.87363 0.02621
v -0.21149 1.88000 0.02895
f 1 10 11 2
f 2 11 12 3
f 3 12 13 4
f 4 13 14 5
f 5 14 15 6
f 6 15 16 7
f 7 16 17 8
f 8 17 18 9
f 10 19 20 11
f 11 20 21 12
f 12 21 22 13
f 13 22 23 14
f 14 23 24 15
f 15 24 25 16
f 16 25 26 17
f 17 26 27 18
f 19 28 29 20
f 20 29 30 21
f 21 30 31 22
f 22 31 32 23
f 23 32 33 24
f 24 33 34 25
f 25 34 35 26
f 26 35 36 27
f 28 37 38 29
f 29 38 39 30
f 30 39 40 31
f 31 40 41 32
f 32 41 42 33
f 33 42 43 34
f 34 43 44 35
f 35 44 45 36
f 37 46 47 38
f 38 47 48 39
f 39 48 49 40
f 40 49 50 41
f 41 50 51 42
f 42 51 52 43
f 43 52 53 44
f 44 53 54 45
f 46 55 56 47
f 47 56 57 48
f 48 57 58 49
f 49 58 59 50
f 50 59 60 51
f 51 60 61 52
f 52 61 62 53
f 53 62 63 54
f 55 64 65 56
f 56 65 66 57
f 57 66 67 58
f 58 67 68 59
f 59 68 69 60
f 60 69 70 61
f 61 70 71 62
f 62 71 72 63
o rib_right_7
g rib_right_7
v 0.02803 1.86000 0.03816
v 0.02766 1.86855 0.04167
v 0.02874 1.87169 0.05021
v 0.03049 1.86855 0.05864
v 0.03197 1.86000 0.06184
v 0.03227 1.85168 0.05810
v 0.03132 1.84783 0.04978
v 0.02952 1.85168 0.04160
v 0.02803 1.86000 0.03816
v 0.05378 1.86286 0.03408
v 0.05351 1.87091 0.03787
v 0.05448 1.87429 0.04592
v 0.05619 1.87113 0.05408
v 0.05758 1.86286 0.05691
v 0.05796 1.85465 0.05371
v 0.05696 1.85129 0.04551
v 0.05526 1.85487 0.03764
v 0.05378 1.86286 0.03408
v 0.07958 1.86571 0.03032
v 0.07933 1.87339 0.03395
v 0.08021 1.87698 0.04163
v 0.08188 1.87351 0.04931
v 0.08324 1.86571 0.05230
v 0.08361 1.85773 0.04921
v 0.08261 1.85482 0.04123
v 0.08098 1.85785 0.03348
v 0.07958 1.86571 0.03032
v 0.10540 1.86857 0.02671
v 0.10509 1.87609 0.02982
v 0.10597 1.87938 0.03734
v 0.10757 1.87595 0.04460
v 0.10893 1.86857 0.04785
v 0.10921 1.86103 0.04449
v 0.10828 1.85808 0.03695
v 0.10670 1.86089 0.02938
v 0.10540 1.86857 0.02671
v 0.13120 1.87143 0.02290
v 0.13084 1.87879 0.02568
v 0.13176 1.88157 0.03304
v 0.13327 1.87861 0.04011
v 0.13458 1.87143 0.04319
v 0.13480 1.86433 0.03977
v 0.13397 1.86112 0.03267
v 0.13244 1.86415 0.02550
v 0.13120 1.87143 0.02290
v 0.15695 1.87429 0.01882
v 0.15665 1.88130 0.02174
v 0.15753 1.88389 0.02874
v 0.15897 1.88133 0.03568
v 0.16019 1.87429 0.03827
v 0.16044 1.86744 0.03524
v 0.15965 1.86429 0.02839
v 0.15818 1.86747 0.02168
v 0.15695 1.87429 0.01882
v 0.18270 1.87714 0.01480
v 0.18250 1.88369 0.01791
v 0.18328 1.88649 0.02445
v 0.18467 1.88388 0.03109
v 0.18581 1.87714 0.03340
v 0.18612 1.87044 0.03082
v 0.18530 1.86774 0.02412
v 0.18391 1.87062 0.01770
v 0.18270 1.87714 0.01480
v 0.20851 1.88000 0.01105
v 0.20830 1.88621 0.01395
v 0.20902 1.88911 0.02016
v 0.21036 1.88628 0.02635
v 0.21147 1.88000 0.02880
v 0.21176 1.87356 0.02628
v 0.21095 1.87122 0.01984
v 0.20964 1.87363 0.01356
v 0.20851 1.88000 0.01105
f 1 10 11 2
f 2 11 12 3
f 3 12 13 4
f 4 13 14 5
f 5 14 15 6
f 6 15 16 7
f 7 16 17 8
f 8 17 18 9
f 10 19 20 11
f 11 20 21 12
f 12 21 22 13
f 13 22 23 14
f 14 23 24 15
f 15 24 25 16
f 16 25 26 17
f 17 26 27 18
f 19 28 29 20
f 20 29 30 21
f 21 30 31 22
f 22 31 32 23
f 23 32 33 24
f 24 33 34 25
f 25 34 35 26
f 26 35 36 27
f 28 37 38 29
f 29 38 39 30
f 30 39 40 31
f 31 40 41 32
f 32 41 42 33
f 33 42 43 34
f 34 43 44 35
f 35 44 45 36
f 37 46 47 38
f 38 47 48 39
f 39 48 49 40
f 40 49 50 41
f 41 50 51 42
f 42 51 52 43
f 43 52 53 44
f 44 53 54 45
f 46 55 56 47
f 47 56 57 48
f 48 57 58 49
f 49 58 59 50
f 50 59 60 51
f 51 60 61 52
f 52 61 62 53
f 53 62 63 54
f 55 64 65 56
f 56 65 66 57
f 57 66 67 58
f 58 67 68 59
f 59 68 69 60
f 60 69 70 61
f 61 70 71 62
f 62 71 72 63
o skin_upper_arm_-1
g skin_upper_arm_-1
v -0.24000 1.67721 -0.03994
v -0.21989 1.67174 -0.03704
v -0.20221 1.66730 -0.02622
v -0.18995 1.66467 -0.00932
v -0.18407 1.66395 0.01050
v -0.18407 1.66490 0.03095
v -0.18995 1.66746 0.05062
v -0.20221 1.67165 0.06720
v -0.21989 1.67706 0.07756
v -0.24000 1.68279 0.07994
v -0.25943 1.68798 0.07509
v -0.27651 1.69226 0.06464
v -0.29005 1.69533 0.04932
v -0.29790 1.69662 0.02984
v -0.29790 1.69563 0.00866
v -0.29005 1.69254 -0.01062
v -0.27651 1.68807 -0.02559
v -0.25943 1.68284 -0.03560
v -0.24000 1.67721 -0.03994
v -0.27429 1.55442 -0.03275
v -0.25509 1.54925 -0.02872
v -0.23890 1.54525 -0.01757
v -0.22730 1.54275 -0.00181
v -0.22060 1.54174 0.01659
v -0.21955 1.54237 0.03643
v -0.22546 1.54491 0.05558
v -0.23821 1.54917 0.07076
v -0.25545 1.55439 0.07961
v -0.27429 1.55976 0.08198
v -0.29293 1.56481 0.07860
v -0.31001 1.56915 0.06940
v -0.32311 1.57210 0.05432
v -0.32955 1.57300 0.03510
v -0.32851 1.57178 0.01510
v -0.32127 1.56892 -0.00303
v -0.30933 1.56489 -0.01805
v -0.29330 1.55992 -0.02869
v -0.27429 1.55442 -0.03275
v -0.30857 1.43171 -0.02396
v -0.29066 1.42693 -0.01936
v -0.27528 1.42310 -0.00928
v -0.26330 1.42042 0.00491
v -0.25605 1.41921 0.02251
v -0.25549 1.41996 0.04182
v -0.26231 1.42269 0.05972
v -0.27492 1.42685 0.07346
v -0.29086 1.43170 0.08212
v -0.30857 1.43681 0.08563
v -0.32681 1.44178 0.08316
v -0.34322 1.44592 0.07380
v -0.35483 1.44845 0.05852
v -0.36013 1.44908 0.04019
v -0.35957 1.44805 0.02144
v -0.35384 1.44563 0.00374
v -0.34285 1.44186 -0.01138
v -0.32701 1.43698 -0.02133
v -0.30857 1.43171 -0.02396
v -0.34286 1.30903 -0.01440
v -0.32597 1.30449 -0.01075
v -0.31069 1.30062 -0.00219
v -0.29867 1.29789 0.01126
v -0.29228 1.29692 0.02855
v -0.29293 1.29795 0.04692
v -0.29981 1.30064 0.06347
v -0.31112 1.30441 0.07678
v -0.32574 1.30893 0.08612
v -0.34286 1.31389 0.09006
v -0.36042 1.31865 0.08696
v -0.37544 1.32238 0.07699
v -0.38590 1.32461 0.06236
v -0.39148 1.32538 0.04540
v -0.39213 1.32473 0.02749
v -0.38705 1.32250 0.01011
v -0.37587 1.31872 -0.00408
v -0.36020 1.31396 -0.01248
v -0.34286 1.30903 -0.01440
v -0.37714 1.18630 -0.00590
v -0.36079 1.18185 -0.00351
v -0.34586 1.17806 0.00460
v -0.33492 1.17564 0.01812
v -0.32989 1.17501 0.03483
v -0.33075 1.17605 0.05194
v -0.33642 1.17837 0.06776
v -0.34642 1.18178 0.08123
v -0.36050 1.18614 0.09050
v -0.37714 1.19092 0.09342
v -0.39355 1.19532 0.08940
v -0.40742 1.19874 0.07989
v -0.41786 1.20104 0.06671
v -0.42422 1.20208 0.05085
v -0.42507 1.20151 0.03347
v -0.41937 1.19915 0.01703
v -0.40798 1.19539 0.00434
v -0.39325 1.19092 -0.00326
v -0.37714 1.18630 -0.00590
v -0.41143 1.06352 0.00134
v -0.39561 1.05921 0.00370
v -0.38178 1.05575 0.01231
v -0.37222 1.05370 0.02560
v -0.36754 1.05312 0.04111
v -0.36741 1.05383 0.05719
v -0.37199 1.05583 0.07270
v -0.38170 1.05914 0.08570
v -0.39565 1.06341 0.09372
v -0.41143 1.06790 0.09553
v -0.42667 1.07198 0.09180
v -0.44016 1.07537 0.08371
v -0.45087 1.07780 0.07167
v -0.45698 1.07879 0.05631
v -0.45685 1.07798 0.03968
v -0.45064 1.07554 0.02459
v -0.44008 1.07204 0.01280
v -0.42672 1.06795 0.00482
v -0.41143 1.06352 0.00134
v -0.44571 0.94075 0.00888
v -0.43085 0.93675 0.01212
v -0.41832 0.93366 0.02079
v -0.40927 0.93169 0.03294
v -0.40395 0.93087 0.04719
v -0.40312 0.93136 0.06263
v -0.40780 0.93335 0.07748
v -0.41778 0.93668 0.08917
v -0.43114 0.94073 0.09600
v -0.44571 0.94489 0.09793
v -0.46022 0.94882 0.09542
v -0.47352 0.95220 0.08829
v -0.48363 0.95447 0.07650
v -0.48852 0.95514 0.06156
v -0.48768 0.95419 0.04607
v -0.48216 0.95199 0.03199
v -0.47297 0.94888 0.02025
v -0.46051 0.94502 0.01194
v -0.44571 0.94075 0.00888
v -0.48000 0.81803 0.01770
v -0.46632 0.81438 0.02121
v -0.45451 0.81144 0.02883
v -0.44525 0.80936 0.03965
v -0.43969 0.80843 0.05315
v -0.43936 0.80903 0.06796
v -0.44467 0.81115 0.08161
v -0.45430 0.81432 0.09210
v -0.46644 0.81802 0.09882
v -0.48000 0.82194 0.10161
v -0.49400 0.82575 0.09970
v -0.50652 0.82891 0.09244
v -0.51533 0.83082 0.08069
v -0.51938 0.83130 0.06669
v -0.51905 0.83054 0.05235
v -0.51475 0.82871 0.03875
v -0.50631 0.82581 0.02715
v -0.49411 0.82206 0.01961
v -0.48000 0.81803 0.01770
f 1 20 21 2
f 2 21 22 3
f 3 22 23 4
f 4 23 24 5
f 5 24 25 6
f 6 25 26 7
f 7 26 27 8
f 8 27 28 9
f 9 28 29 10
f 10 29 30 11
f 11 30 31 12
f 12 31 32 13
f 13 32 33 14
f 14 33 34 15
f 15 34 35 16
f 16 35 36 17
f 17 36 37 18
f 18 37 38 19
f 20 39 40 21
f 21 40 41 22
f 22 41 42 23
f 23 42 43 24
f 24 43 44 25
f 25 44 45 26
f 26 45 46 27
f 27 46 47 28
f 28 47 48 29
f 29 48 49 30
f 30 49 50 31
f 31 50 51 32
f 32 51 52 33
f 33 52 53 34
f 34 53 54 35
f 35 54 55 36
f 36 55 56 37
f 37 56 57 38
f 39 58 59 40
f 40 59 60 41
f 41 60 61 42
f 42 61 62 43
f 43 62 63 44
f 44 63 64 45
f 45 64 65 46
f 46 65 66 47
f 47 66 67 48
f 48 67 68 49
f 49 68 69 50
f 50 69 70 51
f 51 70 71 52
f 52 71 72 53
f 53 72 73 54
f 54 73 74 55
f 55 74 75 56
f 56 75 76 57
f 58 77 78 59
f 59 78 79 60
f 60 79 80 61
f 61 80 81 62
f 62 81 82 63
f 63 82 83 64
f 64 83 84 65
f 65 84 85 66
f 66 85 86 67
f 67 86 87 68
f 68 87 88 69
f 69 88 89 70
f 70 89 90 71
f 71 90 91 72
f 72 91 92 73
f 73 92 93 74
f 74 93 94 75
f 75 94 95 76
f 77 96 97 78
f 78 97 98 79
f 79 98 99 80
f 80 99 100 81
f 81 100 101 82
f 82 101 102 83
f 83 102 103 84
f 84 103 104 85
f 85 104 105 86
f 86 105 106 87
f 87 106 107 88
f 88 107 108 89
f 89 108 109 90
f 90 109 110 91
f 91 110 111 92
f 92 111 112 93
f 93 112 113 94
f 94 113 114 95
f 96 115 116 97
f 97 116 117 98
f 98 117 118 99
f 99 118 119 100
f 100 119 120 101
f 101 120 121 102
f 102 121 122 103
f 103 122 123 104
f 104 123 124 105
f 105 124 125 106
f 106 125 126 107
f 107 126 127 108
f 108 127 128 109
f 109 128 129 110
f 110 129 130 111
f 111 130 131 112
f 112 131 132 113
f 113 132 133 114
f 115 134 135 116
f 116 135 136 117
f 117 136 137 118
f 118 137 138 119
f 119 138 139 120
f 120 139 140 121
f 121 140 141 122
f 122 141 142 123
f 123 142 143 124
f 124 143 144 125
f 125 144 145 126
f 126 145 146 127
f 127 146 147 128
f 128 147 148 129
f 129 148 149 130
f 130 149 150 131
f 131 150 151 132
f 132 151 152 133
o skin_forearm_long_-1
g skin_forearm_long_-1
v -0.48000 0.81702 0.01309
v -0.46378 0.81509 0.01529
v -0.44951 0.81381 0.02369
v -0.43962 0.81339 0.03687
v -0.43488 0.81377 0.05236
v -0.43488 0.81479 0.06837
v -0.43962 0.81637 0.08378
v -0.44951 0.81846 0.09680
v -0.46378 0.82080 0.10497
v -0.48000 0.82298 0.10691
v -0.49567 0.82474 0.10319
v -0.50945 0.82598 0.09507
v -0.52038 0.82661 0.08313
v -0.52671 0.82645 0.06791
v -0.52671 0.82539 0.05134
v -0.52038 0.82363 0.03622
v -0.50945 0.82149 0.02445
v -0.49567 0.81923 0.01656
v -0.48000 0.81702 0.01309
v -0.50000 0.65997 0.02466
v -0.48466 0.65821 0.02772
v -0.47171 0.65711 0.03631
v -0.46244 0.65671 0.04849
v -0.45709 0.65693 0.06273
v -0.45625 0.65781 0.07811
v -0.46097 0.65935 0.09298
v -0.47117 0.66140 0.10480
v -0.48495 0.66360 0.11172
v -0.50000 0.66563 0.11363
v -0.51490 0.66737 0.11107
v -0.52856 0.66866 0.10401
v -0.53903 0.66925 0.09235
v -0.54417 0.66896 0.07748
v -0.54334 0.66786 0.06196
v -0.53756 0.66623 0.04788
v -0.52801 0.66427 0.03619
v -0.51519 0.66211 0.02788
v -0.50000 0.65997 0.02466
v -0.52000 0.50301 0.03749
v -0.50583 0.50143 0.04096
v -0.49366 0.50037 0.04864
v -0.48418 0.49985 0.05949
v -0.47845 0.49998 0.07296
v -0.47801 0.50087 0.08779
v -0.48340 0.50243 0.10155
v -0.49337 0.50437 0.11214
v -0.50599 0.50640 0.11884
v -0.52000 0.50836 0.12160
v -0.53443 0.51008 0.11977
v -0.54741 0.51128 0.11264
v -0.55660 0.51171 0.10096
v -0.56079 0.51135 0.08691
v -0.56035 0.51037 0.07252
v -0.55582 0.50893 0.05891
v -0.54712 0.50708 0.04727
v -0.53458 0.50500 0.03957
v -0.52000 0.50301 0.03749
v -0.54000 0.34608 0.05089
v -0.52679 0.34457 0.05359
v -0.51484 0.34346 0.06004
v -0.50543 0.34291 0.07020
v -0.50044 0.34311 0.08330
v -0.50095 0.34406 0.09724
v -0.50633 0.34555 0.10983
v -0.51517 0.34732 0.11997
v -0.52661 0.34923 0.12711
v -0.54000 0.35113 0.13015
v -0.55374 0.35273 0.12786
v -0.56549 0.35375 0.12035
v -0.57367 0.35408 0.10929
v -0.57804 0.35382 0.09644
v -0.57855 0.35302 0.08285
v -0.57457 0.35168 0.06964
v -0.56582 0.34987 0.05883
v -0.55356 0.34791 0.05240
v -0.54000 0.34608 0.05089
v -0.56000 0.18910 0.06347
v -0.54737 0.18761 0.06520
v -0.53584 0.18652 0.07122
v -0.52738 0.18609 0.08132
v -0.52351 0.18639 0.09382
v -0.52417 0.18729 0.10665
v -0.52855 0.18860 0.11852
v -0.53627 0.19023 0.12864
v -0.54714 0.19206 0.13564
v -0.56000 0.19384 0.13789
v -0.57267 0.19526 0.13493
v -0.58339 0.19618 0.12785
v -0.59145 0.19658 0.11801
v -0.59636 0.19645 0.10616
v -0.59702 0.19570 0.09313
v -0.59262 0.19436 0.08079
v -0.58382 0.19263 0.07125
v -0.57244 0.19082 0.06550
v -0.56000 0.18910 0.06347
v -0.58000 0.03207 0.07511
v -0.56795 0.03064 0.07680
v -0.55742 0.02970 0.08312
v -0.55014 0.02940 0.09290
v -0.54658 0.02967 0.10434
v -0.54648 0.03042 0.11622
v -0.54997 0.03159 0.12769
v -0.55736 0.03314 0.13733
v -0.56799 0.03488 0.14330
v -0.58000 0.03649 0.14469
v -0.59161 0.03780 0.14199
v -0.60188 0.03873 0.13605
v -0.61003 0.03920 0.12720
v -0.61469 0.03907 0.11587
v -0.61459 0.03828 0.10359
v -0.60986 0.03697 0.09242
v -0.60181 0.03539 0.08367
v -0.59164 0.03371 0.07773
v -0.58000 0.03207 0.07511
v -0.60000 -0.12496 0.08700
v -0.58886 -0.12623 0.08930
v -0.57948 -0.12702 0.09556
v -0.57269 -0.12733 0.10436
v -0.56871 -0.12718 0.11470
v -0.56808 -0.12654 0.12592
v -0.57159 -0.12541 0.13673
v -0.57907 -0.12391 0.14527
v -0.58908 -0.12232 0.15027
v -0.60000 -0.12084 0.15172
v -0.61087 -0.11957 0.14995
v -0.62083 -0.11863 0.14481
v -0.62841 -0.11821 0.13627
v -0.63207 -0.11843 0.12543
v -0.63144 -0.11923 0.11417
v -0.62731 -0.12040 0.10392
v -0.62042 -0.12183 0.09535
v -0.61109 -0.12340 0.08927
v -0.60000 -0.12496 0.08700
v -0.62000 -0.28192 0.09981
v -0.60994 -0.28304 0.10228
v -0.60125 -0.28381 0.10767
v -0.59444 -0.28418 0.11536
v -0.59035 -0.28409 0.12498
v -0.59011 -0.28345 0.13554
v -0.59401 -0.28233 0.14530
v -0.60109 -0.28095 0.15282
v -0.61002 -0.27951 0.15765
v -0.62000 -0.27811 0.15969
v -0.63030 -0.27688 0.15838
v -0.63951 -0.27604 0.15323
v -0.64599 -0.27575 0.14488
v -0.64897 -0.27600 0.13490
v -0.64873 -0.27668 0.12467
v -0.64556 -0.27770 0.11495
v -0.63935 -0.27902 0.10664
v -0.63038 -0.28051 0.10122
v -0.62000 -0.28192 0.09981
f 1 20 21 2
f 2 21 22 3
f 3 22 23 4
f 4 23 24 5
f 5 24 25 6
f 6 25 26 7
f 7 26 27 8
f 8 27 28 9
f 9 28 29 10
f 10 29 30 11
f 11 30 31 12
f 12 31 32 13
f 13 32 33 14
f 14 33 34 15
f 15 34 35 16
f 16 35 36 17
f 17 36 37 18
f 18 37 38 19
f 20 39 40 21
f 21 40 41 22
f 22 41 42 23
f 23 42 43 24
f 24 43 44 25
f 25 44 45 26
f 26 45 46 27
f 27 46 47 28
f 28 47 48 29
f 29 48 49 30
f 30 49 50 31
f 31 50 51 32
f 32 51 52 33
f 33 52 53 34
f 34 53 54 35
f 35 54 55 36
f 36 55 56 37
f 37 56 57 38
f 39 58 59 40
f 40 59 60 41
f 41 60 61 42
f 42 61 62 43
f 43 62 63 44
f 44 63 64 45
f 45 64 65 46
f 46 65 66 47
f 47 66 67 48
f 48 67 68 49
f 49 68 69 50
f 50 69 70 51
f 51 70 71 52
f 52 71 72 53
f 53 72 73 54
f 54 73 74 55
f 55 74 75 56
f 56 75 76 57
f 58 77 78 59
f 59 78 79 60
f 60 79 80 61
f 61 80 81 62
f 62 81 82 63
f 63 82 83 64
f 64 83 84 65
f 65 84 85 66
f 66 85 86 67
f 67 86 87 68
f 68 87 88 69
f 69 88 89 70
f 70 89 90 71
f 71 90 91 72
f 72 91 92 73
f 73 92 93 74
f 74 93 94 75
f 75 94 95 76
f 77 96 97 78
f 78 97 98 79
f 79 98 99 80
f 80 99 100 81
f 81 100 101 82
f 82 101 102 83
f 83 102 103 84
f 84 103 104 85
f 85 104 105 86
f 86 105 106 87
f 87 106 107 88
f 88 107 108 89
f 89 108 109 90
f 90 109 110 91
f 91 110 111 92
f 92 111 112 93
f 93 112 113 94
f 94 113 114 95
f 96 115 116 97
f 97 116 117 98
f 98 117 118 99
f 99 118 119 100
f 100 119 120 101
f 101 120 121 102
f 102 121 122 103
f 103 122 123 104
f 104 123 124 105
f 105 124 125 106
f 106 125 126 107
f 107 126 127 108
f 108 127 128 109
f 109 128 129 110
f 110 129 130 111
f 111 130 131 112
f 112 131 132 113
f 113 132 133 114
f 115 134 135 116
f 116 135 136 117
f 117 136 137 118
f 118 137 138 119
f 119 138 139 120
f 120 139 140 121
f 121 140 141 122
f 122 141 142 123
f 123 142 143 124
f 124 143 144 125
f 125 144 145 126
f 126 145 146 127
f 127 146 147 128
f 128 147 148 129
f 129 148 149 130
f 130 149 150 131
f 131 150 151 132
f 132 151 152 133
o skin_hand_withered_-1
g skin_hand_withered_-1
v -0.64000 -0.47750 0.14000
v -0.64000 -0.48002 0.14000
v -0.64000 -0.47686 0.14000
v -0.64000 -0.47581 0.14000
v -0.64000 -0.47994 0.14000
v -0.64000 -0.48036 0.14000
v -0.64000 -0.47707 0.14000
v -0.64000 -0.47889 0.14000
v -0.64000 -0.48273 0.14000
v -0.64000 -0.48078 0.14000
v -0.64000 -0.47880 0.14000
v -0.64000 -0.48254 0.14000
v -0.64000 -0.48420 0.14000
v -0.64000 -0.48068 0.14000
v -0.64000 -0.48084 0.14000
v -0.64000 -0.48466 0.14000
v -0.64000 -0.48330 0.14000
v -0.64000 -0.47981 0.14000
v -0.64000 -0.48201 0.14000
v -0.62233 -0.47890 0.14000
v -0.62338 -0.47900 0.14440
v -0.62694 -0.47541 0.14797
v -0.63137 -0.47656 0.15087
v -0.63691 -0.47950 0.15274
v -0.64301 -0.47686 0.15240
v -0.64841 -0.47416 0.15060
v -0.65326 -0.47688 0.14809
v -0.65640 -0.47765 0.14434
v -0.65672 -0.47356 0.14000
v -0.65563 -0.47307 0.13586
v -0.65317 -0.47619 0.13196
v -0.64844 -0.47450 0.12936
v -0.64282 -0.47098 0.12835
v -0.63711 -0.47304 0.12809
v -0.63150 -0.47518 0.12929
v -0.62742 -0.47192 0.13232
v -0.62477 -0.47069 0.13597
v -0.62313 -0.47438 0.14000
v -0.60753 -0.46126 0.14000
v -0.61032 -0.45905 0.14786
v -0.61645 -0.45693 0.15437
v -0.62410 -0.45958 0.16003
v -0.63440 -0.46067 0.16309
v -0.64540 -0.45775 0.16225
v -0.65558 -0.45798 0.15962
v -0.66489 -0.46131 0.15519
v -0.67026 -0.46058 0.14801
v -0.67129 -0.45829 0.14000
v -0.67031 -0.46071 0.13198
v -0.66544 -0.46312 0.12447
v -0.65615 -0.46084 0.11965
v -0.64556 -0.46018 0.11705
v -0.63420 -0.46357 0.11608
v -0.62325 -0.46384 0.11890
v -0.61520 -0.46100 0.12487
v -0.60913 -0.46220 0.13183
v -0.60607 -0.46492 0.14000
v -0.59389 -0.44091 0.14000
v -0.59809 -0.43892 0.15109
v -0.60572 -0.43911 0.16092
v -0.61674 -0.44145 0.16930
v -0.63202 -0.44074 0.17293
v -0.64773 -0.43879 0.17188
v -0.66278 -0.44018 0.16869
v -0.67566 -0.44149 0.16176
v -0.68222 -0.43936 0.15118
v -0.68419 -0.43837 0.14000
v -0.68291 -0.44032 0.12864
v -0.67480 -0.44001 0.11876
v -0.66176 -0.43749 0.11259
v -0.64762 -0.43797 0.10857
v -0.63216 -0.43962 0.10768
v -0.61809 -0.43790 0.11240
v -0.60739 -0.43623 0.12010
v -0.59873 -0.43801 0.12908
v -0.59561 -0.43864 0.14000
v -0.58766 -0.41092 0.14000
v -0.59267 -0.40975 0.15253
v -0.60059 -0.41039 0.16405
v -0.61373 -0.41104 0.17309
v -0.63120 -0.40993 0.17628
v -0.64867 -0.40948 0.17574
v -0.66592 -0.41063 0.17266
v -0.67973 -0.41064 0.16425
v -0.68696 -0.40953 0.15243
v -0.69082 -0.41002 0.14000
v -0.68955 -0.41115 0.12688
v -0.67957 -0.41051 0.11585
v -0.66531 -0.40991 0.10811
v -0.64914 -0.41110 0.10230
v -0.63070 -0.41165 0.10162
v -0.61406 -0.41065 0.10733
v -0.60006 -0.41080 0.11563
v -0.58895 -0.41210 0.12649
v -0.58619 -0.41179 0.14000
v -0.58548 -0.38000 0.14000
v -0.58916 -0.38000 0.15346
v -0.59675 -0.38000 0.16639
v -0.61166 -0.38000 0.17570
v -0.63048 -0.38000 0.17927
v -0.64968 -0.38000 0.17992
v -0.66883 -0.38000 0.17632
v -0.68317 -0.38000 0.16635
v -0.69170 -0.38000 0.15368
v -0.69679 -0.38000 0.14000
v -0.69391 -0.38000 0.12573
v -0.68223 -0.38000 0.11423
v -0.66746 -0.38000 0.10541
v -0.64985 -0.38000 0.09936
v -0.63032 -0.38000 0.10008
v -0.61318 -0.38000 0.10622
v -0.59809 -0.38000 0.11442
v -0.58758 -0.38000 0.12613
v -0.58630 -0.38000 0.14000
v -0.58843 -0.34953 0.14000
v -0.59113 -0.34927 0.15294
v -0.59905 -0.34842 0.16499
v -0.61406 -0.34935 0.17268
v -0.63125 -0.35025 0.17607
v -0.64901 -0.34934 0.17717
v -0.66619 -0.34906 0.17299
v -0.67850 -0.35031 0.16350
v -0.68717 -0.35034 0.15249
v -0.69214 -0.34920 0.14000
v -0.68836 -0.34960 0.12720
v -0.67817 -0.35056 0.11671
v -0.66564 -0.34971 0.10771
v -0.64916 -0.34885 0.10224
v -0.63111 -0.34975 0.10333
v -0.61461 -0.35000 0.10801
v -0.59937 -0.34867 0.11521
v -0.58993 -0.34852 0.12675
v -0.58842 -0.34953 0.14000
v -0.59725 -0.32353 0.14000
v -0.59824 -0.32130 0.15105
v -0.60536 -0.32026 0.16114
v -0.61811 -0.32218 0.16757
v -0.63235 -0.32184 0.17153
v -0.64797 -0.31934 0.17289
v -0.66276 -0.31987 0.16867
v -0.67388 -0.32158 0.16068
v -0.68273 -0.31993 0.15131
v -0.68665 -0.31838 0.14000
v -0.68248 -0.32028 0.12875
v -0.67420 -0.32102 0.11913
v -0.66314 -0.31887 0.11085
v -0.64802 -0.31902 0.10694
v -0.63230 -0.32142 0.10824
v -0.61761 -0.32085 0.11180
v -0.60473 -0.31919 0.11848
v -0.59799 -0.32095 0.12888
v -0.59661 -0.32268 0.14000
v -0.60753 -0.29874 0.14000
v -0.60845 -0.29598 0.14835
v -0.61472 -0.29743 0.15543
v -0.62411 -0.30047 0.16002
v -0.63437 -0.29886 0.16322
v -0.64574 -0.29733 0.16366
v -0.65589 -0.30045 0.16002
v -0.66392 -0.30185 0.15460
v -0.67036 -0.29914 0.14804
v -0.67218 -0.29946 0.14000
v -0.66902 -0.30272 0.13232
v -0.66396 -0.30174 0.12538
v -0.65616 -0.29912 0.11964
v -0.64547 -0.30110 0.11742
v -0.63465 -0.30293 0.11794
v -0.62402 -0.30000 0.11987
v -0.61511 -0.29870 0.12481
v -0.61049 -0.30142 0.13219
v -0.60842 -0.30098 0.14000
v -0.62340 -0.28712 0.14000
v -0.62398 -0.28462 0.14424
v -0.62734 -0.28751 0.14773
v -0.63181 -0.28833 0.15032
v -0.63703 -0.28430 0.15225
v -0.64298 -0.28388 0.15230
v -0.64831 -0.28697 0.15047
v -0.65298 -0.28517 0.14792
v -0.65653 -0.28157 0.14438
v -0.65724 -0.28353 0.14000
v -0.65588 -0.28545 0.13580
v -0.65342 -0.28198 0.13181
v -0.64888 -0.28059 0.12881
v -0.64298 -0.28409 0.12772
v -0.63702 -0.28403 0.12772
v -0.63111 -0.28056 0.12881
v -0.62659 -0.28207 0.13182
v -0.62413 -0.28549 0.13580
v -0.62275 -0.28348 0.14000
v -0.64000 -0.27586 0.14000
v -0.64000 -0.27598 0.14000
v -0.64000 -0.27991 0.14000
v -0.64000 -0.27879 0.14000
v -0.64000 -0.27586 0.14000
v -0.64000 -0.27880 0.14000
v -0.64000 -0.28169 0.14000
v -0.64000 -0.27885 0.14000
v -0.64000 -0.27813 0.14000
v -0.64000 -0.28243 0.14000
v -0.64000 -0.28283 0.14000
v -0.64000 -0.27950 0.14000
v -0.64000 -0.28122 0.14000
v -0.64000 -0.28476 0.14000
v -0.64000 -0.28240 0.14000
v -0.64000 -0.28005 0.14000
v -0.64000 -0.28334 0.14000
v -0.64000 -0.28442 0.14000
v -0.64000 -0.28037 0.14000
f 1 20 21 2
f 2 21 22 3
f 3 22 23 4
f 4 23 24 5
f 5 24 25 6
f 6 25 26 7
f 7 26 27 8
f 8 27 28 9
f 9 28 29 10
f 10 29 30 11
f 11 30 31 12
f 12 31 32 13
f 13 32 33 14
f 14 33 34 15
f 15 34 35 16
f 16 35 36 17
f 17 36 37 18
f 18 37 38 19
f 20 39 40 21
f 21 40 41 22
f 22 41 42 23
f 23 42 43 24
f 24 43 44 25
f 25 44 45 26
f 26 45 46 27
f 27 46 47 28
f 28 47 48 29
f 29 48 49 30
f 30 49 50 31
f 31 50 51 32
f 32 51 52 33
f 33 52 53 34
f 34 53 54 35
f 35 54 55 36
f 36 55 56 37
f 37 56 57 38
f 39 58 59 40
f 40 59 60 41
f 41 60 61 42
f 42 61 62 43
f 43 62 63 44
f 44 63 64 45
f 45 64 65 46
f 46 65 66 47
f 47 66 67 48
f 48 67 68 49
f 49 68 69 50
f 50 69 70 51
f 51 70 71 52
f 52 71 72 53
f 53 72 73 54
f 54 73 74 55
f 55 74 75 56
f 56 75 76 57
f 58 77 78 59
f 59 78 79 60
f 60 79 80 61
f 61 80 81 62
f 62 81 82 63
f 63 82 83 64
f 64 83 84 65
f 65 84 85 66
f 66 85 86 67
f 67 86 87 68
f 68 87 88 69
f 69 88 89 70
f 70 89 90 71
f 71 90 91 72
f 72 91 92 73
f 73 92 93 74
f 74 93 94 75
f 75 94 95 76
f 77 96 97 78
f 78 97 98 79
f 79 98 99 80
f 80 99 100 81
f 81 100 101 82
f 82 101 102 83
f 83 102 103 84
f 84 103 104 85
f 85 104 105 86
f 86 105 106 87
f 87 106 107 88
f 88 107 108 89
f 89 108 109 90
f 90 109 110 91
f 91 110 111 92
f 92 111 112 93
f 93 112 113 94
f 94 113 114 95
f 96 115 116 97
f 97 116 117 98
f 98 117 118 99
f 99 118 119 100
f 100 119 120 101
f 101 120 121 102
f 102 121 122 103
f 103 122 123 104
f 104 123 124 105
f 105 124 125 106
f 106 125 126 107
f 107 126 127 108
f 108 127 128 109
f 109 128 129 110
f 110 129 130 111
f 111 130 131 112
f 112 131 132 113
f 113 132 133 114
f 115 134 135 116
f 116 135 136 117
f 117 136 137 118
f 118 137 138 119
f 119 138 139 120
f 120 139 140 121
f 121 140 141 122
f 122 141 142 123
f 123 142 143 124
f 124 143 144 125
f 125 144 145 126
f 126 145 146 127
f 127 146 147 128
f 128 147 148 129
f 129 148 149 130
f 130 149 150 131
f 131 150 151 132
f 132 151 152 133
f 134 153 154 135
f 135 154 155 136
f 136 155 156 137
f 137 156 157 138
f 138 157 158 139
f 139 158 159 140
f 140 159 160 141
f 141 160 161 142
f 142 161 162 143
f 143 162 163 144
f 144 163 164 145
f 145 164 165 146
f 146 165 166 147
f 147 166 167 148
f 148 167 168 149
f 149 168 169 150
f 150 169 170 151
f 151 170 171 152
f 153 172 173 154
f 154 173 174 155
f 155 174 175 156
f 156 175 176 157
f 157 176 177 158
f 158 177 178 159
f 159 178 179 160
f 160 179 180 161
f 161 180 181 162
f 162 181 182 163
f 163 182 183 164
f 164 183 184 165
f 165 184 185 166
f 166 185 186 167
f 167 186 187 168
f 168 187 188 169
f 169 188 189 170
f 170 189 190 171
f 172 191 192 173
f 173 192 193 174
f 174 193 194 175
f 175 194 195 176
f 176 195 196 177
f 177 196 197 178
f 178 197 198 179
f 179 198 199 180
f 180 199 200 181
f 181 200 201 182
f 182 201 202 183
f 183 202 203 184
f 184 203 204 185
f 185 204 205 186
f 186 205 206 187
f 187 206 207 188
f 188 207 208 189
f 189 208 209 190
o claw_hand_-1_0
g claw_hand_-1_0
v -0.58000 -0.83000 0.24000
v -0.58000 -0.48000 0.17000
v -0.56500 -0.48000 0.17000
v -0.56939 -0.48000 0.18061
v -0.58000 -0.48000 0.18500
v -0.59061 -0.48000 0.18061
v -0.59500 -0.48000 0.17000
v -0.59061 -0.48000 0.15939
v -0.58000 -0.48000 0.15500
v -0.56939 -0.48000 0.15939
v -0.56500 -0.48000 0.17000
f 1 3 4
f 2 4 3
f 1 4 5
f 2 5 4
f 1 5 6
f 2 6 5
f 1 6 7
f 2 7 6
f 1 7 8
f 2 8 7
f 1 8 9
f 2 9 8
f 1 9 10
f 2 10 9
f 1 10 11
f 2 11 10
o claw_hand_-1_1
g claw_hand_-1_1
v -0.63500 -0.83000 0.24000
v -0.62500 -0.48000 0.17000
v -0.61000 -0.48000 0.17000
v -0.61439 -0.48000 0.18061
v -0.62500 -0.48000 0.18500
v -0.63561 -0.48000 0.18061
v -0.64000 -0.48000 0.17000
v -0.63561 -0.48000 0.15939
v -0.62500 -0.48000 0.15500
v -0.61439 -0.48000 0.15939
v -0.61000 -0.48000 0.17000
f 1 3 4
f 2 4 3
f 1 4 5
f 2 5 4
f 1 5 6
f 2 6 5
f 1 6 7
f 2 7 6
f 1 7 8
f 2 8 7
f 1 8 9
f 2 9 8
f 1 9 10
f 2 10 9
f 1 10 11
f 2 11 10
o claw_hand_-1_2
g claw_hand_-1_2
v -0.69000 -0.83000 0.24000
v -0.67000 -0.48000 0.17000
v -0.65500 -0.48000 0.17000
v -0.65939 -0.48000 0.18061
v -0.67000 -0.48000 0.18500
v -0.68061 -0.48000 0.18061
v -0.68500 -0.48000 0.17000
v -0.68061 -0.48000 0.15939
v -0.67000 -0.48000 0.15500
v -0.65939 -0.48000 0.15939
v -0.65500 -0.48000 0.17000
f 1 3 4
f 2 4 3
f 1 4 5
f 2 5 4
f 1 5 6
f 2 6 5
f 1 6 7
f 2 7 6
f 1 7 8
f 2 8 7
f 1 8 9
f 2 9 8
f 1 9 10
f 2 10 9
f 1 10 11
f 2 11 10
o claw_hand_-1_3
g claw_hand_-1_3
v -0.74500 -0.83000 0.24000
v -0.71500 -0.48000 0.17000
v -0.70000 -0.48000 0.17000
v -0.70439 -0.48000 0.18061
v -0.71500 -0.48000 0.18500
v -0.72561 -0.48000 0.18061
v -0.73000 -0.48000 0.17000
v -0.72561 -0.48000 0.15939
v -0.71500 -0.48000 0.15500
v -0.70439 -0.48000 0.15939
v -0.70000 -0.48000 0.17000
f 1 3 4
f 2 4 3
f 1 4 5
f 2 5 4
f 1 5 6
f 2 6 5
f 1 6 7
f 2 7 6
f 1 7 8
f 2 8 7
f 1 8 9
f 2 9 8
f 1 9 10
f 2 10 9
f 1 10 11
f 2 11 10
o skin_thigh_-1
g skin_thigh_-1
v -0.14000 0.37070 -0.07442
v -0.11397 0.36928 -0.07092
v -0.09108 0.36931 -0.05757
v -0.07521 0.37079 -0.03664
v -0.06760 0.37332 -0.01206
v -0.06760 0.37650 0.01334
v -0.07521 0.38009 0.03778
v -0.09108 0.38381 0.05843
v -0.11397 0.38706 0.07137
v -0.14000 0.38930 0.07442
v -0.16514 0.39036 0.06850
v -0.18726 0.39033 0.05561
v -0.20479 0.38921 0.03664
v -0.21495 0.38691 0.01249
v -0.21495 0.38363 -0.01381
v -0.20479 0.37991 -0.03778
v -0.18726 0.37632 -0.05644
v -0.16514 0.37318 -0.06894
v -0.14000 0.37070 -0.07442
v -0.14571 0.29093 -0.06253
v -0.12089 0.28977 -0.05762
v -0.09995 0.29000 -0.04385
v -0.08495 0.29136 -0.02436
v -0.07629 0.29359 -0.00157
v -0.07493 0.29657 0.02304
v -0.08257 0.30009 0.04682
v -0.09907 0.30363 0.06571
v -0.12136 0.30661 0.07677
v -0.14571 0.30872 0.07979
v -0.16983 0.30993 0.07569
v -0.19191 0.31010 0.06436
v -0.20885 0.30897 0.04571
v -0.21718 0.30659 0.02191
v -0.21583 0.30339 -0.00291
v -0.20648 0.29991 -0.02543
v -0.19103 0.29647 -0.04412
v -0.17030 0.29333 -0.05740
v -0.14571 0.29093 -0.06253
v -0.15143 0.21142 -0.04863
v -0.12830 0.21047 -0.04302
v -0.10843 0.21060 -0.03060
v -0.09295 0.21169 -0.01307
v -0.08359 0.21374 0.00870
v -0.08287 0.21668 0.03263
v -0.09168 0.22009 0.05484
v -0.10796 0.22338 0.07192
v -0.12855 0.22621 0.08273
v -0.15143 0.22840 0.08717
v -0.17499 0.22971 0.08418
v -0.19618 0.22978 0.07266
v -0.21118 0.22849 0.05379
v -0.21803 0.22614 0.03110
v -0.21731 0.22319 0.00787
v -0.20990 0.21991 -0.01410
v -0.19571 0.21655 -0.03288
v -0.17524 0.21354 -0.04529
v -0.15143 0.21142 -0.04863
v -0.15714 0.13203 -0.03379
v -0.13535 0.13102 -0.02936
v -0.11565 0.13093 -0.01883
v -0.10013 0.13190 -0.00224
v -0.09189 0.13398 0.01913
v -0.09273 0.13688 0.04186
v -0.10161 0.14008 0.06238
v -0.11619 0.14319 0.07890
v -0.13506 0.14599 0.09054
v -0.15714 0.14819 0.09549
v -0.17980 0.14934 0.09173
v -0.19918 0.14919 0.07947
v -0.21268 0.14789 0.06141
v -0.21988 0.14579 0.04045
v -0.22072 0.14308 0.01829
v -0.21416 0.13992 -0.00325
v -0.19973 0.13668 -0.02086
v -0.17951 0.13393 -0.03133
v -0.15714 0.13203 -0.03379
v -0.16286 0.05247 -0.02026
v -0.14179 0.05132 -0.01739
v -0.12255 0.05119 -0.00743
v -0.10845 0.05227 0.00923
v -0.10198 0.05438 0.02986
v -0.10308 0.05711 0.05101
v -0.11039 0.06008 0.07059
v -0.12327 0.06308 0.08728
v -0.14141 0.06582 0.09881
v -0.16286 0.06781 0.10250
v -0.18400 0.06871 0.09760
v -0.20187 0.06853 0.08591
v -0.21532 0.06746 0.06967
v -0.22351 0.06560 0.05011
v -0.22461 0.06299 0.02862
v -0.21726 0.05992 0.00827
v -0.20259 0.05691 -0.00746
v -0.18362 0.05437 -0.01692
v -0.16286 0.05247 -0.02026
v -0.16857 -0.02729 -0.00829
v -0.14822 -0.02839 -0.00545
v -0.13043 -0.02834 0.00511
v -0.11812 -0.02717 0.02147
v -0.11210 -0.02521 0.04059
v -0.11194 -0.02274 0.06043
v -0.11783 -0.01993 0.07959
v -0.13032 -0.01702 0.09569
v -0.14828 -0.01449 0.10565
v -0.16857 -0.01276 0.10795
v -0.18818 -0.01192 0.10343
v -0.20554 -0.01192 0.09350
v -0.21932 -0.01279 0.07870
v -0.22718 -0.01459 0.05976
v -0.22701 -0.01717 0.03924
v -0.21902 -0.02007 0.02058
v -0.20543 -0.02287 0.00598
v -0.18824 -0.02534 -0.00393
v -0.16857 -0.02729 -0.00829
v -0.17429 -0.10699 0.00405
v -0.15519 -0.10787 0.00798
v -0.13910 -0.10769 0.01860
v -0.12747 -0.10665 0.03353
v -0.12064 -0.10495 0.05106
v -0.11957 -0.10265 0.07008
v -0.12558 -0.09993 0.08840
v -0.13840 -0.09721 0.10286
v -0.15557 -0.09492 0.11133
v -0.17429 -0.09328 0.11377
v -0.19291 -0.09233 0.11075
v -0.21000 -0.09220 0.10203
v -0.22299 -0.09308 0.08754
v -0.22926 -0.09493 0.06916
v -0.22819 -0.09739 0.05007
v -0.22110 -0.10007 0.03270
v -0.20930 -0.10273 0.01819
v -0.19329 -0.10516 0.00790
v -0.17429 -0.10699 0.00405
v -0.18000 -0.18650 0.01798
v -0.16247 -0.18722 0.02223
v -0.14732 -0.18714 0.03155
v -0.13545 -0.18633 0.04481
v -0.12832 -0.18477 0.06139
v -0.12790 -0.18252 0.07960
v -0.13471 -0.17993 0.09641
v -0.14705 -0.17743 0.10936
v -0.16261 -0.17528 0.11767
v -0.18000 -0.17360 0.12117
v -0.19795 -0.17261 0.11889
v -0.21400 -0.17257 0.11001
v -0.22529 -0.17356 0.09561
v -0.23049 -0.17534 0.07841
v -0.23007 -0.17758 0.06078
v -0.22455 -0.18007 0.04402
v -0.21373 -0.18263 0.02972
v -0.19809 -0.18491 0.02039
v -0.18000 -0.18650 0.01798
f 1 20 21 2
f 2 21 22 3
f 3 22 23 4
f 4 23 24 5
f 5 24 25 6
f 6 25 26 7
f 7 26 27 8
f 8 27 28 9
f 9 28 29 10
f 10 29 30 11
f 11 30 31 12
f 12 31 32 13
f 13 32 33 14
f 14 33 34 15
f 15 34 35 16
f 16 35 36 17
f 17 36 37 18
f 18 37 38 19
f 20 39 40 21
f 21 40 41 22
f 22 41 42 23
f 23 42 43 24
f 24 43 44 25
f 25 44 45 26
f 26 45 46 27
f 27 46 47 28
f 28 47 48 29
f 29 48 49 30
f 30 49 50 31
f 31 50 51 32
f 32 51 52 33
f 33 52 53 34
f 34 53 54 35
f 35 54 55 36
f 36 55 56 37
f 37 56 57 38
f 39 58 59 40
f 40 59 60 41
f 41 60 61 42
f 42 61 62 43
f 43 62 63 44
f 44 63 64 45
f 45 64 65 46
f 46 65 66 47
f 47 66 67 48
f 48 67 68 49
f 49 68 69 50
f 50 69 70 51
f 51 70 71 52
f 52 71 72 53
f 53 72 73 54
f 54 73 74 55
f 55 74 75 56
f 56 75 76 57
f 58 77 78 59
f 59 78 79 60
f 60 79 80 61
f 61 80 81 62
f 62 81 82 63
f 63 82 83 64
f 64 83 84 65
f 65 84 85 66
f 66 85 86 67
f 67 86 87 68
f 68 87 88 69
f 69 88 89 70
f 70 89 90 71
f 71 90 91 72
f 72 91 92 73
f 73 92 93 74
f 74 93 94 75
f 75 94 95 76
f 77 96 97 78
f 78 97 98 79
f 79 98 99 80
f 80 99 100 81
f 81 100 101 82
f 82 101 102 83
f 83 102 103 84
f 84 103 104 85
f 85 104 105 86
f 86 105 106 87
f 87 106 107 88
f 88 107 108 89
f 89 108 109 90
f 90 109 110 91
f 91 110 111 92
f 92 111 112 93
f 93 112 113 94
f 94 113 114 95
f 96 115 116 97
f 97 116 117 98
f 98 117 118 99
f 99 118 119 100
f 100 119 120 101
f 101 120 121 102
f 102 121 122 103
f 103 122 123 104
f 104 123 124 105
f 105 124 125 106
f 106 125 126 107
f 107 126 127 108
f 108 127 128 109
f 109 128 129 110
f 110 129 130 111
f 111 130 131 112
f 112 131 132 113
f 113 132 133 114
f 115 134 135 116
f 116 135 136 117
f 117 136 137 118
f 118 137 138 119
f 119 138 139 120
f 120 139 140 121
f 121 140 141 122
f 122 141 142 123
f 123 142 143 124
f 124 143 144 125
f 125 144 145 126
f 126 145 146 127
f 127 146 147 128
f 128 147 148 129
f 129 148 149 130
f 130 149 150 131
f 131 150 151 132
f 132 151 152 133
o skin_shin_digitigrade_-1
g skin_shin_digitigrade_-1
v -0.18000 -0.19494 0.02019
v -0.16192 -0.19484 0.02255
v -0.14601 -0.19268 0.03150
v -0.13499 -0.18885 0.04551
v -0.12970 -0.18409 0.06196
v -0.12970 -0.17899 0.07896
v -0.13499 -0.17391 0.09532
v -0.14601 -0.16939 0.10913
v -0.16192 -0.16627 0.11778
v -0.18000 -0.16506 0.11981
v -0.19747 -0.16567 0.11583
v -0.21283 -0.16775 0.10719
v -0.22501 -0.17115 0.09449
v -0.23207 -0.17577 0.07832
v -0.23207 -0.18105 0.06072
v -0.22501 -0.18609 0.04468
v -0.21283 -0.19024 0.03221
v -0.19747 -0.19326 0.02385
v -0.18000 -0.19494 0.02019
v -0.18286 -0.28023 0.04732
v -0.16567 -0.27982 0.05061
v -0.15116 -0.27754 0.05980
v -0.14077 -0.27399 0.07282
v -0.13477 -0.26962 0.08803
v -0.13383 -0.26473 0.10445
v -0.13913 -0.25979 0.12031
v -0.15055 -0.25563 0.13291
v -0.16599 -0.25291 0.14028
v -0.18286 -0.25174 0.14228
v -0.19956 -0.25201 0.13953
v -0.21486 -0.25377 0.13197
v -0.22659 -0.25712 0.11951
v -0.23236 -0.26169 0.10362
v -0.23142 -0.26669 0.08706
v -0.22494 -0.27141 0.07204
v -0.21424 -0.27551 0.05958
v -0.19988 -0.27864 0.05073
v -0.18286 -0.28023 0.04732
v -0.18571 -0.36512 0.07579
v -0.16975 -0.36453 0.07953
v -0.15603 -0.36251 0.08780
v -0.14535 -0.35936 0.09947
v -0.13889 -0.35523 0.11395
v -0.13838 -0.35048 0.12986
v -0.14447 -0.34584 0.14463
v -0.15571 -0.34206 0.15598
v -0.16992 -0.33944 0.16316
v -0.18571 -0.33803 0.16610
v -0.20198 -0.33808 0.16410
v -0.21661 -0.33990 0.15643
v -0.22696 -0.34332 0.14387
v -0.23169 -0.34769 0.12878
v -0.23119 -0.35234 0.11333
v -0.22608 -0.35689 0.09872
v -0.21628 -0.36097 0.08624
v -0.20215 -0.36391 0.07800
v -0.18571 -0.36512 0.07579
v -0.18857 -0.44982 0.10488
v -0.17359 -0.44944 0.10782
v -0.16003 -0.44779 0.11481
v -0.14936 -0.44485 0.12581
v -0.14369 -0.44079 0.13997
v -0.14427 -0.43625 0.15503
v -0.15038 -0.43197 0.16863
v -0.16041 -0.42835 0.17957
v -0.17339 -0.42561 0.18727
v -0.18857 -0.42413 0.19053
v -0.20416 -0.42436 0.18804
v -0.21749 -0.42635 0.17990
v -0.22677 -0.42963 0.16793
v -0.23172 -0.43364 0.15404
v -0.23230 -0.43802 0.13935
v -0.22778 -0.44245 0.12509
v -0.21786 -0.44628 0.11342
v -0.20396 -0.44882 0.10649
v -0.18857 -0.44982 0.10488
v -0.19143 -0.53479 0.13309
v -0.17700 -0.53470 0.13500
v -0.16382 -0.53316 0.14158
v -0.15416 -0.53018 0.15258
v -0.14973 -0.52625 0.16619
v -0.15049 -0.52203 0.18015
v -0.15549 -0.51799 0.19307
v -0.16431 -0.51440 0.20407
v -0.17674 -0.51170 0.21167
v -0.19143 -0.51049 0.21410
v -0.20591 -0.51098 0.21085
v -0.21815 -0.51288 0.20313
v -0.22737 -0.51579 0.19241
v -0.23297 -0.51948 0.17950
v -0.23373 -0.52371 0.16532
v -0.22870 -0.52790 0.15190
v -0.21865 -0.53135 0.14152
v -0.20565 -0.53365 0.13529
v -0.19143 -0.53479 0.13309
v -0.19429 -0.62006 0.16028
v -0.18041 -0.61996 0.16216
v -0.16828 -0.61828 0.16911
v -0.15989 -0.61533 0.17985
v -0.15578 -0.61170 0.19242
v -0.15567 -0.60779 0.20545
v -0.15969 -0.60389 0.21803
v -0.16820 -0.60043 0.22860
v -0.18045 -0.59806 0.23514
v -0.19429 -0.59715 0.23664
v -0.20766 -0.59760 0.23366
v -0.21949 -0.59916 0.22713
v -0.22889 -0.60177 0.21740
v -0.23425 -0.60532 0.20496
v -0.23413 -0.60937 0.19147
v -0.22869 -0.61323 0.17922
v -0.21942 -0.61641 0.16964
v -0.20770 -0.61875 0.16314
v -0.19429 -0.62006 0.16028
v -0.19714 -0.70525 0.18773
v -0.18419 -0.70491 0.19030
v -0.17328 -0.70319 0.19725
v -0.16539 -0.70053 0.20701
v -0.16076 -0.69724 0.21847
v -0.16003 -0.69354 0.23090
v -0.16410 -0.68981 0.24287
v -0.17280 -0.68669 0.25231
v -0.18444 -0.68464 0.25784
v -0.19714 -0.68374 0.25943
v -0.20978 -0.68392 0.25744
v -0.22137 -0.68524 0.25173
v -0.23018 -0.68779 0.24226
v -0.23444 -0.69125 0.23025
v -0.23371 -0.69502 0.21777
v -0.22890 -0.69859 0.20642
v -0.22089 -0.70170 0.19694
v -0.21003 -0.70407 0.19023
v -0.19714 -0.70525 0.18773
v -0.20000 -0.79014 0.21620
v -0.18817 -0.78970 0.21897
v -0.17796 -0.78822 0.22503
v -0.16995 -0.78591 0.23365
v -0.16515 -0.78283 0.24443
v -0.16486 -0.77929 0.25626
v -0.16945 -0.77586 0.26718
v -0.17778 -0.77307 0.27559
v -0.18827 -0.77110 0.28098
v -0.20000 -0.77003 0.28325
v -0.21210 -0.77007 0.28176
v -0.22293 -0.77144 0.27598
v -0.23055 -0.77400 0.26662
v -0.23405 -0.77723 0.25544
v -0.23377 -0.78068 0.24398
v -0.23005 -0.78407 0.23310
v -0.22275 -0.78710 0.22381
v -0.21220 -0.78927 0.21776
v -0.20000 -0.79014 0.21620
f 1 20 21 2
f 2 21 22 3
f 3 22 23 4
f 4 23 24 5
f 5 24 25 6
f 6 25 26 7
f 7 26 27 8
f 8 27 28 9
f 9 28 29 10
f 10 29 30 11
f 11 30 31 12
f 12 31 32 13
f 13 32 33 14
f 14 33 34 15
f 15 34 35 16
f 16 35 36 17
f 17 36 37 18
f 18 37 38 19
f 20 39 40 21
f 21 40 41 22
f 22 41 42 23
f 23 42 43 24
f 24 43 44 25
f 25 44 45 26
f 26 45 46 27
f 27 46 47 28
f 28 47 48 29
f 29 48 49 30
f 30 49 50 31
f 31 50 51 32
f 32 51 52 33
f 33 52 53 34
f 34 53 54 35
f 35 54 55 36
f 36 55 56 37
f 37 56 57 38
f 39 58 59 40
f 40 59 60 41
f 41 60 61 42
f 42 61 62 43
f 43 62 63 44
f 44 63 64 45
f 45 64 65 46
f 46 65 66 47
f 47 66 67 48
f 48 67 68 49
f 49 68 69 50
f 50 69 70 51
f 51 70 71 52
f 52 71 72 53
f 53 72 73 54
f 54 73 74 55
f 55 74 75 56
f 56 75 76 57
f 58 77 78 59
f 59 78 79 60
f 60 79 80 61
f 61 80 81 62
f 62 81 82 63
f 63 82 83 64
f 64 83 84 65
f 65 84 85 66
f 66 85 86 67
f 67 86 87 68
f 68 87 88 69
f 69 88 89 70
f 70 89 90 71
f 71 90 91 72
f 72 91 92 73
f 73 92 93 74
f 74 93 94 75
f 75 94 95 76
f 77 96 97 78
f 78 97 98 79
f 79 98 99 80
f 80 99 100 81
f 81 100 101 82
f 82 101 102 83
f 83 102 103 84
f 84 103 104 85
f 85 104 105 86
f 86 105 106 87
f 87 106 107 88
f 88 107 108 89
f 89 108 109 90
f 90 109 110 91
f 91 110 111 92
f 92 111 112 93
f 93 112 113 94
f 94 113 114 95
f 96 115 116 97
f 97 116 117 98
f 98 117 118 99
f 99 118 119 100
f 100 119 120 101
f 101 120 121 102
f 102 121 122 103
f 103 122 123 104
f 104 123 124 105
f 105 124 125 106
f 106 125 126 107
f 107 126 127 108
f 108 127 128 109
f 109 128 129 110
f 110 129 130 111
f 111 130 131 112
f 112 131 132 113
f 113 132 133 114
f 115 134 135 116
f 116 135 136 117
f 117 136 137 118
f 118 137 138 119
f 119 138 139 120
f 120 139 140 121
f 121 140 141 122
f 122 141 142 123
f 123 142 143 124
f 124 143 144 125
f 125 144 145 126
f 126 145 146 127
f 127 146 147 128
f 128 147 148 129
f 129 148 149 130
f 130 149 150 131
f 131 150 151 132
f 132 151 152 133
o skin_foot_long_-1
g skin_foot_long_-1
v -0.20000 -0.89900 0.42000
v -0.20000 -0.90001 0.42000
v -0.20000 -0.89874 0.42000
v -0.20000 -0.89833 0.42000
v -0.20000 -0.89998 0.42000
v -0.20000 -0.90015 0.42000
v -0.20000 -0.89883 0.42000
v -0.20000 -0.89956 0.42000
v -0.20000 -0.90109 0.42000
v -0.20000 -0.90031 0.42000
v -0.20000 -0.89952 0.42000
v -0.20000 -0.90102 0.42000
v -0.20000 -0.90168 0.42000
v -0.20000 -0.90027 0.42000
v -0.20000 -0.90034 0.42000
v -0.20000 -0.90187 0.42000
v -0.20000 -0.90132 0.42000
v -0.20000 -0.89992 0.42000
v -0.20000 -0.90080 0.42000
v -0.16819 -0.89840 0.42000
v -0.17018 -0.89831 0.44985
v -0.17665 -0.89679 0.47387
v -0.18462 -0.89712 0.49324
v -0.19451 -0.89817 0.50564
v -0.20533 -0.89707 0.50317
v -0.21490 -0.89597 0.49097
v -0.22349 -0.89701 0.47419
v -0.22904 -0.89731 0.44907
v -0.22962 -0.89576 0.42000
v -0.22773 -0.89563 0.39224
v -0.22343 -0.89692 0.36594
v -0.21506 -0.89637 0.34824
v -0.20505 -0.89512 0.34120
v -0.19481 -0.89605 0.33912
v -0.18467 -0.89701 0.34697
v -0.17723 -0.89588 0.36746
v -0.17234 -0.89553 0.39232
v -0.16929 -0.89708 0.42000
v -0.14304 -0.88848 0.42000
v -0.14757 -0.88790 0.47248
v -0.15812 -0.88734 0.51664
v -0.17158 -0.88842 0.55536
v -0.18995 -0.88893 0.57672
v -0.20973 -0.88801 0.57173
v -0.22815 -0.88815 0.55411
v -0.24496 -0.88935 0.52374
v -0.25464 -0.88908 0.47469
v -0.25644 -0.88822 0.42000
v -0.25445 -0.88897 0.36550
v -0.24548 -0.88969 0.31505
v -0.22874 -0.88874 0.28312
v -0.20984 -0.88833 0.26654
v -0.18981 -0.88933 0.26113
v -0.17077 -0.88923 0.28076
v -0.15702 -0.88805 0.32083
v -0.14683 -0.88829 0.36678
v -0.14183 -0.88908 0.42000
v -0.12379 -0.87578 0.42000
v -0.13136 -0.87513 0.48871
v -0.14432 -0.87505 0.54847
v -0.16246 -0.87555 0.59881
v -0.18720 -0.87527 0.61969
v -0.21232 -0.87470 0.61218
v -0.23626 -0.87502 0.59269
v -0.25676 -0.87535 0.55099
v -0.26718 -0.87481 0.48724
v -0.27047 -0.87460 0.42000
v -0.26886 -0.87518 0.35108
v -0.25619 -0.87519 0.29034
v -0.23537 -0.87465 0.25154
v -0.21250 -0.87490 0.22512
v -0.18703 -0.87547 0.21770
v -0.16340 -0.87516 0.24565
v -0.14502 -0.87486 0.29313
v -0.12988 -0.87545 0.34982
v -0.12405 -0.87573 0.42000
v -0.11933 -0.86000 0.42000
v -0.12629 -0.86000 0.49378
v -0.13808 -0.86000 0.56288
v -0.15843 -0.86000 0.61802
v -0.18597 -0.86000 0.63880
v -0.21389 -0.86000 0.63669
v -0.24160 -0.86000 0.61815
v -0.26378 -0.86000 0.56718
v -0.27541 -0.86000 0.49548
v -0.28123 -0.86000 0.42000
v -0.27865 -0.86000 0.34128
v -0.26240 -0.86000 0.27600
v -0.23960 -0.86000 0.23139
v -0.21415 -0.86000 0.19928
v -0.18574 -0.86000 0.19759
v -0.16066 -0.86000 0.23260
v -0.14002 -0.86000 0.28160
v -0.12397 -0.86000 0.34390
v -0.12052 -0.86000 0.42000
v -0.12744 -0.84497 0.42000
v -0.13303 -0.84524 0.48703
v -0.14349 -0.84472 0.55040
v -0.16325 -0.84478 0.59506
v -0.18775 -0.84539 0.61109
v -0.21241 -0.84520 0.61353
v -0.23695 -0.84470 0.59598
v -0.25525 -0.84506 0.54749
v -0.26622 -0.84540 0.48628
v -0.27316 -0.84485 0.42000
v -0.26990 -0.84459 0.35004
v -0.25510 -0.84510 0.29286
v -0.23616 -0.84502 0.24777
v -0.21311 -0.84437 0.21557
v -0.18700 -0.84449 0.21722
v -0.16360 -0.84492 0.24660
v -0.14256 -0.84447 0.28745
v -0.12757 -0.84404 0.34750
v -0.12515 -0.84450 0.42000
v -0.14366 -0.83183 0.42000
v -0.14617 -0.83136 0.47388
v -0.15459 -0.83036 0.52480
v -0.17103 -0.83103 0.55801
v -0.19017 -0.83170 0.57326
v -0.21015 -0.83078 0.57825
v -0.22952 -0.83048 0.56062
v -0.24347 -0.83163 0.52030
v -0.25315 -0.83172 0.47319
v -0.25844 -0.83078 0.42000
v -0.25393 -0.83130 0.36602
v -0.24232 -0.83238 0.32236
v -0.22818 -0.83182 0.28579
v -0.20997 -0.83128 0.26443
v -0.19040 -0.83235 0.27026
v -0.17283 -0.83283 0.29058
v -0.15687 -0.83185 0.32049
v -0.14725 -0.83193 0.36720
v -0.14606 -0.83303 0.42000
v -0.17084 -0.82481 0.42000
v -0.17168 -0.82363 0.44834
v -0.17663 -0.82317 0.47393
v -0.18531 -0.82455 0.48995
v -0.19489 -0.82446 0.49973
v -0.20533 -0.82297 0.50308
v -0.21519 -0.82334 0.49233
v -0.22260 -0.82439 0.47214
v -0.22858 -0.82329 0.44860
v -0.23131 -0.82220 0.42000
v -0.22861 -0.82325 0.39136
v -0.22315 -0.82353 0.36659
v -0.21576 -0.82195 0.34494
v -0.20549 -0.82182 0.33434
v -0.19469 -0.82309 0.33718
v -0.18446 -0.82249 0.34600
v -0.17539 -0.82122 0.36322
v -0.17052 -0.82213 0.39050
v -0.16939 -0.82306 0.42000
v -0.20000 -0.81963 0.42000
v -0.20000 -0.81815 0.42000
v -0.20000 -0.81876 0.42000
v -0.20000 -0.82018 0.42000
v -0.20000 -0.81932 0.42000
v -0.20000 -0.81852 0.42000
v -0.20000 -0.82005 0.42000
v -0.20000 -0.82076 0.42000
v -0.20000 -0.81945 0.42000
v -0.20000 -0.81968 0.42000
v -0.20000 -0.82138 0.42000
v -0.20000 -0.82100 0.42000
v -0.20000 -0.81983 0.42000
v -0.20000 -0.82093 0.42000
v -0.20000 -0.82196 0.42000
v -0.20000 -0.82064 0.42000
v -0.20000 -0.82012 0.42000
v -0.20000 -0.82156 0.42000
v -0.20000 -0.82143 0.42000
f 1 20 21 2
f 2 21 22 3
f 3 22 23 4
f 4 23 24 5
f 5 24 25 6
f 6 25 26 7
f 7 26 27 8
f 8 27 28 9
f 9 28 29 10
f 10 29 30 11
f 11 30 31 12
f 12 31 32 13
f 13 32 33 14
f 14 33 34 15
f 15 34 35 16
f 16 35 36 17
f 17 36 37 18
f 18 37 38 19
f 20 39 40 21
f 21 40 41 22
f 22 41 42 23
f 23 42 43 24
f 24 43 44 25
f 25 44 45 26
f 26 45 46 27
f 27 46 47 28
f 28 47 48 29
f 29 48 49 30
f 30 49 50 31
f 31 50 51 32
f 32 51 52 33
f 33 52 53 34
f 34 53 54 35
f 35 54 55 36
f 36 55 56 37
f 37 56 57 38
f 39 58 59 40
f 40 59 60 41
f 41 60 61 42
f 42 61 62 43
f 43 62 63 44
f 44 63 64 45
f 45 64 65 46
f 46 65 66 47
f 47 66 67 48
f 48 67 68 49
f 49 68 69 50
f 50 69 70 51
f 51 70 71 52
f 52 71 72 53
f 53 72 73 54
f 54 73 74 55
f 55 74 75 56
f 56 75 76 57
f 58 77 78 59
f 59 78 79 60
f 60 79 80 61
f 61 80 81 62
f 62 81 82 63
f 63 82 83 64
f 64 83 84 65
f 65 84 85 66
f 66 85 86 67
f 67 86 87 68
f 68 87 88 69
f 69 88 89 70
f 70 89 90 71
f 71 90 91 72
f 72 91 92 73
f 73 92 93 74
f 74 93 94 75
f 75 94 95 76
f 77 96 97 78
f 78 97 98 79
f 79 98 99 80
f 80 99 100 81
f 81 100 101 82
f 82 101 102 83
f 83 102 103 84
f 84 103 104 85
f 85 104 105 86
f 86 105 106 87
f 87 106 107 88
f 88 107 108 89
f 89 108 109 90
f 90 109 110 91
f 91 110 111 92
f 92 111 112 93
f 93 112 113 94
f 94 113 114 95
f 96 115 116 97
f 97 116 117 98
f 98 117 118 99
f 99 118 119 100
f 100 119 120 101
f 101 120 121 102
f 102 121 122 103
f 103 122 123 104
f 104 123 124 105
f 105 124 125 106
f 106 125 126 107
f 107 126 127 108
f 108 127 128 109
f 109 128 129 110
f 110 129 130 111
f 111 130 131 112
f 112 131 132 113
f 113 132 133 114
f 115 134 135 116
f 116 135 136 117
f 117 136 137 118
f 118 137 138 119
f 119 138 139 120
f 120 139 140 121
f 121 140 141 122
f 122 141 142 123
f 123 142 143 124
f 124 143 144 125
f 125 144 145 126
f 126 145 146 127
f 127 146 147 128
f 128 147 148 129
f 129 148 149 130
f 130 149 150 131
f 131 150 151 132
f 132 151 152 133
f 134 153 154 135
f 135 154 155 136
f 136 155 156 137
f 137 156 157 138
f 138 157 158 139
f 139 158 159 140
f 140 159 160 141
f 141 160 161 142
f 142 161 162 143
f 143 162 163 144
f 144 163 164 145
f 145 164 165 146
f 146 165 166 147
f 147 166 167 148
f 148 167 168 149
f 149 168 169 150
f 150 169 170 151
f 151 170 171 152
o claw_toe_-1_0
g claw_toe_-1_0
v -0.13000 -0.90000 0.82000
v -0.14000 -0.88000 0.58000
v -0.12800 -0.88000 0.58000
v -0.13151 -0.88000 0.58849
v -0.14000 -0.88000 0.59200
v -0.14849 -0.88000 0.58849
v -0.15200 -0.88000 0.58000
v -0.14849 -0.88000 0.57151
v -0.14000 -0.88000 0.56800
v -0.13151 -0.88000 0.57151
v -0.12800 -0.88000 0.58000
f 1 3 4
f 2 4 3
f 1 4 5
f 2 5 4
f 1 5 6
f 2 6 5
f 1 6 7
f 2 7 6
f 1 7 8
f 2 8 7
f 1 8 9
f 2 9 8
f 1 9 10
f 2 10 9
f 1 10 11
f 2 11 10
o claw_toe_-1_1
g claw_toe_-1_1
v -0.19500 -0.90000 0.82000
v -0.19000 -0.88000 0.58000
v -0.17800 -0.88000 0.58000
v -0.18151 -0.88000 0.58849
v -0.19000 -0.88000 0.59200
v -0.19849 -0.88000 0.58849
v -0.20200 -0.88000 0.58000
v -0.19849 -0.88000 0.57151
v -0.19000 -0.88000 0.56800
v -0.18151 -0.88000 0.57151
v -0.17800 -0.88000 0.58000
f 1 3 4
f 2 4 3
f 1 4 5
f 2 5 4
f 1 5 6
f 2 6 5
f 1 6 7
f 2 7 6
f 1 7 8
f 2 8 7
f 1 8 9
f 2 9 8
f 1 9 10
f 2 10 9
f 1 10 11
f 2 11 10
o claw_toe_-1_2
g claw_toe_-1_2
v -0.26000 -0.90000 0.82000
v -0.24000 -0.88000 0.58000
v -0.22800 -0.88000 0.58000
v -0.23151 -0.88000 0.58849
v -0.24000 -0.88000 0.59200
v -0.24849 -0.88000 0.58849
v -0.25200 -0.88000 0.58000
v -0.24849 -0.88000 0.57151
v -0.24000 -0.88000 0.56800
v -0.23151 -0.88000 0.57151
v -0.22800 -0.88000 0.58000
f 1 3 4
f 2 4 3
f 1 4 5
f 2 5 4
f 1 5 6
f 2 6 5
f 1 6 7
f 2 7 6
f 1 7 8
f 2 8 7
f 1 8 9
f 2 9 8
f 1 9 10
f 2 10 9
f 1 10 11
f 2 11 10
o tendon_back_arm_-1
g tendon_back_arm_-1
v -0.12000 1.91920 -0.29197
v -0.11165 1.91735 -0.28845
v -0.10859 1.91716 -0.27981
v -0.11165 1.91849 -0.27128
v -0.12000 1.92080 -0.26803
v -0.12812 1.92258 -0.27179
v -0.13188 1.92296 -0.28020
v -0.12812 1.92146 -0.28848
v -0.12000 1.91920 -0.29197
v -0.16286 1.74780 -0.28019
v -0.15509 1.74611 -0.27643
v -0.15183 1.74583 -0.26839
v -0.15488 1.74713 -0.26023
v -0.16286 1.74932 -0.25739
v -0.17077 1.75108 -0.26056
v -0.17401 1.75135 -0.26876
v -0.17056 1.74996 -0.27662
v -0.16286 1.74780 -0.28019
v -0.20571 1.57641 -0.26809
v -0.19841 1.57482 -0.26453
v -0.19500 1.57448 -0.25697
v -0.19830 1.57581 -0.24939
v -0.20571 1.57786 -0.24643
v -0.21331 1.57955 -0.24946
v -0.21607 1.57972 -0.25731
v -0.21320 1.57849 -0.26496
v -0.20571 1.57641 -0.26809
v -0.24857 1.40504 -0.25584
v -0.24152 1.40348 -0.25284
v -0.23844 1.40319 -0.24555
v -0.24166 1.40447 -0.23849
v -0.24857 1.40641 -0.23532
v -0.25564 1.40796 -0.23856
v -0.25840 1.40816 -0.24588
v -0.25577 1.40701 -0.25324
v -0.24857 1.40504 -0.25584
v -0.29143 1.23365 -0.24380
v -0.28464 1.23213 -0.24116
v -0.28208 1.23196 -0.23413
v -0.28481 1.23309 -0.22737
v -0.29143 1.23494 -0.22442
v -0.29797 1.23636 -0.22767
v -0.30093 1.23665 -0.23444
v -0.29814 1.23550 -0.24130
v -0.29143 1.23365 -0.24380
v -0.33429 1.06225 -0.23201
v -0.32794 1.06084 -0.22928
v -0.32559 1.06069 -0.22271
v -0.32791 1.06171 -0.21620
v -0.33429 1.06346 -0.21376
v -0.34048 1.06482 -0.21659
v -0.34333 1.06511 -0.22301
v -0.34046 1.06397 -0.22931
v -0.33429 1.06225 -0.23201
v -0.37714 0.89085 -0.22015
v -0.37133 0.88958 -0.21731
v -0.36885 0.88936 -0.21129
v -0.37117 0.89035 -0.20519
v -0.37714 0.89199 -0.20305
v -0.38309 0.89332 -0.20541
v -0.38548 0.89350 -0.21157
v -0.38293 0.89247 -0.21748
v -0.37714 0.89085 -0.22015
v -0.42000 0.71946 -0.20805
v -0.41461 0.71829 -0.20545
v -0.41210 0.71803 -0.19987
v -0.41455 0.71902 -0.19431
v -0.42000 0.72053 -0.19208
v -0.42559 0.72177 -0.19434
v -0.42762 0.72190 -0.20013
v -0.42553 0.72100 -0.20578
v -0.42000 0.71946 -0.20805
f 1 10 11 2
f 2 11 12 3
f 3 12 13 4
f 4 13 14 5
f 5 14 15 6
f 6 15 16 7
f 7 16 17 8
f 8 17 18 9
f 10 19 20 11
f 11 20 21 12
f 12 21 22 13
f 13 22 23 14
f 14 23 24 15
f 15 24 25 16
f 16 25 26 17
f 17 26 27 18
f 19 28 29 20
f 20 29 30 21
f 21 30 31 22
f 22 31 32 23
f 23 32 33 24
f 24 33 34 25
f 25 34 35 26
f 26 35 36 27
f 28 37 38 29
f 29 38 39 30
f 30 39 40 31
f 31 40 41 32
f 32 41 42 33
f 33 42 43 34
f 34 43 44 35
f 35 44 45 36
f 37 46 47 38
f 38 47 48 39
f 39 48 49 40
f 40 49 50 41
f 41 50 51 42
f 42 51 52 43
f 43 52 53 44
f 44 53 54 45
f 46 55 56 47
f 47 56 57 48
f 48 57 58 49
f 49 58 59 50
f 50 59 60 51
f 51 60 61 52
f 52 61 62 53
f 53 62 63 54
f 55 64 65 56
f 56 65 66 57
f 57 66 67 58
f 58 67 68 59
f 59 68 69 60
f 60 69 70 61
f 61 70 71 62
f 62 71 72 63
o skin_upper_arm_1
g skin_upper_arm_1
v 0.24000 1.67721 -0.03994
v 0.26011 1.68294 -0.03756
v 0.27779 1.68835 -0.02720
v 0.29005 1.69254 -0.01062
v 0.29593 1.69510 0.00905
v 0.29593 1.69605 0.02950
v 0.29005 1.69533 0.04932
v 0.27779 1.69270 0.06622
v 0.26011 1.68826 0.07704
v 0.24000 1.68279 0.07994
v 0.22057 1.67716 0.07560
v 0.20349 1.67193 0.06559
v 0.18995 1.66746 0.05062
v 0.18210 1.66437 0.03134
v 0.18210 1.66338 0.01016
v 0.18995 1.66467 -0.00932
v 0.20349 1.66774 -0.02464
v 0.22057 1.67202 -0.03509
v 0.24000 1.67721 -0.03994
v 0.27429 1.55442 -0.03275
v 0.29348 1.55994 -0.02922
v 0.30968 1.56496 -0.01848
v 0.32127 1.56892 -0.00303
v 0.32798 1.57164 0.01520
v 0.32902 1.57285 0.03501
v 0.32311 1.57210 0.05432
v 0.31036 1.56926 0.06983
v 0.29312 1.56488 0.07912
v 0.27429 1.55976 0.08198
v 0.25564 1.55442 0.07908
v 0.23856 1.54925 0.07033
v 0.22546 1.54491 0.05558
v 0.21902 1.54222 0.03654
v 0.22006 1.54158 0.01650
v 0.22730 1.54275 -0.00181
v 0.23924 1.54537 -0.01714
v 0.25528 1.54933 -0.02820
v 0.27429 1.55442 -0.03275
v 0.30857 1.43171 -0.02396
v 0.32648 1.43690 -0.01982
v 0.34186 1.44164 -0.01014
v 0.35384 1.44563 0.00374
v 0.36109 1.44846 0.02115
v 0.36165 1.44952 0.04045
v 0.35483 1.44845 0.05852
v 0.34223 1.44559 0.07258
v 0.32628 1.44157 0.08166
v 0.30857 1.43681 0.08563
v 0.29033 1.43162 0.08363
v 0.27393 1.42663 0.07469
v 0.26231 1.42269 0.05972
v 0.25701 1.42037 0.04152
v 0.25757 1.41965 0.02276
v 0.26330 1.42042 0.00491
v 0.27429 1.42277 -0.01049
v 0.29014 1.42671 -0.02085
v 0.30857 1.43171 -0.02396
v 0.34286 1.30903 -0.01440
v 0.35974 1.31389 -0.01119
v 0.37502 1.31854 -0.00302
v 0.38705 1.32250 0.01011
v 0.39343 1.32508 0.02724
v 0.39278 1.32576 0.04562
v 0.38590 1.32461 0.06236
v 0.37460 1.32209 0.07596
v 0.35997 1.31846 0.08568
v 0.34286 1.31389 0.09006
v 0.32529 1.30887 0.08741
v 0.31027 1.30423 0.07784
v 0.29981 1.30064 0.06347
v 0.29423 1.29830 0.04666
v 0.29358 1.29729 0.02877
v 0.29867 1.29789 0.01126
v 0.30985 1.30034 -0.00323
v 0.32552 1.30430 -0.01203
v 0.34286 1.30903 -0.01440
v 0.37714 1.18630 -0.00590
v 0.39349 1.19096 -0.00393
v 0.40843 1.19548 0.00379
v 0.41937 1.19915 0.01703
v 0.42439 1.20133 0.03361
v 0.42353 1.20188 0.05074
v 0.41786 1.20104 0.06671
v 0.40787 1.19889 0.08043
v 0.39379 1.19541 0.09007
v 0.37714 1.19092 0.09342
v 0.36073 1.18618 0.08982
v 0.34686 1.18188 0.08067
v 0.33642 1.17837 0.06776
v 0.33007 1.17586 0.05207
v 0.32921 1.17482 0.03471
v 0.33492 1.17564 0.01812
v 0.34630 1.17821 0.00514
v 0.36103 1.18195 -0.00284
v 0.37714 1.18630 -0.00590
v 0.41143 1.06352 0.00134
v 0.42725 1.06802 0.00329
v 0.44108 1.07227 0.01155
v 0.45064 1.07554 0.02459
v 0.45532 1.07756 0.03998
v 0.45545 1.07835 0.05605
v 0.45087 1.07780 0.07167
v 0.44116 1.07570 0.08493
v 0.42720 1.07220 0.09331
v 0.41143 1.06790 0.09553
v 0.39619 1.06349 0.09220
v 0.38270 1.05936 0.08445
v 0.37199 1.05583 0.07270
v 0.36588 1.05342 0.05749
v 0.36601 1.05268 0.04085
v 0.37222 1.05370 0.02560
v 0.38278 1.05609 0.01354
v 0.39614 1.05943 0.00521
v 0.41143 1.06352 0.00134
v 0.44571 0.94075 0.00888
v 0.46058 0.94503 0.01174
v 0.47311 0.94891 0.02008
v 0.48216 0.95199 0.03199
v 0.48748 0.95413 0.04611
v 0.48831 0.95508 0.06152
v 0.48363 0.95447 0.07650
v 0.47365 0.95224 0.08845
v 0.46029 0.94885 0.09562
v 0.44571 0.94489 0.09793
v 0.43121 0.94074 0.09580
v 0.41791 0.93671 0.08901
v 0.40780 0.93335 0.07748
v 0.40291 0.93130 0.06267
v 0.40375 0.93081 0.04716
v 0.40927 0.93169 0.03294
v 0.41846 0.93370 0.02095
v 0.43092 0.93678 0.01233
v 0.44571 0.94075 0.00888
v 0.48000 0.81803 0.01770
v 0.49368 0.82200 0.02086
v 0.50549 0.82563 0.02817
v 0.51475 0.82871 0.03875
v 0.52031 0.83088 0.05211
v 0.52064 0.83166 0.06690
v 0.51533 0.83082 0.08069
v 0.50570 0.82863 0.09143
v 0.49356 0.82557 0.09846
v 0.48000 0.82194 0.10161
v 0.46600 0.81796 0.10007
v 0.45348 0.81414 0.09312
v 0.44467 0.81115 0.08161
v 0.44062 0.80937 0.06771
v 0.44095 0.80879 0.05337
v 0.44525 0.80936 0.03965
v 0.45369 0.81116 0.02783
v 0.46589 0.81420 0.01997
v 0.48000 0.81803 0.01770
f 1 20 21 2
f 2 21 22 3
f 3 22 23 4
f 4 23 24 5
f 5 24 25 6
f 6 25 26 7
f 7 26 27 8
f 8 27 28 9
f 9 28 29 10
f 10 29 30 11
f 11 30 31 12
f 12 31 32 13
f 13 32 33 14
f 14 33 34 15
f 15 34 35 16
f 16 35 36 17
f 17 36 37 18
f 18 37 38 19
f 20 39 40 21
f 21 40 41 22
f 22 41 42 23
f 23 42 43 24
f 24 43 44 25
f 25 44 45 26
f 26 45 46 27
f 27 46 47 28
f 28 47 48 29
f 29 48 49 30
f 30 49 50 31
f 31 50 51 32
f 32 51 52 33
f 33 52 53 34
f 34 53 54 35
f 35 54 55 36
f 36 55 56 37
f 37 56 57 38
f 39 58 59 40
f 40 59 60 41
f 41 60 61 42
f 42 61 62 43
f 43 62 63 44
f 44 63 64 45
f 45 64 65 46
f 46 65 66 47
f 47 66 67 48
f 48 67 68 49
f 49 68 69 50
f 50 69 70 51
f 51 70 71 52
f 52 71 72 53
f 53 72 73 54
f 54 73 74 55
f 55 74 75 56
f 56 75 76 57
f 58 77 78 59
f 59 78 79 60
f 60 79 80 61
f 61 80 81 62
f 62 81 82 63
f 63 82 83 64
f 64 83 84 65
f 65 84 85 66
f 66 85 86 67
f 67 86 87 68
f 68 87 88 69
f 69 88 89 70
f 70 89 90 71
f 71 90 91 72
f 72 91 92 73
f 73 92 93 74
f 74 93 94 75
f 75 94 95 76
f 77 96 97 78
f 78 97 98 79
f 79 98 99 80
f 80 99 100 81
f 81 100 101 82
f 82 101 102 83
f 83 102 103 84
f 84 103 104 85
f 85 104 105 86
f 86 105 106 87
f 87 106 107 88
f 88 107 108 89
f 89 108 109 90
f 90 109 110 91
f 91 110 111 92
f 92 111 112 93
f 93 112 113 94
f 94 113 114 95
f 96 115 116 97
f 97 116 117 98
f 98 117 118 99
f 99 118 119 100
f 100 119 120 101
f 101 120 121 102
f 102 121 122 103
f 103 122 123 104
f 104 123 124 105
f 105 124 125 106
f 106 125 126 107
f 107 126 127 108
f 108 127 128 109
f 109 128 129 110
f 110 129 130 111
f 111 130 131 112
f 112 131 132 113
f 113 132 133 114
f 115 134 135 116
f 116 135 136 117
f 117 136 137 118
f 118 137 138 119
f 119 138 139 120
f 120 139 140 121
f 121 140 141 122
f 122 141 142 123
f 123 142 143 124
f 124 143 144 125
f 125 144 145 126
f 126 145 146 127
f 127 146 147 128
f 128 147 148 129
f 129 148 149 130
f 130 149 150 131
f 131 150 151 132
f 132 151 152 133
o skin_forearm_long_1
g skin_forearm_long_1
v 0.48000 0.81702 0.01309
v 0.49622 0.81920 0.01503
v 0.51049 0.82154 0.02320
v 0.52038 0.82363 0.03622
v 0.52512 0.82521 0.05163
v 0.52512 0.82623 0.06764
v 0.52038 0.82661 0.08313
v 0.51049 0.82619 0.09631
v 0.49622 0.82491 0.10471
v 0.48000 0.82298 0.10691
v 0.46433 0.82077 0.10344
v 0.45055 0.81851 0.09555
v 0.43962 0.81637 0.08378
v 0.43329 0.81461 0.06866
v 0.43329 0.81355 0.05209
v 0.43962 0.81339 0.03687
v 0.45055 0.81402 0.02493
v 0.46433 0.81526 0.01681
v 0.48000 0.81702 0.01309
v 0.50000 0.65997 0.02466
v 0.51534 0.66210 0.02747
v 0.52829 0.66428 0.03586
v 0.53756 0.66623 0.04788
v 0.54291 0.66781 0.06204
v 0.54375 0.66890 0.07741
v 0.53903 0.66925 0.09235
v 0.52883 0.66871 0.10434
v 0.51505 0.66741 0.11148
v 0.50000 0.66563 0.11363
v 0.48510 0.66359 0.11131
v 0.47144 0.66142 0.10447
v 0.46097 0.65935 0.09298
v 0.45583 0.65776 0.07819
v 0.45666 0.65687 0.06266
v 0.46244 0.65671 0.04849
v 0.47199 0.65717 0.03664
v 0.48481 0.65826 0.02813
v 0.50000 0.65997 0.02466
v 0.52000 0.50301 0.03749
v 0.53417 0.50502 0.04073
v 0.54634 0.50704 0.04821
v 0.55582 0.50893 0.05891
v 0.56155 0.51051 0.07229
v 0.56199 0.51151 0.08711
v 0.55660 0.51171 0.10096
v 0.54663 0.51112 0.11171
v 0.53401 0.50996 0.11862
v 0.52000 0.50836 0.12160
v 0.50557 0.50642 0.12000
v 0.49259 0.50433 0.11308
v 0.48340 0.50243 0.10155
v 0.47921 0.50100 0.08757
v 0.47965 0.50014 0.07317
v 0.48418 0.49985 0.05949
v 0.49288 0.50021 0.04770
v 0.50542 0.50130 0.03981
v 0.52000 0.50301 0.03749
v 0.54000 0.34608 0.05089
v 0.55321 0.34792 0.05338
v 0.56516 0.34984 0.05963
v 0.57457 0.35168 0.06964
v 0.57956 0.35314 0.08266
v 0.57905 0.35396 0.09661
v 0.57367 0.35408 0.10929
v 0.56483 0.35361 0.11957
v 0.55339 0.35262 0.12689
v 0.54000 0.35113 0.13015
v 0.52626 0.34925 0.12809
v 0.51451 0.34729 0.12076
v 0.50633 0.34555 0.10983
v 0.50196 0.34418 0.09705
v 0.50145 0.34325 0.08347
v 0.50543 0.34291 0.07020
v 0.51418 0.34333 0.05925
v 0.52644 0.34447 0.05262
v 0.54000 0.34608 0.05089
v 0.56000 0.18910 0.06347
v 0.57263 0.19081 0.06500
v 0.58416 0.19265 0.07084
v 0.59262 0.19436 0.08079
v 0.59649 0.19564 0.09323
v 0.59583 0.19638 0.10607
v 0.59145 0.19658 0.11801
v 0.58373 0.19625 0.12826
v 0.57286 0.19532 0.13543
v 0.56000 0.19384 0.13789
v 0.54733 0.19205 0.13513
v 0.53661 0.19025 0.12823
v 0.52855 0.18860 0.11852
v 0.52364 0.18723 0.10674
v 0.52298 0.18632 0.09373
v 0.52738 0.18609 0.08132
v 0.53618 0.18659 0.07163
v 0.54756 0.18766 0.06570
v 0.56000 0.18910 0.06347
v 0.58000 0.03207 0.07511
v 0.59205 0.03369 0.07661
v 0.60258 0.03543 0.08275
v 0.60986 0.03697 0.09242
v 0.61342 0.03814 0.10380
v 0.61352 0.03891 0.11568
v 0.61003 0.03920 0.12720
v 0.60264 0.03888 0.13696
v 0.59201 0.03792 0.14310
v 0.58000 0.03649 0.14469
v 0.56839 0.03486 0.14217
v 0.55812 0.03318 0.13641
v 0.54997 0.03159 0.12769
v 0.54531 0.03028 0.11643
v 0.54541 0.02951 0.10414
v 0.55014 0.02940 0.09290
v 0.55819 0.02986 0.08402
v 0.56836 0.03076 0.07792
v 0.58000 0.03207 0.07511
v 0.60000 -0.12496 0.08700
v 0.61114 -0.12340 0.08912
v 0.62052 -0.12182 0.09523
v 0.62731 -0.12040 0.10392
v 0.63129 -0.11924 0.11420
v 0.63192 -0.11845 0.12540
v 0.62841 -0.11821 0.13627
v 0.62093 -0.11861 0.14493
v 0.61092 -0.11955 0.15010
v 0.60000 -0.12084 0.15172
v 0.58913 -0.12232 0.15012
v 0.57917 -0.12391 0.14515
v 0.57159 -0.12541 0.13673
v 0.56793 -0.12656 0.12595
v 0.56856 -0.12720 0.11468
v 0.57269 -0.12733 0.10436
v 0.57958 -0.12700 0.09568
v 0.58891 -0.12621 0.08945
v 0.60000 -0.12496 0.08700
v 0.62000 -0.28192 0.09981
v 0.63006 -0.28049 0.10211
v 0.63875 -0.27905 0.10737
v 0.64556 -0.27770 0.11495
v 0.64965 -0.27658 0.12450
v 0.64989 -0.27587 0.13506
v 0.64599 -0.27575 0.14488
v 0.63891 -0.27616 0.15252
v 0.62998 -0.27698 0.15749
v 0.62000 -0.27811 0.15969
v 0.60970 -0.27949 0.15854
v 0.60049 -0.28098 0.15355
v 0.59401 -0.28233 0.14530
v 0.59103 -0.28334 0.13537
v 0.59127 -0.28397 0.12514
v 0.59444 -0.28418 0.11536
v 0.60065 -0.28393 0.10695
v 0.60962 -0.28314 0.10139
v 0.62000 -0.28192 0.09981
f 1 20 21 2
f 2 21 22 3
f 3 22 23 4
f 4 23 24 5
f 5 24 25 6
f 6 25 26 7
f 7 26 27 8
f 8 27 28 9
f 9 28 29 10
f 10 29 30 11
f 11 30 31 12
f 12 31 32 13
f 13 32 33 14
f 14 33 34 15
f 15 34 35 16
f 16 35 36 17
f 17 36 37 18
f 18 37 38 19
f 20 39 40 21
f 21 40 41 22
f 22 41 42 23
f 23 42 43 24
f 24 43 44 25
f 25 44 45 26
f 26 45 46 27
f 27 46 47 28
f 28 47 48 29
f 29 48 49 30
f 30 49 50 31
f 31 50 51 32
f 32 51 52 33
f 33 52 53 34
f 34 53 54 35
f 35 54 55 36
f 36 55 56 37
f 37 56 57 38
f 39 58 59 40
f 40 59 60 41
f 41 60 61 42
f 42 61 62 43
f 43 62 63 44
f 44 63 64 45
f 45 64 65 46
f 46 65 66 47
f 47 66 67 48
f 48 67 68 49
f 49 68 69 50
f 50 69 70 51
f 51 70 71 52
f 52 71 72 53
f 53 72 73 54
f 54 73 74 55
f 55 74 75 56
f 56 75 76 57
f 58 77 78 59
f 59 78 79 60
f 60 79 80 61
f 61 80 81 62
f 62 81 82 63
f 63 82 83 64
f 64 83 84 65
f 65 84 85 66
f 66 85 86 67
f 67 86 87 68
f 68 87 88 69
f 69 88 89 70
f 70 89 90 71
f 71 90 91 72
f 72 91 92 73
f 73 92 93 74
f 74 93 94 75
f 75 94 95 76
f 77 96 97 78
f 78 97 98 79
f 79 98 99 80
f 80 99 100 81
f 81 100 101 82
f 82 101 102 83
f 83 102 103 84
f 84 103 104 85
f 85 104 105 86
f 86 105 106 87
f 87 106 107 88
f 88 107 108 89
f 89 108 109 90
f 90 109 110 91
f 91 110 111 92
f 92 111 112 93
f 93 112 113 94
f 94 113 114 95
f 96 115 116 97
f 97 116 117 98
f 98 117 118 99
f 99 118 119 100
f 100 119 120 101
f 101 120 121 102
f 102 121 122 103
f 103 122 123 104
f 104 123 124 105
f 105 124 125 106
f 106 125 126 107
f 107 126 127 108
f 108 127 128 109
f 109 128 129 110
f 110 129 130 111
f 111 130 131 112
f 112 131 132 113
f 113 132 133 114
f 115 134 135 116
f 116 135 136 117
f 117 136 137 118
f 118 137 138 119
f 119 138 139 120
f 120 139 140 121
f 121 140 141 122
f 122 141 142 123
f 123 142 143 124
f 124 143 144 125
f 125 144 145 126
f 126 145 146 127
f 127 146 147 128
f 128 147 148 129
f 129 148 149 130
f 130 149 150 131
f 131 150 151 132
f 132 151 152 133
o skin_hand_withered_1
g skin_hand_withered_1
v 0.64000 -0.47750 0.14000
v 0.64000 -0.48002 0.14000
v 0.64000 -0.47686 0.14000
v 0.64000 -0.47581 0.14000
v 0.64000 -0.47994 0.14000
v 0.64000 -0.48036 0.14000
v 0.64000 -0.47707 0.14000
v 0.64000 -0.47889 0.14000
v 0.64000 -0.48273 0.14000
v 0.64000 -0.48078 0.14000
v 0.64000 -0.47880 0.14000
v 0.64000 -0.48254 0.14000
v 0.64000 -0.48420 0.14000
v 0.64000 -0.48068 0.14000
v 0.64000 -0.48084 0.14000
v 0.64000 -0.48466 0.14000
v 0.64000 -0.48330 0.14000
v 0.64000 -0.47981 0.14000
v 0.64000 -0.48201 0.14000
v 0.65767 -0.47890 0.14000
v 0.65662 -0.47900 0.14440
v 0.65306 -0.47541 0.14797
v 0.64863 -0.47656 0.15087
v 0.64309 -0.47950 0.15274
v 0.63699 -0.47686 0.15240
v 0.63159 -0.47416 0.15060
v 0.62674 -0.47688 0.14809
v 0.62360 -0.47765 0.14434
v 0.62328 -0.47356 0.14000
v 0.62437 -0.47307 0.13586
v 0.62683 -0.47619 0.13196
v 0.63156 -0.47450 0.12936
v 0.63718 -0.47098 0.12835
v 0.64289 -0.47304 0.12809
v 0.64850 -0.47518 0.12929
v 0.65258 -0.47192 0.13232
v 0.65523 -0.47069 0.13597
v 0.65687 -0.47438 0.14000
v 0.67247 -0.46126 0.14000
v 0.66968 -0.45905 0.14786
v 0.66355 -0.45693 0.15437
v 0.65590 -0.45958 0.16003
v 0.64560 -0.46067 0.16309
v 0.63460 -0.45775 0.16225
v 0.62442 -0.45798 0.15962
v 0.61511 -0.46131 0.15519
v 0.60974 -0.46058 0.14801
v 0.60871 -0.45829 0.14000
v 0.60969 -0.46071 0.13198
v 0.61456 -0.46312 0.12447
v 0.62385 -0.46084 0.11965
v 0.63444 -0.46018 0.11705
v 0.64580 -0.46357 0.11608
v 0.65675 -0.46384 0.11890
v 0.66480 -0.46100 0.12487
v 0.67087 -0.46220 0.13183
v 0.67393 -0.46492 0.14000
v 0.68611 -0.44091 0.14000
v 0.68191 -0.43892 0.15109
v 0.67428 -0.43911 0.16092
v 0.66326 -0.44145 0.16930
v 0.64798 -0.44074 0.17293
v 0.63227 -0.43879 0.17188
v 0.61722 -0.44018 0.16869
v 0.60434 -0.44149 0.16176
v 0.59778 -0.43936 0.15118
v 0.59581 -0.43837 0.14000
v 0.59709 -0.44032 0.12864
v 0.60520 -0.44001 0.11876
v 0.61824 -0.43749 0.11259
v 0.63238 -0.43797 0.10857
v 0.64784 -0.43962 0.10768
v 0.66191 -0.43790 0.11240
v 0.67261 -0.43623 0.12010
v 0.68127 -0.43801 0.12908
v 0.68439 -0.43864 0.14000
v 0.69234 -0.41092 0.14000
v 0.68733 -0.40975 0.15253
v 0.67941 -0.41039 0.16405
v 0.66627 -0.41104 0.17309
v 0.64880 -0.40993 0.17628
v 0.63133 -0.40948 0.17574
v 0.61408 -0.41063 0.17266
v 0.60027 -0.41064 0.16425
v 0.59304 -0.40953 0.15243
v 0.58918 -0.41002 0.14000
v 0.59045 -0.41115 0.12688
v 0.60043 -0.41051 0.11585
v 0.61469 -0.40991 0.10811
v 0.63086 -0.41110 0.10230
v 0.64930 -0.41165 0.10162
v 0.66594 -0.41065 0.10733
v 0.67994 -0.41080 0.11563
v 0.69105 -0.41210 0.12649
v 0.69381 -0.41179 0.14000
v 0.69452 -0.38000 0.14000
v 0.69084 -0.38000 0.15346
v 0.68325 -0.38000 0.16639
v 0.66834 -0.38000 0.17570
v 0.64952 -0.38000 0.17927
v 0.63032 -0.38000 0.17992
v 0.61117 -0.38000 0.17632
v 0.59683 -0.38000 0.16635
v 0.58830 -0.38000 0.15368
v 0.58321 -0.38000 0.14000
v 0.58609 -0.38000 0.12573
v 0.59777 -0.38000 0.11423
v 0.61254 -0.38000 0.10541
v 0.63015 -0.38000 0.09936
v 0.64968 -0.38000 0.10008
v 0.66682 -0.38000 0.10622
v 0.68191 -0.38000 0.11442
v 0.69242 -0.38000 0.12613
v 0.69370 -0.38000 0.14000
v 0.69157 -0.34953 0.14000
v 0.68887 -0.34927 0.15294
v 0.68095 -0.34842 0.16499
v 0.66594 -0.34935 0.17268
v 0.64875 -0.35025 0.17607
v 0.63099 -0.34934 0.17717
v 0.61381 -0.34906 0.17299
v 0.60150 -0.35031 0.16350
v 0.59283 -0.35034 0.15249
v 0.58786 -0.34920 0.14000
v 0.59164 -0.34960 0.12720
v 0.60183 -0.35056 0.11671
v 0.61436 -0.34971 0.10771
v 0.63084 -0.34885 0.10224
v 0.64889 -0.34975 0.10333
v 0.66539 -0.35000 0.10801
v 0.68063 -0.34867 0.11521
v 0.69007 -0.34852 0.12675
v 0.69158 -0.34953 0.14000
v 0.68275 -0.32353 0.14000
v 0.68176 -0.32130 0.15105
v 0.67464 -0.32026 0.16114
v 0.66189 -0.32218 0.16757
v 0.64765 -0.32184 0.17153
v 0.63203 -0.31934 0.17289
v 0.61724 -0.31987 0.16867
v 0.60612 -0.32158 0.16068
v 0.59727 -0.31993 0.15131
v 0.59335 -0.31838 0.14000
v 0.59752 -0.32028 0.12875
v 0.60580 -0.32102 0.11913
v 0.61686 -0.31887 0.11085
v 0.63198 -0.31902 0.10694
v 0.64770 -0.32142 0.10824
v 0.66239 -0.32085 0.11180
v 0.67527 -0.31919 0.11848
v 0.68201 -0.32095 0.12888
v 0.68339 -0.32268 0.14000
v 0.67247 -0.29874 0.14000
v 0.67155 -0.29598 0.14835
v 0.66528 -0.29743 0.15543
v 0.65589 -0.30047 0.16002
v 0.64563 -0.29886 0.16322
v 0.63426 -0.29733 0.16366
v 0.62411 -0.30045 0.16002
v 0.61608 -0.30185 0.15460
v 0.60964 -0.29914 0.14804
v 0.60782 -0.29946 0.14000
v 0.61098 -0.30272 0.13232
v 0.61604 -0.30174 0.12538
v 0.62384 -0.29912 0.11964
v 0.63453 -0.30110 0.11742
v 0.64535 -0.30293 0.11794
v 0.65598 -0.30000 0.11987
v 0.66489 -0.29870 0.12481
v 0.66951 -0.30142 0.13219
v 0.67158 -0.30098 0.14000
v 0.65660 -0.28712 0.14000
v 0.65602 -0.28462 0.14424
v 0.65266 -0.28751 0.14773
v 0.64819 -0.28833 0.15032
v 0.64297 -0.28430 0.15225
v 0.63702 -0.28388 0.15230
v 0.63169 -0.28697 0.15047
v 0.62702 -0.28517 0.14792
v 0.62347 -0.28157 0.14438
v 0.62276 -0.28353 0.14000
v 0.62412 -0.28545 0.13580
v 0.62658 -0.28198 0.13181
v 0.63112 -0.28059 0.12881
v 0.63702 -0.28409 0.12772
v 0.64298 -0.28403 0.12772
v 0.64889 -0.28056 0.12881
v 0.65341 -0.28207 0.13182
v 0.65587 -0.28549 0.13580
v 0.65725 -0.28348 0.14000
v 0.64000 -0.27586 0.14000
v 0.64000 -0.27598 0.14000
v 0.64000 -0.27991 0.14000
v 0.64000 -0.27879 0.14000
v 0.64000 -0.27586 0.14000
v 0.64000 -0.27880 0.14000
v 0.64000 -0.28169 0.14000
v 0.64000 -0.27885 0.14000
v 0.64000 -0.27813 0.14000
v 0.64000 -0.28243 0.14000
v 0.64000 -0.28283 0.14000
v 0.64000 -0.27950 0.14000
v 0.64000 -0.28122 0.14000
v 0.64000 -0.28476 0.14000
v 0.64000 -0.28240 0.14000
v 0.64000 -0.28005 0.14000
v 0.64000 -0.28334 0.14000
v 0.64000 -0.28442 0.14000
v 0.64000 -0.28037 0.14000
f 1 20 21 2
f 2 21 22 3
f 3 22 23 4
f 4 23 24 5
f 5 24 25 6
f 6 25 26 7
f 7 26 27 8
f 8 27 28 9
f 9 28 29 10
f 10 29 30 11
f 11 30 31 12
f 12 31 32 13
f 13 32 33 14
f 14 33 34 15
f 15 34 35 16
f 16 35 36 17
f 17 36 37 18
f 18 37 38 19
f 20 39 40 21
f 21 40 41 22
f 22 41 42 23
f 23 42 43 24
f 24 43 44 25
f 25 44 45 26
f 26 45 46 27
f 27 46 47 28
f 28 47 48 29
f 29 48 49 30
f 30 49 50 31
f 31 50 51 32
f 32 51 52 33
f 33 52 53 34
f 34 53 54 35
f 35 54 55 36
f 36 55 56 37
f 37 56 57 38
f 39 58 59 40
f 40 59 60 41
f 41 60 61 42
f 42 61 62 43
f 43 62 63 44
f 44 63 64 45
f 45 64 65 46
f 46 65 66 47
f 47 66 67 48
f 48 67 68 49
f 49 68 69 50
f 50 69 70 51
f 51 70 71 52
f 52 71 72 53
f 53 72 73 54
f 54 73 74 55
f 55 74 75 56
f 56 75 76 57
f 58 77 78 59
f 59 78 79 60
f 60 79 80 61
f 61 80 81 62
f 62 81 82 63
f 63 82 83 64
f 64 83 84 65
f 65 84 85 66
f 66 85 86 67
f 67 86 87 68
f 68 87 88 69
f 69 88 89 70
f 70 89 90 71
f 71 90 91 72
f 72 91 92 73
f 73 92 93 74
f 74 93 94 75
f 75 94 95 76
f 77 96 97 78
f 78 97 98 79
f 79 98 99 80
f 80 99 100 81
f 81 100 101 82
f 82 101 102 83
f 83 102 103 84
f 84 103 104 85
f 85 104 105 86
f 86 105 106 87
f 87 106 107 88
f 88 107 108 89
f 89 108 109 90
f 90 109 110 91
f 91 110 111 92
f 92 111 112 93
f 93 112 113 94
f 94 113 114 95
f 96 115 116 97
f 97 116 117 98
f 98 117 118 99
f 99 118 119 100
f 100 119 120 101
f 101 120 121 102
f 102 121 122 103
f 103 122 123 104
f 104 123 124 105
f 105 124 125 106
f 106 125 126 107
f 107 126 127 108
f 108 127 128 109
f 109 128 129 110
f 110 129 130 111
f 111 130 131 112
f 112 131 132 113
f 113 132 133 114
f 115 134 135 116
f 116 135 136 117
f 117 136 137 118
f 118 137 138 119
f 119 138 139 120
f 120 139 140 121
f 121 140 141 122
f 122 141 142 123
f 123 142 143 124
f 124 143 144 125
f 125 144 145 126
f 126 145 146 127
f 127 146 147 128
f 128 147 148 129
f 129 148 149 130
f 130 149 150 131
f 131 150 151 132
f 132 151 152 133
f 134 153 154 135
f 135 154 155 136
f 136 155 156 137
f 137 156 157 138
f 138 157 158 139
f 139 158 159 140
f 140 159 160 141
f 141 160 161 142
f 142 161 162 143
f 143 162 163 144
f 144 163 164 145
f 145 164 165 146
f 146 165 166 147
f 147 166 167 148
f 148 167 168 149
f 149 168 169 150
f 150 169 170 151
f 151 170 171 152
f 153 172 173 154
f 154 173 174 155
f 155 174 175 156
f 156 175 176 157
f 157 176 177 158
f 158 177 178 159
f 159 178 179 160
f 160 179 180 161
f 161 180 181 162
f 162 181 182 163
f 163 182 183 164
f 164 183 184 165
f 165 184 185 166
f 166 185 186 167
f 167 186 187 168
f 168 187 188 169
f 169 188 189 170
f 170 189 190 171
f 172 191 192 173
f 173 192 193 174
f 174 193 194 175
f 175 194 195 176
f 176 195 196 177
f 177 196 197 178
f 178 197 198 179
f 179 198 199 180
f 180 199 200 181
f 181 200 201 182
f 182 201 202 183
f 183 202 203 184
f 184 203 204 185
f 185 204 205 186
f 186 205 206 187
f 187 206 207 188
f 188 207 208 189
f 189 208 209 190
o claw_hand_1_0
g claw_hand_1_0
v 0.58000 -0.83000 0.24000
v 0.58000 -0.48000 0.17000
v 0.59500 -0.48000 0.17000
v 0.59061 -0.48000 0.18061
v 0.58000 -0.48000 0.18500
v 0.56939 -0.48000 0.18061
v 0.56500 -0.48000 0.17000
v 0.56939 -0.48000 0.15939
v 0.58000 -0.48000 0.15500
v 0.59061 -0.48000 0.15939
v 0.59500 -0.48000 0.17000
f 1 3 4
f 2 4 3
f 1 4 5
f 2 5 4
f 1 5 6
f 2 6 5
f 1 6 7
f 2 7 6
f 1 7 8
f 2 8 7
f 1 8 9
f 2 9 8
f 1 9 10
f 2 10 9
f 1 10 11
f 2 11 10
o claw_hand_1_1
g claw_hand_1_1
v 0.63500 -0.83000 0.24000
v 0.62500 -0.48000 0.17000
v 0.64000 -0.48000 0.17000
v 0.63561 -0.48000 0.18061
v 0.62500 -0.48000 0.18500
v 0.61439 -0.48000 0.18061
v 0.61000 -0.48000 0.17000
v 0.61439 -0.48000 0.15939
v 0.62500 -0.48000 0.15500
v 0.63561 -0.48000 0.15939
v 0.64000 -0.48000 0.17000
f 1 3 4
f 2 4 3
f 1 4 5
f 2 5 4
f 1 5 6
f 2 6 5
f 1 6 7
f 2 7 6
f 1 7 8
f 2 8 7
f 1 8 9
f 2 9 8
f 1 9 10
f 2 10 9
f 1 10 11
f 2 11 10
o claw_hand_1_2
g claw_hand_1_2
v 0.69000 -0.83000 0.24000
v 0.67000 -0.48000 0.17000
v 0.68500 -0.48000 0.17000
v 0.68061 -0.48000 0.18061
v 0.67000 -0.48000 0.18500
v 0.65939 -0.48000 0.18061
v 0.65500 -0.48000 0.17000
v 0.65939 -0.48000 0.15939
v 0.67000 -0.48000 0.15500
v 0.68061 -0.48000 0.15939
v 0.68500 -0.48000 0.17000
f 1 3 4
f 2 4 3
f 1 4 5
f 2 5 4
f 1 5 6
f 2 6 5
f 1 6 7
f 2 7 6
f 1 7 8
f 2 8 7
f 1 8 9
f 2 9 8
f 1 9 10
f 2 10 9
f 1 10 11
f 2 11 10
o claw_hand_1_3
g claw_hand_1_3
v 0.74500 -0.83000 0.24000
v 0.71500 -0.48000 0.17000
v 0.73000 -0.48000 0.17000
v 0.72561 -0.48000 0.18061
v 0.71500 -0.48000 0.18500
v 0.70439 -0.48000 0.18061
v 0.70000 -0.48000 0.17000
v 0.70439 -0.48000 0.15939
v 0.71500 -0.48000 0.15500
v 0.72561 -0.48000 0.15939
v 0.73000 -0.48000 0.17000
f 1 3 4
f 2 4 3
f 1 4 5
f 2 5 4
f 1 5 6
f 2 6 5
f 1 6 7
f 2 7 6
f 1 7 8
f 2 8 7
f 1 8 9
f 2 9 8
f 1 9 10
f 2 10 9
f 1 10 11
f 2 11 10
o skin_thigh_1
g skin_thigh_1
v 0.14000 0.37070 -0.07442
v 0.16603 0.37294 -0.07137
v 0.18892 0.37619 -0.05843
v 0.20479 0.37991 -0.03778
v 0.21240 0.38350 -0.01334
v 0.21240 0.38668 0.01206
v 0.20479 0.38921 0.03664
v 0.18892 0.39069 0.05757
v 0.16603 0.39072 0.07092
v 0.14000 0.38930 0.07442
v 0.11486 0.38682 0.06894
v 0.09274 0.38368 0.05644
v 0.07521 0.38009 0.03778
v 0.06505 0.37637 0.01381
v 0.06505 0.37309 -0.01249
v 0.07521 0.37079 -0.03664
v 0.09274 0.36967 -0.05561
v 0.11486 0.36964 -0.06850
v 0.14000 0.37070 -0.07442
v 0.14571 0.29093 -0.06253
v 0.17053 0.29327 -0.05805
v 0.19148 0.29644 -0.04466
v 0.20648 0.29991 -0.02543
v 0.21514 0.30336 -0.00279
v 0.21650 0.30653 0.02179
v 0.20885 0.30897 0.04571
v 0.19236 0.31019 0.06489
v 0.17007 0.31003 0.07634
v 0.14571 0.30872 0.07979
v 0.12160 0.30654 0.07611
v 0.09952 0.30360 0.06518
v 0.08257 0.30009 0.04682
v 0.07425 0.29654 0.02316
v 0.07560 0.29353 -0.00168
v 0.08495 0.29136 -0.02436
v 0.10040 0.29010 -0.04333
v 0.12113 0.28987 -0.05697
v 0.14571 0.29093 -0.06253
v 0.15143 0.21142 -0.04863
v 0.17456 0.21372 -0.04342
v 0.19443 0.21665 -0.03135
v 0.20990 0.21991 -0.01410
v 0.21927 0.22328 0.00750
v 0.21999 0.22633 0.03142
v 0.21118 0.22849 0.05379
v 0.19490 0.22950 0.07115
v 0.17431 0.22943 0.08233
v 0.15143 0.22840 0.08717
v 0.12787 0.22639 0.08460
v 0.10668 0.22348 0.07345
v 0.09168 0.22009 0.05484
v 0.08483 0.21678 0.03227
v 0.08555 0.21392 0.00902
v 0.09295 0.21169 -0.01307
v 0.10715 0.21032 -0.03210
v 0.12762 0.21019 -0.04487
v 0.15143 0.21142 -0.04863
v 0.15714 0.13203 -0.03379
v 0.17893 0.13409 -0.02974
v 0.19864 0.13677 -0.01956
v 0.21416 0.13992 -0.00325
v 0.22239 0.14316 0.01798
v 0.22155 0.14594 0.04073
v 0.21268 0.14789 0.06141
v 0.19809 0.14895 0.07818
v 0.17922 0.14910 0.09015
v 0.15714 0.14819 0.09549
v 0.13448 0.14615 0.09213
v 0.11510 0.14327 0.08021
v 0.10161 0.14008 0.06238
v 0.09441 0.13696 0.04156
v 0.09357 0.13413 0.01941
v 0.10013 0.13190 -0.00224
v 0.11455 0.13069 -0.02011
v 0.13477 0.13078 -0.03094
v 0.15714 0.13203 -0.03379
v 0.16286 0.05247 -0.02026
v 0.18392 0.05429 -0.01776
v 0.20317 0.05686 -0.00814
v 0.21726 0.05992 0.00827
v 0.22374 0.06295 0.02879
v 0.22263 0.06551 0.04996
v 0.21532 0.06746 0.06967
v 0.20244 0.06865 0.08658
v 0.18430 0.06884 0.09843
v 0.16286 0.06781 0.10250
v 0.14171 0.06574 0.09797
v 0.12384 0.06304 0.08660
v 0.11039 0.06008 0.07059
v 0.10221 0.05706 0.05117
v 0.10110 0.05430 0.02971
v 0.10845 0.05227 0.00923
v 0.12312 0.05132 -0.00676
v 0.14210 0.05145 -0.01655
v 0.16286 0.05247 -0.02026
v 0.16857 -0.02729 -0.00829
v 0.18893 -0.02552 -0.00581
v 0.20672 -0.02297 0.00444
v 0.21902 -0.02007 0.02058
v 0.22504 -0.01727 0.03960
v 0.22521 -0.01478 0.05944
v 0.21932 -0.01279 0.07870
v 0.20682 -0.01164 0.09501
v 0.18887 -0.01164 0.10529
v 0.16857 -0.01276 0.10795
v 0.14896 -0.01468 0.10377
v 0.13161 -0.01712 0.09415
v 0.11783 -0.01993 0.07959
v 0.10996 -0.02284 0.06080
v 0.11013 -0.02539 0.04026
v 0.11812 -0.02717 0.02147
v 0.13171 -0.02805 0.00663
v 0.14890 -0.02810 -0.00358
v 0.16857 -0.02729 -0.00829
v 0.17429 -0.10699 0.00405
v 0.19338 -0.10518 0.00765
v 0.20947 -0.10274 0.01798
v 0.22110 -0.10007 0.03270
v 0.22793 -0.09740 0.05012
v 0.22900 -0.09495 0.06912
v 0.22299 -0.09308 0.08754
v 0.21017 -0.09216 0.10223
v 0.19301 -0.09229 0.11100
v 0.17429 -0.09328 0.11377
v 0.15566 -0.09495 0.11108
v 0.13857 -0.09722 0.10265
v 0.12558 -0.09993 0.08840
v 0.11931 -0.10266 0.07013
v 0.12038 -0.10497 0.05102
v 0.12747 -0.10665 0.03353
v 0.13927 -0.10765 0.01880
v 0.15528 -0.10783 0.00823
v 0.17429 -0.10699 0.00405
v 0.18000 -0.18650 0.01798
v 0.19753 -0.18476 0.02192
v 0.21268 -0.18254 0.03097
v 0.22455 -0.18007 0.04402
v 0.23168 -0.17750 0.06048
v 0.23210 -0.17519 0.07868
v 0.22529 -0.17356 0.09561
v 0.21295 -0.17280 0.10878
v 0.19739 -0.17284 0.11737
v 0.18000 -0.17360 0.12117
v 0.16205 -0.17513 0.11921
v 0.14600 -0.17735 0.11061
v 0.13471 -0.17993 0.09641
v 0.12951 -0.18244 0.07930
v 0.12993 -0.18462 0.06166
v 0.13545 -0.18633 0.04481
v 0.14627 -0.18737 0.03031
v 0.16191 -0.18745 0.02071
v 0.18000 -0.18650 0.01798
f 1 20 21 2
f 2 21 22 3
f 3 22 23 4
f 4 23 24 5
f 5 24 25 6
f 6 25 26 7
f 7 26 27 8
f 8 27 28 9
f 9 28 29 10
f 10 29 30 11
f 11 30 31 12
f 12 31 32 13
f 13 32 33 14
f 14 33 34 15
f 15 34 35 16
f 16 35 36 17
f 17 36 37 18
f 18 37 38 19
f 20 39 40 21
f 21 40 41 22
f 22 41 42 23
f 23 42 43 24
f 24 43 44 25
f 25 44 45 26
f 26 45 46 27
f 27 46 47 28
f 28 47 48 29
f 29 48 49 30
f 30 49 50 31
f 31 50 51 32
f 32 51 52 33
f 33 52 53 34
f 34 53 54 35
f 35 54 55 36
f 36 55 56 37
f 37 56 57 38
f 39 58 59 40
f 40 59 60 41
f 41 60 61 42
f 42 61 62 43
f 43 62 63 44
f 44 63 64 45
f 45 64 65 46
f 46 65 66 47
f 47 66 67 48
f 48 67 68 49
f 49 68 69 50
f 50 69 70 51
f 51 70 71 52
f 52 71 72 53
f 53 72 73 54
f 54 73 74 55
f 55 74 75 56
f 56 75 76 57
f 58 77 78 59
f 59 78 79 60
f 60 79 80 61
f 61 80 81 62
f 62 81 82 63
f 63 82 83 64
f 64 83 84 65
f 65 84 85 66
f 66 85 86 67
f 67 86 87 68
f 68 87 88 69
f 69 88 89 70
f 70 89 90 71
f 71 90 91 72
f 72 91 92 73
f 73 92 93 74
f 74 93 94 75
f 75 94 95 76
f 77 96 97 78
f 78 97 98 79
f 79 98 99 80
f 80 99 100 81
f 81 100 101 82
f 82 101 102 83
f 83 102 103 84
f 84 103 104 85
f 85 104 105 86
f 86 105 106 87
f 87 106 107 88
f 88 107 108 89
f 89 108 109 90
f 90 109 110 91
f 91 110 111 92
f 92 111 112 93
f 93 112 113 94
f 94 113 114 95
f 96 115 116 97
f 97 116 117 98
f 98 117 118 99
f 99 118 119 100
f 100 119 120 101
f 101 120 121 102
f 102 121 122 103
f 103 122 123 104
f 104 123 124 105
f 105 124 125 106
f 106 125 126 107
f 107 126 127 108
f 108 127 128 109
f 109 128 129 110
f 110 129 130 111
f 111 130 131 112
f 112 131 132 113
f 113 132 133 114
f 115 134 135 116
f 116 135 136 117
f 117 136 137 118
f 118 137 138 119
f 119 138 139 120
f 120 139 140 121
f 121 140 141 122
f 122 141 142 123
f 123 142 143 124
f 124 143 144 125
f 125 144 145 126
f 126 145 146 127
f 127 146 147 128
f 128 147 148 129
f 129 148 149 130
f 130 149 150 131
f 131 150 151 132
f 132 151 152 133
o skin_shin_digitigrade_1
g skin_shin_digitigrade_1
v 0.18000 -0.19494 0.02019
v 0.19808 -0.19373 0.02222
v 0.21399 -0.19061 0.03087
v 0.22501 -0.18609 0.04468
v 0.23030 -0.18101 0.06104
v 0.23030 -0.17591 0.07804
v 0.22501 -0.17115 0.09449
v 0.21399 -0.16732 0.10850
v 0.19808 -0.16516 0.11745
v 0.18000 -0.16506 0.11981
v 0.16253 -0.16674 0.11615
v 0.14717 -0.16976 0.10779
v 0.13499 -0.17391 0.09532
v 0.12793 -0.17895 0.07928
v 0.12793 -0.18423 0.06168
v 0.13499 -0.18885 0.04551
v 0.14717 -0.19225 0.03281
v 0.16253 -0.19433 0.02417
v 0.18000 -0.19494 0.02019
v 0.18286 -0.28023 0.04732
v 0.20005 -0.27877 0.05029
v 0.21455 -0.27561 0.05922
v 0.22494 -0.27141 0.07204
v 0.23094 -0.26668 0.08715
v 0.23188 -0.26173 0.10355
v 0.22659 -0.25712 0.11951
v 0.21517 -0.25366 0.13232
v 0.19972 -0.25188 0.13997
v 0.18286 -0.25174 0.14228
v 0.16616 -0.25303 0.13984
v 0.15086 -0.25573 0.13255
v 0.13913 -0.25979 0.12031
v 0.13336 -0.26472 0.10453
v 0.13429 -0.26966 0.08795
v 0.14077 -0.27399 0.07282
v 0.15147 -0.27743 0.06016
v 0.16583 -0.27968 0.05104
v 0.18286 -0.28023 0.04732
v 0.18571 -0.36512 0.07579
v 0.20168 -0.36355 0.07924
v 0.21540 -0.36069 0.08726
v 0.22608 -0.35689 0.09872
v 0.23254 -0.35237 0.11309
v 0.23304 -0.34758 0.12899
v 0.22696 -0.34332 0.14387
v 0.21572 -0.34023 0.15543
v 0.20151 -0.33847 0.16287
v 0.18571 -0.33803 0.16610
v 0.16945 -0.33908 0.16440
v 0.15482 -0.34179 0.15699
v 0.14447 -0.34584 0.14463
v 0.13974 -0.35050 0.12962
v 0.14024 -0.35512 0.11416
v 0.14535 -0.35936 0.09947
v 0.15515 -0.36284 0.08680
v 0.16928 -0.36492 0.07830
v 0.18571 -0.36512 0.07579
v 0.18857 -0.44982 0.10488
v 0.20356 -0.44852 0.10755
v 0.21711 -0.44605 0.11429
v 0.22778 -0.44245 0.12509
v 0.23345 -0.43805 0.13915
v 0.23287 -0.43354 0.15422
v 0.22677 -0.42963 0.16793
v 0.21673 -0.42663 0.17905
v 0.20376 -0.42468 0.18699
v 0.18857 -0.42413 0.19053
v 0.17299 -0.42531 0.18832
v 0.15966 -0.42812 0.18043
v 0.15038 -0.43197 0.16863
v 0.14542 -0.43628 0.15483
v 0.14485 -0.44070 0.14016
v 0.14936 -0.44485 0.12581
v 0.15928 -0.44807 0.11396
v 0.17319 -0.44977 0.10678
v 0.18857 -0.44982 0.10488
v 0.19143 -0.53479 0.13309
v 0.20586 -0.53381 0.13474
v 0.21904 -0.53147 0.14107
v 0.22870 -0.52790 0.15190
v 0.23313 -0.52370 0.16543
v 0.23237 -0.51953 0.17940
v 0.22737 -0.51579 0.19241
v 0.21854 -0.51274 0.20358
v 0.20612 -0.51080 0.21140
v 0.19143 -0.51049 0.21410
v 0.17695 -0.51186 0.21112
v 0.16470 -0.51452 0.20362
v 0.15549 -0.51799 0.19307
v 0.14988 -0.52202 0.18026
v 0.14913 -0.52630 0.16610
v 0.15416 -0.53018 0.15258
v 0.16421 -0.53301 0.14202
v 0.17721 -0.53452 0.13555
v 0.19143 -0.53479 0.13309
v 0.19429 -0.62006 0.16028
v 0.20816 -0.61911 0.16190
v 0.22029 -0.61669 0.16863
v 0.22869 -0.61323 0.17922
v 0.23279 -0.60935 0.19171
v 0.23290 -0.60543 0.20474
v 0.22889 -0.60177 0.21740
v 0.22037 -0.59884 0.22812
v 0.20812 -0.59722 0.23488
v 0.19429 -0.59715 0.23664
v 0.18091 -0.59842 0.23390
v 0.16908 -0.60071 0.22759
v 0.15969 -0.60389 0.21803
v 0.15432 -0.60777 0.20569
v 0.15444 -0.61181 0.19220
v 0.15989 -0.61533 0.17985
v 0.16916 -0.61795 0.17010
v 0.18087 -0.61957 0.16338
v 0.19429 -0.62006 0.16028
v 0.19714 -0.70525 0.18773
v 0.21010 -0.70412 0.19006
v 0.22101 -0.70173 0.19681
v 0.22890 -0.69859 0.20642
v 0.23353 -0.69502 0.21780
v 0.23426 -0.69127 0.23022
v 0.23018 -0.68779 0.24226
v 0.22149 -0.68520 0.25186
v 0.20984 -0.68387 0.25760
v 0.19714 -0.68374 0.25943
v 0.18451 -0.68469 0.25767
v 0.17292 -0.68673 0.25218
v 0.16410 -0.68981 0.24287
v 0.15985 -0.69354 0.23093
v 0.16058 -0.69726 0.21844
v 0.16539 -0.70053 0.20701
v 0.17339 -0.70315 0.19738
v 0.18425 -0.70486 0.19046
v 0.19714 -0.70525 0.18773
v 0.20000 -0.79014 0.21620
v 0.21183 -0.78898 0.21876
v 0.22204 -0.78688 0.22463
v 0.23005 -0.78407 0.23310
v 0.23485 -0.78070 0.24379
v 0.23514 -0.77714 0.25561
v 0.23055 -0.77400 0.26662
v 0.22222 -0.77171 0.27518
v 0.21173 -0.77038 0.28077
v 0.20000 -0.77003 0.28325
v 0.18790 -0.77081 0.28198
v 0.17707 -0.77284 0.27640
v 0.16945 -0.77586 0.26718
v 0.16595 -0.77932 0.25607
v 0.16623 -0.78274 0.24460
v 0.16995 -0.78591 0.23365
v 0.17725 -0.78849 0.22423
v 0.18780 -0.79001 0.21798
v 0.20000 -0.79014 0.21620
f 1 20 21 2
f 2 21 22 3
f 3 22 23 4
f 4 23 24 5
f 5 24 25 6
f 6 25 26 7
f 7 26 27 8
f 8 27 28 9
f 9 28 29 10
f 10 29 30 11
f 11 30 31 12
f 12 31 32 13
f 13 32 33 14
f 14 33 34 15
f 15 34 35 16
f 16 35 36 17
f 17 36 37 18
f 18 37 38 19
f 20 39 40 21
f 21 40 41 22
f 22 41 42 23
f 23 42 43 24
f 24 43 44 25
f 25 44 45 26
f 26 45 46 27
f 27 46 47 28
f 28 47 48 29
f 29 48 49 30
f 30 49 50 31
f 31 50 51 32
f 32 51 52 33
f 33 52 53 34
f 34 53 54 35
f 35 54 55 36
f 36 55 56 37
f 37 56 57 38
f 39 58 59 40
f 40 59 60 41
f 41 60 61 42
f 42 61 62 43
f 43 62 63 44
f 44 63 64 45
f 45 64 65 46
f 46 65 66 47
f 47 66 67 48
f 48 67 68 49
f 49 68 69 50
f 50 69 70 51
f 51 70 71 52
f 52 71 72 53
f 53 72 73 54
f 54 73 74 55
f 55 74 75 56
f 56 75 76 57
f 58 77 78 59
f 59 78 79 60
f 60 79 80 61
f 61 80 81 62
f 62 81 82 63
f 63 82 83 64
f 64 83 84 65
f 65 84 85 66
f 66 85 86 67
f 67 86 87 68
f 68 87 88 69
f 69 88 89 70
f 70 89 90 71
f 71 90 91 72
f 72 91 92 73
f 73 92 93 74
f 74 93 94 75
f 75 94 95 76
f 77 96 97 78
f 78 97 98 79
f 79 98 99 80
f 80 99 100 81
f 81 100 101 82
f 82 101 102 83
f 83 102 103 84
f 84 103 104 85
f 85 104 105 86
f 86 105 106 87
f 87 106 107 88
f 88 107 108 89
f 89 108 109 90
f 90 109 110 91
f 91 110 111 92
f 92 111 112 93
f 93 112 113 94
f 94 113 114 95
f 96 115 116 97
f 97 116 117 98
f 98 117 118 99
f 99 118 119 100
f 100 119 120 101
f 101 120 121 102
f 102 121 122 103
f 103 122 123 104
f 104 123 124 105
f 105 124 125 106
f 106 125 126 107
f 107 126 127 108
f 108 127 128 109
f 109 128 129 110
f 110 129 130 111
f 111 130 131 112
f 112 131 132 113
f 113 132 133 114
f 115 134 135 116
f 116 135 136 117
f 117 136 137 118
f 118 137 138 119
f 119 138 139 120
f 120 139 140 121
f 121 140 141 122
f 122 141 142 123
f 123 142 143 124
f 124 143 144 125
f 125 144 145 126
f 126 145 146 127
f 127 146 147 128
f 128 147 148 129
f 129 148 149 130
f 130 149 150 131
f 131 150 151 132
f 132 151 152 133
o skin_foot_long_1
g skin_foot_long_1
v 0.20000 -0.89900 0.42000
v 0.20000 -0.90001 0.42000
v 0.20000 -0.89874 0.42000
v 0.20000 -0.89833 0.42000
v 0.20000 -0.89998 0.42000
v 0.20000 -0.90015 0.42000
v 0.20000 -0.89883 0.42000
v 0.20000 -0.89956 0.42000
v 0.20000 -0.90109 0.42000
v 0.20000 -0.90031 0.42000
v 0.20000 -0.89952 0.42000
v 0.20000 -0.90102 0.42000
v 0.20000 -0.90168 0.42000
v 0.20000 -0.90027 0.42000
v 0.20000 -0.90034 0.42000
v 0.20000 -0.90187 0.42000
v 0.20000 -0.90132 0.42000
v 0.20000 -0.89992 0.42000
v 0.20000 -0.90080 0.42000
v 0.23181 -0.89840 0.42000
v 0.22982 -0.89831 0.44985
v 0.22335 -0.89679 0.47387
v 0.21538 -0.89712 0.49324
v 0.20549 -0.89817 0.50564
v 0.19467 -0.89707 0.50317
v 0.18510 -0.89597 0.49097
v 0.17651 -0.89701 0.47419
v 0.17096 -0.89731 0.44907
v 0.17038 -0.89576 0.42000
v 0.17227 -0.89563 0.39224
v 0.17657 -0.89692 0.36594
v 0.18494 -0.89637 0.34824
v 0.19495 -0.89512 0.34120
v 0.20519 -0.89605 0.33912
v 0.21533 -0.89701 0.34697
v 0.22277 -0.89588 0.36746
v 0.22766 -0.89553 0.39232
v 0.23071 -0.89708 0.42000
v 0.25696 -0.88848 0.42000
v 0.25243 -0.88790 0.47248
v 0.24188 -0.88734 0.51664
v 0.22842 -0.88842 0.55536
v 0.21005 -0.88893 0.57672
v 0.19027 -0.88801 0.57173
v 0.17185 -0.88815 0.55411
v 0.15504 -0.88935 0.52374
v 0.14536 -0.88908 0.47469
v 0.14356 -0.88822 0.42000
v 0.14555 -0.88897 0.36550
v 0.15452 -0.88969 0.31505
v 0.17126 -0.88874 0.28312
v 0.19016 -0.88833 0.26654
v 0.21019 -0.88933 0.26113
v 0.22923 -0.88923 0.28076
v 0.24298 -0.88805 0.32083
v 0.25317 -0.88829 0.36678
v 0.25817 -0.88908 0.42000
v 0.27621 -0.87578 0.42000
v 0.26864 -0.87513 0.48871
v 0.25568 -0.87505 0.54847
v 0.23754 -0.87555 0.59881
v 0.21280 -0.87527 0.61969
v 0.18768 -0.87470 0.61218
v 0.16374 -0.87502 0.59269
v 0.14324 -0.87535 0.55099
v 0.13282 -0.87481 0.48724
v 0.12953 -0.87460 0.42000
v 0.13114 -0.87518 0.35108
v 0.14381 -0.87519 0.29034
v 0.16463 -0.87465 0.25154
v 0.18750 -0.87490 0.22512
v 0.21297 -0.87547 0.21770
v 0.23660 -0.87516 0.24565
v 0.25498 -0.87486 0.29313
v 0.27012 -0.87545 0.34982
v 0.27595 -0.87573 0.42000
v 0.28067 -0.86000 0.42000
v 0.27371 -0.86000 0.49378
v 0.26192 -0.86000 0.56288
v 0.24157 -0.86000 0.61802
v 0.21403 -0.86000 0.63880
v 0.18611 -0.86000 0.63669
v 0.15840 -0.86000 0.61815
v 0.13622 -0.86000 0.56718
v 0.12459 -0.86000 0.49548
v 0.11877 -0.86000 0.42000
v 0.12135 -0.86000 0.34128
v 0.13760 -0.86000 0.27600
v 0.16040 -0.86000 0.23139
v 0.18585 -0.86000 0.19928
v 0.21426 -0.86000 0.19759
v 0.23934 -0.86000 0.23260
v 0.25998 -0.86000 0.28160
v 0.27603 -0.86000 0.34390
v 0.27948 -0.86000 0.42000
v 0.27256 -0.84497 0.42000
v 0.26697 -0.84524 0.48703
v 0.25651 -0.84472 0.55040
v 0.23675 -0.84478 0.59506
v 0.21225 -0.84539 0.61109
v 0.18759 -0.84520 0.61353
v 0.16305 -0.84470 0.59598
v 0.14475 -0.84506 0.54749
v 0.13378 -0.84540 0.48628
v 0.12684 -0.84485 0.42000
v 0.13010 -0.84459 0.35004
v 0.14490 -0.84510 0.29286
v 0.16384 -0.84502 0.24777
v 0.18689 -0.84437 0.21557
v 0.21300 -0.84449 0.21722
v 0.23640 -0.84492 0.24660
v 0.25744 -0.84447 0.28745
v 0.27243 -0.84404 0.34750
v 0.27485 -0.84450 0.42000
v 0.25634 -0.83183 0.42000
v 0.25383 -0.83136 0.47388
v 0.24541 -0.83036 0.52480
v 0.22897 -0.83103 0.55801
v 0.20983 -0.83170 0.57326
v 0.18985 -0.83078 0.57825
v 0.17048 -0.83048 0.56062
v 0.15653 -0.83163 0.52030
v 0.14685 -0.83172 0.47319
v 0.14156 -0.83078 0.42000
v 0.14607 -0.83130 0.36602
v 0.15768 -0.83238 0.32236
v 0.17182 -0.83182 0.28579
v 0.19003 -0.83128 0.26443
v 0.20960 -0.83235 0.27026
v 0.22717 -0.83283 0.29058
v 0.24313 -0.83185 0.32049
v 0.25275 -0.83193 0.36720
v 0.25394 -0.83303 0.42000
v 0.22916 -0.82481 0.42000
v 0.22832 -0.82363 0.44834
v 0.22337 -0.82317 0.47393
v 0.21469 -0.82455 0.48995
v 0.20511 -0.82446 0.49973
v 0.19467 -0.82297 0.50308
v 0.18481 -0.82334 0.49233
v 0.17740 -0.82439 0.47214
v 0.17142 -0.82329 0.44860
v 0.16869 -0.82220 0.42000
v 0.17139 -0.82325 0.39136
v 0.17685 -0.82353 0.36659
v 0.18424 -0.82195 0.34494
v 0.19451 -0.82182 0.33434
v 0.20531 -0.82309 0.33718
v 0.21554 -0.82249 0.34600
v 0.22461 -0.82122 0.36322
v 0.22948 -0.82213 0.39050
v 0.23061 -0.82306 0.42000
v 0.20000 -0.81963 0.42000
v 0.20000 -0.81815 0.42000
v 0.20000 -0.81876 0.42000
v 0.20000 -0.82018 0.42000
v 0.20000 -0.81932 0.42000
v 0.20000 -0.81852 0.42000
v 0.20000 -0.82005 0.42000
v 0.20000 -0.82076 0.42000
v 0.20000 -0.81945 0.42000
v 0.20000 -0.81968 0.42000
v 0.20000 -0.82138 0.42000
v 0.20000 -0.82100 0.42000
v 0.20000 -0.81983 0.42000
v 0.20000 -0.82093 0.42000
v 0.20000 -0.82196 0.42000
v 0.20000 -0.82064 0.42000
v 0.20000 -0.82012 0.42000
v 0.20000 -0.82156 0.42000
v 0.20000 -0.82143 0.42000
f 1 20 21 2
f 2 21 22 3
f 3 22 23 4
f 4 23 24 5
f 5 24 25 6
f 6 25 26 7
f 7 26 27 8
f 8 27 28 9
f 9 28 29 10
f 10 29 30 11
f 11 30 31 12
f 12 31 32 13
f 13 32 33 14
f 14 33 34 15
f 15 34 35 16
f 16 35 36 17
f 17 36 37 18
f 18 37 38 19
f 20 39 40 21
f 21 40 41 22
f 22 41 42 23
f 23 42 43 24
f 24 43 44 25
f 25 44 45 26
f 26 45 46 27
f 27 46 47 28
f 28 47 48 29
f 29 48 49 30
f 30 49 50 31
f 31 50 51 32
f 32 51 52 33
f 33 52 53 34
f 34 53 54 35
f 35 54 55 36
f 36 55 56 37
f 37 56 57 38
f 39 58 59 40
f 40 59 60 41
f 41 60 61 42
f 42 61 62 43
f 43 62 63 44
f 44 63 64 45
f 45 64 65 46
f 46 65 66 47
f 47 66 67 48
f 48 67 68 49
f 49 68 69 50
f 50 69 70 51
f 51 70 71 52
f 52 71 72 53
f 53 72 73 54
f 54 73 74 55
f 55 74 75 56
f 56 75 76 57
f 58 77 78 59
f 59 78 79 60
f 60 79 80 61
f 61 80 81 62
f 62 81 82 63
f 63 82 83 64
f 64 83 84 65
f 65 84 85 66
f 66 85 86 67
f 67 86 87 68
f 68 87 88 69
f 69 88 89 70
f 70 89 90 71
f 71 90 91 72
f 72 91 92 73
f 73 92 93 74
f 74 93 94 75
f 75 94 95 76
f 77 96 97 78
f 78 97 98 79
f 79 98 99 80
f 80 99 100 81
f 81 100 101 82
f 82 101 102 83
f 83 102 103 84
f 84 103 104 85
f 85 104 105 86
f 86 105 106 87
f 87 106 107 88
f 88 107 108 89
f 89 108 109 90
f 90 109 110 91
f 91 110 111 92
f 92 111 112 93
f 93 112 113 94
f 94 113 114 95
f 96 115 116 97
f 97 116 117 98
f 98 117 118 99
f 99 118 119 100
f 100 119 120 101
f 101 120 121 102
f 102 121 122 103
f 103 122 123 104
f 104 123 124 105
f 105 124 125 106
f 106 125 126 107
f 107 126 127 108
f 108 127 128 109
f 109 128 129 110
f 110 129 130 111
f 111 130 131 112
f 112 131 132 113
f 113 132 133 114
f 115 134 135 116
f 116 135 136 117
f 117 136 137 118
f 118 137 138 119
f 119 138 139 120
f 120 139 140 121
f 121 140 141 122
f 122 141 142 123
f 123 142 143 124
f 124 143 144 125
f 125 144 145 126
f 126 145 146 127
f 127 146 147 128
f 128 147 148 129
f 129 148 149 130
f 130 149 150 131
f 131 150 151 132
f 132 151 152 133
f 134 153 154 135
f 135 154 155 136
f 136 155 156 137
f 137 156 157 138
f 138 157 158 139
f 139 158 159 140
f 140 159 160 141
f 141 160 161 142
f 142 161 162 143
f 143 162 163 144
f 144 163 164 145
f 145 164 165 146
f 146 165 166 147
f 147 166 167 148
f 148 167 168 149
f 149 168 169 150
f 150 169 170 151
f 151 170 171 152
o claw_toe_1_0
g claw_toe_1_0
v 0.13000 -0.90000 0.82000
v 0.14000 -0.88000 0.58000
v 0.15200 -0.88000 0.58000
v 0.14849 -0.88000 0.58849
v 0.14000 -0.88000 0.59200
v 0.13151 -0.88000 0.58849
v 0.12800 -0.88000 0.58000
v 0.13151 -0.88000 0.57151
v 0.14000 -0.88000 0.56800
v 0.14849 -0.88000 0.57151
v 0.15200 -0.88000 0.58000
f 1 3 4
f 2 4 3
f 1 4 5
f 2 5 4
f 1 5 6
f 2 6 5
f 1 6 7
f 2 7 6
f 1 7 8
f 2 8 7
f 1 8 9
f 2 9 8
f 1 9 10
f 2 10 9
f 1 10 11
f 2 11 10
o claw_toe_1_1
g claw_toe_1_1
v 0.19500 -0.90000 0.82000
v 0.19000 -0.88000 0.58000
v 0.20200 -0.88000 0.58000
v 0.19849 -0.88000 0.58849
v 0.19000 -0.88000 0.59200
v 0.18151 -0.88000 0.58849
v 0.17800 -0.88000 0.58000
v 0.18151 -0.88000 0.57151
v 0.19000 -0.88000 0.56800
v 0.19849 -0.88000 0.57151
v 0.20200 -0.88000 0.58000
f 1 3 4
f 2 4 3
f 1 4 5
f 2 5 4
f 1 5 6
f 2 6 5
f 1 6 7
f 2 7 6
f 1 7 8
f 2 8 7
f 1 8 9
f 2 9 8
f 1 9 10
f 2 10 9
f 1 10 11
f 2 11 10
o claw_toe_1_2
g claw_toe_1_2
v 0.26000 -0.90000 0.82000
v 0.24000 -0.88000 0.58000
v 0.25200 -0.88000 0.58000
v 0.24849 -0.88000 0.58849
v 0.24000 -0.88000 0.59200
v 0.23151 -0.88000 0.58849
v 0.22800 -0.88000 0.58000
v 0.23151 -0.88000 0.57151
v 0.24000 -0.88000 0.56800
v 0.24849 -0.88000 0.57151
v 0.25200 -0.88000 0.58000
f 1 3 4
f 2 4 3
f 1 4 5
f 2 5 4
f 1 5 6
f 2 6 5
f 1 6 7
f 2 7 6
f 1 7 8
f 2 8 7
f 1 8 9
f 2 9 8
f 1 9 10
f 2 10 9
f 1 10 11
f 2 11 10
o tendon_back_arm_1
g tendon_back_arm_1
v 0.12000 1.91920 -0.29197
v 0.12835 1.92151 -0.28872
v 0.13141 1.92284 -0.28019
v 0.12835 1.92265 -0.27155
v 0.12000 1.92080 -0.26803
v 0.11188 1.91854 -0.27152
v 0.10812 1.91704 -0.27980
v 0.11188 1.91742 -0.28821
v 0.12000 1.91920 -0.29197
v 0.16286 1.74780 -0.28019
v 0.17062 1.74997 -0.27669
v 0.17388 1.75132 -0.26875
v 0.17084 1.75110 -0.26050
v 0.16286 1.74932 -0.25739
v 0.15494 1.74714 -0.26030
v 0.15171 1.74580 -0.26839
v 0.15515 1.74613 -0.27637
v 0.16286 1.74780 -0.28019
v 0.20571 1.57641 -0.26809
v 0.21302 1.57846 -0.26477
v 0.21643 1.57981 -0.25732
v 0.21313 1.57950 -0.24964
v 0.20571 1.57786 -0.24643
v 0.19812 1.57577 -0.24921
v 0.19536 1.57457 -0.25697
v 0.19823 1.57477 -0.26471
v 0.20571 1.57641 -0.26809
v 0.24857 1.40504 -0.25584
v 0.25562 1.40699 -0.25308
v 0.25870 1.40824 -0.24588
v 0.25549 1.40791 -0.23872
v 0.24857 1.40641 -0.23532
v 0.24150 1.40444 -0.23833
v 0.23874 1.40327 -0.24555
v 0.24137 1.40343 -0.25300
v 0.24857 1.40504 -0.25584
v 0.29143 1.23365 -0.24380
v 0.29822 1.23551 -0.24138
v 0.30078 1.23661 -0.23444
v 0.29805 1.23639 -0.22759
v 0.29143 1.23494 -0.22442
v 0.28489 1.23311 -0.22745
v 0.28192 1.23192 -0.23413
v 0.28472 1.23216 -0.24108
v 0.29143 1.23365 -0.24380
v 0.33429 1.06225 -0.23201
v 0.34063 1.06400 -0.22949
v 0.34298 1.06502 -0.22300
v 0.34066 1.06488 -0.21641
v 0.33429 1.06346 -0.21376
v 0.32809 1.06174 -0.21638
v 0.32524 1.06061 -0.22271
v 0.32811 1.06090 -0.22910
v 0.33429 1.06225 -0.23201
v 0.37714 0.89085 -0.22015
v 0.38295 0.89248 -0.21750
v 0.38544 0.89349 -0.21157
v 0.38312 0.89333 -0.20538
v 0.37714 0.89199 -0.20305
v 0.37119 0.89036 -0.20521
v 0.36880 0.88935 -0.21129
v 0.37136 0.88959 -0.21728
v 0.37714 0.89085 -0.22015
v 0.42000 0.71946 -0.20805
v 0.42539 0.72097 -0.20563
v 0.42790 0.72197 -0.20013
v 0.42545 0.72173 -0.19449
v 0.42000 0.72053 -0.19208
v 0.41441 0.71899 -0.19416
v 0.41238 0.71810 -0.19987
v 0.41447 0.71825 -0.20559
v 0.42000 0.71946 -0.20805
f 1 10 11 2
f 2 11 12 3
f 3 12 13 4
f 4 13 14 5
f 5 14 15 6
f 6 15 16 7
f 7 16 17 8
f 8 17 18 9
f 10 19 20 11
f 11 20 21 12
f 12 21 22 13
f 13 22 23 14
f 14 23 24 15
f 15 24 25 16
f 16 25 26 17
f 17 26 27 18
f 19 28 29 20
f 20 29 30 21
f 21 30 31 22
f 22 31 32 23
f 23 32 33 24
f 24 33 34 25
f 25 34 35 26
f 26 35 36 27
f 28 37 38 29
f 29 38 39 30
f 30 39 40 31
f 31 40 41 32
f 32 41 42 33
f 33 42 43 34
f 34 43 44 35
f 35 44 45 36
f 37 46 47 38
f 38 47 48 39
f 39 48 49 40
f 40 49 50 41
f 41 50 51 42
f 42 51 52 43
f 43 52 53 44
f 44 53 54 45
f 46 55 56 47
f 47 56 57 48
f 48 57 58 49
f 49 58 59 50
f 50 59 60 51
f 51 60 61 52
f 52 61 62 53
f 53 62 63 54
f 55 64 65 56
f 56 65 66 57
f 57 66 67 58
f 58 67 68 59
f 59 68 69 60
f 60 69 70 61
f 61 70 71 62
f 62 71 72 63
